model,horizon,origin,target,p,d,q,P,D,Q,seasonal_period,training_start,training_end,n_train,target_pmi_lag2,target_pmi_exog,pmi_beta,pmi_beta_se,pmi_beta_pvalue,cny_training_center,target_cny_regressor,cny_beta,cny_beta_se,cny_beta_pvalue,converged,fit_attempt_count,same_protocol_retry_count,actual,forecast_log_mean,forecast_log_variance,forecast_level_median,forecast,error,absolute_error,squared_error,mase_scale,scaled_absolute_error
SARIMA+CNY+PMI,1,2010Q3,2010Q4,1,1,0,1,0,1,4,2005Q3,2010Q3,21,53.9,3.9,0.00222344860973445,0.0117024476006632,0.849310230999957,0.4035409035408,0,0.0209532155745827,0.324347600241854,0.948491599498844,True,1,0,43525.2,10.6604749403057,0.00312948016447297,42636.882339692,42703.6502020227,821.549797977292,821.549797977292,674944.070556529,4366.75294117647,0.188137457979465
SARIMA+CNY+PMI,1,2010Q4,2011Q1,1,1,0,1,0,1,4,2005Q3,2010Q4,22,52.23,2.23,0.00168240069564778,0.00876924167808558,0.84785776742003,0.4035409035408,-0.0368742368738,0.0310930180330944,0.271603506192357,0.908857741577228,True,1,0,42921.8,10.6804316763518,0.00298056685218921,43496.3226339114,43561.1928080954,-639.392808095407,639.392808095407,408823.163044129,4560.74444444444,0.140194833515451
SARIMA+CNY+PMI,1,2011Q1,2011Q2,1,1,0,1,0,1,4,2005Q3,2011Q1,23,54.6,4.6,0.0018504136761826,0.00821709660156486,0.821830929619596,0.397395197395167,0,0.0321488450724457,0.26680249412023,0.904089619457447,True,1,0,42910.9,10.6823806152304,0.00281654973867112,43581.1769692661,43642.5944817873,-731.694481787272,731.694481787272,535376.814677944,4665.32631578947,0.15683672100511
SARIMA+CNY+PMI,1,2011Q2,2011Q3,1,1,0,1,0,1,4,2005Q3,2011Q2,24,52.83,2.83,0.00178683257748284,0.00768619165535986,0.816170600653254,0.397395197395167,0,0.0321426165657575,0.254628372114877,0.899547137957296,True,1,0,44978.1,10.7166176874145,0.00270474071940233,45099.1053116347,45160.1372645074,-182.037264507417,182.037264507417,33137.5656693432,4762.835,0.0382203591993879
SARIMA+CNY+PMI,1,2011Q3,2011Q4,1,1,0,1,0,1,4,2005Q3,2011Q3,25,51.93,1.93,0.0017725585274081,0.00709835040236876,0.802808415751592,0.397395197395167,0,0.02743958814759,0.241622218465623,0.909583418211084,True,1,0,50415,10.8333043835471,0.00252721809412953,50680.899532982,50744.9808544874,-329.980854487432,329.980854487432,108887.364328256,4851.22380952381,0.0680201259401023
SARIMA+CNY+PMI,1,2011Q4,2012Q1,0,1,1,1,0,1,4,2005Q3,2011Q4,26,50.93,0.93,0.000897898203592434,0.00707137032642332,0.898958959160491,0.397395197395167,-0.155636955637167,0.109231661543331,0.194921958536564,0.575215741887045,True,1,0,49318.8,10.8109583401516,0.00259126349752386,49560.941867438,49625.1962132168,-306.396213216751,306.396213216751,93878.6394735646,4943.88636363636,0.0619747685687881
SARIMA+CNY+PMI,1,2012Q1,2012Q2,0,1,1,1,0,1,4,2005Q3,2012Q1,27,49.9,-0.100000000000001,0.000912547415121705,0.00672863317441615,0.892120497251446,0.375161346589857,0,0.114353445352072,0.188167379254126,0.543371907007614,True,1,0,48902.8,10.8220357727566,0.00248485734806766,50113.001919586,50175.3024440778,-1272.50244407776,1272.50244407776,1619262.47018388,5007.0652173913,0.254141376001637
SARIMA+CNY+PMI,1,2012Q2,2012Q3,1,1,0,1,0,1,4,2005Q3,2012Q2,28,51.53,1.53,0.00169897292934724,0.00616847689500494,0.782987226147491,0.375161346589857,0,0.0412354514647698,0.202478155141077,0.838624025529533,True,1,0,51200.4,10.8555616413613,0.00221400587595573,51821.5643266576,51878.9627148484,-678.562714848442,678.562714848442,460447.357982488,5048.1,0.134419428071639
SARIMA+CNY+PMI,1,2012Q3,2012Q4,1,1,0,1,0,1,4,2005Q3,2012Q3,29,51.3,1.3,0.00177453900401576,0.0059289300526083,0.764709836997529,0.375161346589857,0,0.0328584327719284,0.195891855104909,0.866789702128284,True,1,0,57744.7,10.9620756662493,0.0021241415329804,57645.9727434984,57707.229369633,37.4706303669809,37.4706303669809,1404.04814009891,5095.068,0.00735429446024683
SARIMA+CNY+PMI,1,2012Q4,2013Q1,1,1,0,1,0,1,4,2005Q3,2012Q4,30,49.7,-0.299999999999997,0.00181853302252964,0.00570501879985587,0.749908349049595,0.375161346589857,0.0692830978541428,0.0294840309712468,0.189944228165312,0.87664419668492,True,1,0,55451,10.9466014812608,0.00204539952203874,56760.8145110948,56818.8934761403,-1367.89347614029,1367.89347614029,1871132.56206717,5181.01538461538,0.264020346320944
SARIMA+CNY+PMI,1,2013Q1,2013Q2,1,1,0,1,0,1,4,2005Q3,2013Q1,31,50.47,0.469999999999999,0.00199568255262488,0.00554317969966773,0.718828535082113,0.383821733821625,0,0.0127203299225412,0.182121218506927,0.944316708932653,True,1,0,55313.3,10.9362425585703,0.00197416227184709,56175.8685574197,56231.3460734672,-918.046073467172,918.046073467172,842808.593008493,5216.24444444444,0.175997517609616
SARIMA+CNY+PMI,1,2013Q2,2013Q3,1,1,0,1,0,1,4,2005Q3,2013Q2,32,50.47,0.469999999999999,0.00205457429253255,0.00531307668144484,0.698977265443462,0.383821733821625,0,0.013659791148715,0.180030286065897,0.939518576700394,True,1,0,58052.7,10.9612688907067,0.00190267556143838,57599.4841380207,57654.3067767201,398.393223279869,398.393223279869,158717.160355323,5258.89642857143,0.0757560504738999
SARIMA+CNY+PMI,1,2013Q3,2013Q4,1,1,0,1,0,1,4,2005Q3,2013Q3,33,50.5,0.5,0.00211787476105316,0.0051064384521756,0.678327877223656,0.383821733821625,0,0.00824931276236004,0.176724970268179,0.962769212550568,True,1,0,65563,11.079797594027,0.00184007101769366,64847.7565065193,64907.4461992823,655.553800717658,655.553800717658,429750.785635367,5313.84137931034,0.123367212892369
SARIMA+CNY+PMI,1,2013Q4,2014Q1,1,1,0,1,0,1,4,2005Q3,2013Q4,34,50.8,0.799999999999997,0.00211132373503407,0.0049447683526334,0.669392931102368,0.383821733821625,-0.050488400488625,0.0082510761031303,0.171550508352528,0.961638884584426,True,1,0,62081.2,11.0564050152056,0.00178772323667809,63348.4054661239,63405.0554892218,-1323.85548922185,1323.85548922185,1752593.35634281,5397.32333333333,0.245280004080142
SARIMA+CNY+PMI,1,2014Q1,2014Q2,1,1,0,1,0,1,4,2005Q3,2014Q1,35,51.27,1.27,0.00207053624173199,0.00472535067394072,0.661258553830692,0.378211911545111,0,0.0140960038288579,0.165468218248858,0.932111463262074,True,1,0,62117.5,11.0527414045343,0.00173641705392133,63116.7461856671,63171.5684780466,-1054.06847804663,1054.06847804663,1111060.35641153,5437.0935483871,0.193866165565482
SARIMA+CNY+PMI,1,2014Q2,2014Q3,1,1,0,1,0,1,4,2005Q3,2014Q2,36,50.33,0.329999999999998,0.00205851554850065,0.00457856435059089,0.652999988094368,0.378211911545111,0,0.0134977746198554,0.161996029564972,0.933595795053196,True,1,0,64952.1,11.0777246973196,0.00169018223754157,64713.4730315499,64768.1849278864,183.915072113647,183.915072113647,33824.7537505678,5479.815625,0.033562273751436
SARIMA+CNY+PMI,1,2014Q3,2014Q4,1,1,0,1,0,1,4,2005Q3,2014Q3,37,50.73,0.729999999999997,0.00208023905552094,0.00443717873504896,0.63919815458898,0.378211911545111,0,0.0138446802365292,0.158363762202459,0.930335061883109,True,1,0,73243.3,11.1970417170148,0.00163828507729477,72914.4209745976,72974.1727477672,269.127252232778,269.127252232778,72429.4778943654,5522.83333333333,0.0487299246581365
SARIMA+CNY+PMI,1,2014Q4,2015Q1,1,1,0,1,0,1,4,2005Q3,2014Q4,38,51.3,1.3,0.00209972405371229,0.0043057386048097,0.625792734724792,0.378211911545111,0.166232532898889,0.0145728269211428,0.154726133671128,0.924962477191655,True,1,0,70715.3,11.1556467822491,0.00159102756991056,69957.7510401813,70013.4255374772,701.874462522814,701.874462522814,492627.761141689,5586.28823529412,0.125642364475284
SARIMA+CNY+PMI,1,2015Q1,2015Q2,1,1,0,1,0,1,4,2005Q3,2015Q1,39,50.4,0.399999999999999,0.00208834120805759,0.00416248843116817,0.615875055356783,0.394835164835,0,0.0201670024793681,0.147046567735349,0.890914565958708,True,1,0,70861.8,11.1538737462208,0.00155294561625756,69833.82332375,69888.0684458543,973.731554145736,973.731554145736,948153.13953907,5673.36857142857,0.171631992860381
SARIMA+CNY+PMI,1,2015Q2,2015Q3,1,1,0,1,0,1,4,2005Q3,2015Q2,40,49.93,-0.0700000000000003,0.00207726637614291,0.00405947412831785,0.608855215820135,0.394835164835,0,0.0180925176853694,0.14380608290072,0.899880815381585,True,1,0,74502.8,11.2053566875476,0.00151877728928246,73523.2298426281,73579.0837532165,923.716246783486,923.716246783486,853251.70457177,5758.67222222222,0.160404379887944
SARIMA+CNY+PMI,1,2015Q3,2015Q4,1,1,0,1,0,1,4,2005Q3,2015Q3,41,50.17,0.170000000000002,0.00208715113191578,0.0039700859133144,0.599083191777015,0.394835164835,0,0.0119131965706108,0.139723921866407,0.932052785060737,True,1,0,84850.9,11.3285360396209,0.00148441496816773,83161.1890009883,83222.9347691013,1627.96523089873,1627.96523089873,2650270.79301515,5861.15945945946,0.277754809804964
SARIMA+CNY+PMI,1,2015Q4,2016Q1,1,1,0,1,0,1,4,2005Q3,2015Q4,42,49.83,-0.170000000000002,0.00212447404176241,0.00389337500723926,0.585297017417804,0.394835164835,0.022747252747,0.0117347670357062,0.13817907707864,0.932321540514091,True,1,0,78024.4,11.2975011538256,0.00145352945064739,80619.9288250215,80678.5418418062,-2654.14184180621,2654.14184180621,7044468.91642646,6012.38157894737,0.441446007202838
SARIMA+CNY+PMI,1,2016Q1,2016Q2,1,1,0,1,0,1,4,2005Q3,2016Q1,43,49.7,-0.299999999999997,0.00213080229319474,0.0038626389991348,0.581192166318397,0.396903096902909,0,0.0192202854813603,0.13347247848569,0.885498998981862,True,1,0,78113.9,11.3028409832822,0.00144388843429861,81051.5769337331,81110.1127782561,-2996.21277825609,2996.21277825609,8977291.01258505,6045.63076923077,0.495599697140836
SARIMA+CNY+PMI,1,2016Q2,2016Q3,1,1,0,1,0,1,4,2005Q3,2016Q2,44,49.53,-0.469999999999999,0.00206976532090147,0.0039220431011762,0.597689311737498,0.396903096902909,0,0.018033736959102,0.132209092670309,0.891502582058422,True,1,0,82343.5,11.3151233388106,0.00144903536052888,82053.2198932653,82112.6904429315,230.809557068496,230.809557068496,53273.0516341555,6075.7925,0.03798838704062
SARIMA+CNY+PMI,1,2016Q3,2016Q4,0,1,1,1,0,1,4,2005Q3,2016Q3,45,50.07,0.0700000000000003,0.00130365209852757,0.00413480616183006,0.752543484964658,0.396903096902909,0,0.058621873996769,0.0984678227380719,0.551615949036871,True,1,0,93834.2,11.4458506654489,0.00150054060840521,93512.5251799509,93582.7111766066,251.488823393389,251.488823393389,63246.6282917911,6118.83902439024,0.0411007418876247
SARIMA+CNY+PMI,1,2016Q4,2017Q1,0,1,1,1,0,1,4,2005Q3,2016Q4,46,50.23,0.229999999999997,0.00132974731335315,0.00404915022561878,0.742608051945837,0.396903096902909,-0.0969030969029092,0.0585535648198717,0.096013803987706,0.541964305935338,True,1,0,85823.4,11.3720730800205,0.00146701027670468,86861.7523253846,86925.4892398611,-1102.08923986106,1102.08923986106,1214600.69261753,6187.04047619047,0.178128661692487
SARIMA+CNY+PMI,1,2017Q1,2017Q2,0,1,1,1,0,1,4,2005Q3,2017Q1,47,51.43,1.43,0.00130914515586843,0.00390964839375474,0.73773835845844,0.388827838827667,0,0.0650323491597307,0.0934981388707506,0.4867125731062,True,1,0,86545.3,11.3782629453096,0.00143710297880532,87401.082339111,87463.9070857057,-918.607085705691,918.607085705691,843838.977908703,6224.52790697674,0.147578595426663
SARIMA+CNY+PMI,1,2017Q2,2017Q3,0,1,1,1,0,1,4,2005Q3,2017Q2,48,51.57,1.57,0.0012792860262854,0.00376771039467408,0.734203441200749,0.388827838827667,0,0.0625087641102751,0.0912654406769406,0.493399670258884,True,1,0,90809.7,11.4243564505012,0.00140785300568042,91523.9943757569,91588.4432220081,-778.743222008066,778.743222008066,606441.005823505,6274.68409090909,0.124108753640096
SARIMA+CNY+PMI,1,2017Q3,2017Q4,0,1,1,1,0,1,4,2005Q3,2017Q3,49,51.37,1.37,0.00125236880851868,0.00364685048203058,0.731289236330085,0.388827838827667,0,0.0625068550614267,0.0892615044463449,0.483760792385894,True,1,0,103083.2,11.5455727275065,0.0013798220010726,103318.603153695,103389.908388876,-306.708388876068,306.708388876068,94070.0358069534,6323.38444444444,0.0485038339153226
SARIMA+CNY+PMI,1,2017Q4,2018Q1,0,1,1,1,0,1,4,2005Q3,2017Q4,50,51.83,1.83,0.00125595679110369,0.00357205930412885,0.725133910278768,0.388827838827667,0.122283272283333,0.0625034787314133,0.0874681208535953,0.474865010275819,True,1,0,90275.4,11.4748001474751,0.00135182524676076,96259.2303676026,96324.3151898735,-6048.91518987354,6048.91518987354,36589374.9742829,6386.9847826087,0.947068984154199
SARIMA+CNY+PMI,1,2018Q1,2018Q2,0,1,1,1,0,1,4,2005Q3,2018Q1,51,51.67,1.67,0.00146606193432088,0.00361309453285779,0.684916369504833,0.398234244387923,0,0.0243103544917059,0.0770462116572537,0.752359638130737,True,1,0,89742.5,11.4444403123118,0.00138568042097079,93380.7324556909,93445.4527998602,-3702.95279986018,3702.95279986018,13711859.4379924,6345.81489361702,0.583526759279541
SARIMA+CNY+PMI,1,2018Q2,2018Q3,0,1,1,1,0,1,4,2005Q3,2018Q2,52,51.03,1.03,0.00147337943547577,0.00368375637880342,0.689181133101268,0.398234244387923,0,0.0342533714494196,0.0756494773145752,0.650699540350374,True,1,0,94281.4,11.4729513344805,0.00138817080987144,96081.4294626085,96148.1413296722,-1866.74132967225,1866.74132967225,3484723.19190653,6280.21875,0.29724145033519
SARIMA+CNY+PMI,1,2018Q3,2018Q4,0,1,1,1,0,1,4,2005Q3,2018Q3,53,51.6,1.6,0.00148948698910196,0.00368148689373707,0.685780067239687,0.398234244387923,0,0.0387554831672903,0.0745177607891114,0.603005141256521,True,1,0,106687.6,11.5879296946659,0.00137453372545356,107788.871001616,107862.976182927,-1175.37618292675,1175.37618292675,1381509.17139145,6222.90204081633,0.188879107403169
SARIMA+CNY+PMI,1,2018Q4,2019Q1,0,1,1,1,0,1,4,2005Q3,2018Q4,54,51.1,1.1,0.00149068134135922,0.00360975458426511,0.679636511310265,0.398234244387923,-0.00934535549892312,0.0387603304035059,0.0731384777221233,0.596140965628193,True,1,0,97789.7,11.4616863037329,0.00134968062004418,95005.1427884671,95069.2777264669,2720.4222735331,2720.4222735331,7400697.34633499,6170.532,0.440873213773642
SARIMA+CNY+PMI,1,2019Q1,2019Q2,0,1,1,1,0,1,4,2005Q3,2019Q1,55,49.87,-0.130000000000003,0.00133139843217168,0.00353845708794748,0.706719712602734,0.397566718995143,0,0.0327825311536067,0.0725719651260523,0.65146750086776,True,1,0,97420,11.4745854927208,0.00134785446560446,96238.5700836543,96303.4497365065,1116.55026349353,1116.55026349353,1246684.49090746,6196.88039215686,0.180179411709591
SARIMA+CNY+PMI,1,2019Q2,2019Q3,0,1,1,1,0,1,4,2005Q3,2019Q2,56,49.73,-0.270000000000003,0.00123671382383394,0.0034144038678315,0.717198915448191,0.397566718995143,0,0.0343307171490185,0.0714583059452864,0.63092163454749,True,2,1,101464.5,11.5282395586521,0.00132851735180263,101543.195529386,101610.668885395,-146.168885394873,146.168885394873,21365.3430575794,6225.35384615385,0.0234796107991803
SARIMA+CNY+PMI,1,2019Q3,2019Q4,0,1,1,1,0,1,4,2005Q3,2019Q3,57,49.63,-0.369999999999997,0.00123769531282223,0.00335225439869037,0.711969098059827,0.397566718995143,0,0.0343304972003235,0.0702093185009733,0.624860448125994,True,1,0,114974.8,11.6475237459918,0.00130534486614291,114407.70945428,114482.404585447,492.395414553277,492.395414553277,242453.244273094,6243.42452830189,0.0788662395647154
SARIMA+CNY+PMI,1,2019Q4,2020Q1,0,1,1,1,0,1,4,2005Q3,2019Q4,58,49.67,-0.329999999999998,0.0012312180517497,0.00328208263759416,0.707561432027476,0.397566718995143,-0.133830455259143,0.0343308387796046,0.068959911425662,0.618598491579141,True,1,0,78579.7,11.5523480092997,0.00128256358533761,104020.99256073,104087.720722805,-25508.0207228051,25508.0207228051,650659121.195053,6281.27222222222,4.06096405638358
SARIMA+CNY+PMI,1,2020Q1,2020Q2,1,1,0,1,0,1,4,2005Q3,2020Q1,59,49.9,-0.100000000000001,0.000748414723402726,0.00581615579121269,0.897611977662361,0.388644688644533,0,0.135297802593899,0.112623859140352,0.229625345751689,True,1,0,93676.5,11.4546604917078,0.00257252660884671,94339.9938555901,94461.4180027975,-784.918002797494,784.918002797494,616096.271115607,6516.34,0.120453813459318
SARIMA+CNY+PMI,1,2020Q2,2020Q3,1,1,0,1,0,1,4,2005Q3,2020Q2,60,45.9,-4.1,0.000734405356840118,0.00569004093966095,0.897303404041268,0.388644688644533,0,0.135292048177311,0.110618443221587,0.221310261531537,True,1,0,101067.8,11.3895534711592,0.00253097346764985,88393.4783125382,88505.4098957284,12562.3901042716,12562.3901042716,157813645.131901,6466.825,1.94259008157351
SARIMA+CNY+PMI,1,2020Q3,2020Q4,0,1,1,1,0,1,4,2005Q3,2020Q3,61,50.77,0.770000000000003,0.000429836186626346,0.0045979643796131,0.925519045567555,0.388644688644533,0,0.167375110895813,0.0966657834241658,0.0833657461427986,True,1,0,118656.6,11.6209991703075,0.00253515964231231,111412.985967736,111554.300365282,7102.29963471835,7102.29963471835,50442660.1013204,6360.33157894737,1.11665556214504
SARIMA+CNY+PMI,1,2020Q4,2021Q1,0,1,1,1,0,1,4,2005Q3,2020Q4,62,51.2,1.2,0.000960467874848614,0.00477225557552206,0.840494668835023,0.388644688644533,0.0780219780224666,0.165205937254188,0.0983058388153789,0.0928541911083732,True,1,0,105220.8,11.4061703259848,0.00255046887704045,89874.571383679,89989.2556413703,15231.5443586297,15231.5443586297,231999943.548904,6314.15,2.41228737971535
SARIMA+CNY+PMI,1,2021Q1,2021Q2,0,1,1,1,0,1,4,2005Q3,2021Q1,63,51.8,1.8,0.000369924974659159,0.00510417330460703,0.94222389800166,0.393521062270938,0,0.244499777945366,0.098608386425935,0.0131565668296465,True,1,0,106683.5,11.5646937216239,0.00272406538409725,105313.165797746,105456.703501798,1226.79649820215,1226.79649820215,1505029.64800106,6658.67457627119,0.184240344553548
SARIMA+CNY+PMI,1,2021Q2,2021Q3,0,1,1,1,0,1,4,2005Q3,2021Q2,64,51.27,1.27,0.000417867476995217,0.0050717792085781,0.934336025312715,0.393521062270938,0,0.242404609526974,0.0974347237816923,0.0128511873331293,True,1,0,106152.9,11.6278293417125,0.00268240697620466,112176.560462512,112327.11299491,-6174.21299491017,6174.21299491017,38120906.1065176,6764.48,0.912740224660309
SARIMA+CNY+PMI,1,2021Q3,2021Q4,0,1,1,1,0,1,4,2005Q3,2021Q3,65,51,1,0.000125007794970199,0.00483389143815527,0.979368449933338,0.393521062270938,0,0.247391100502374,0.0962560518181164,0.0101658729719671,True,1,0,122766,11.7314689612434,0.00268965112936528,124426.313625948,124593.757879852,-1827.75787985233,1827.75787985233,3340698.86736229,6736.94918032787,0.271303498205011
SARIMA+CNY+PMI,1,2021Q4,2022Q1,0,1,1,1,0,1,4,2005Q3,2021Q4,66,50.03,0.0300000000000011,0.000173111804883731,0.00479445462069481,0.971197301567477,0.393521062270938,-0.0490766178269375,0.247392886460309,0.0948954288843208,0.00913379453534954,True,1,0,108659.1,11.5459569430402,0.00265110828736614,103358.307392952,103495.405270857,5163.69472914308,5163.69472914308,26663743.2557801,6694.56935483871,0.771325899463699
SARIMA+CNY+PMI,1,2022Q1,2022Q2,0,1,1,1,0,1,4,2005Q3,2022Q1,67,49.87,-0.130000000000003,-6.93793699949106e-05,0.00471653304907464,0.988263681965573,0.390634202398765,0,0.238592812628402,0.0962862881825561,0.013213887347214,True,1,0,101772.6,11.6299456370196,0.0026534579097239,112414.210571187,112563.452739351,-10790.852739351,10790.852739351,116442502.84236,6642.88253968254,1.62442323417429
SARIMA+CNY+PMI,1,2022Q2,2022Q3,0,1,1,1,0,1,4,2005Q3,2022Q2,68,49.93,-0.0700000000000003,0.000393828645640933,0.00490086228318891,0.93595169353968,0.390634202398765,0,0.227614569180805,0.0989268901181103,0.0214008918704738,True,1,0,109872.9,11.6123326639904,0.00275856375518159,110451.596581987,110604.045578404,-731.145578404015,731.145578404015,534573.856819742,6615.8203125,0.110514727406151
SARIMA+CNY+PMI,1,2022Q3,2022Q4,0,1,1,1,0,1,4,2005Q3,2022Q3,69,49.07,-0.93,0.000388822093275455,0.00482368761580166,0.935754646586467,0.390634202398765,0,0.227614137482346,0.0973598276523678,0.0193942502728837,True,1,0,119427.9,11.7434434201838,0.0027181190358796,125925.20772227,126096.463921697,-6668.56392169719,6668.56392169719,44469744.7777614,6571.26923076923,1.01480607284699
SARIMA+CNY+PMI,1,2022Q4,2023Q1,0,1,1,1,0,1,4,2005Q3,2022Q4,70,49.5,-0.5,0.000546227460340379,0.00491919929849039,0.911584696709593,0.390634202398765,-0.157300869065765,0.226727714452151,0.0976380807277326,0.0202262686153753,True,1,0,114922.4,11.5401870897647,0.00272179211201494,102763.66228172,102903.608148711,12018.7918512894,12018.7918512894,144451357.56462,6522.28181818182,1.84272807988536
SARIMA+CNY+PMI,1,2023Q1,2023Q2,0,1,1,1,0,1,4,2005Q3,2023Q1,71,48.07,-1.93,0.00100910842400624,0.00517002520926296,0.845248567634683,0.381895265228444,0,0.174204803537887,0.0937188700828333,0.0630552385535794,True,1,0,112665.2,11.6203317000178,0.00286819790950805,111338.645922366,111498.431104603,1166.76889539718,1166.76889539718,1361349.65526636,6518.41641791045,0.178995759183363
SARIMA+CNY+PMI,1,2023Q2,2023Q3,0,1,1,1,0,1,4,2005Q3,2023Q2,72,51.53,1.53,0.000911917762016531,0.00506615495680312,0.857151038752916,0.381895265228444,0,0.177243988159079,0.0916222495286003,0.0530506813583059,True,1,0,114519.4,11.6774598424321,0.00282668052210311,117884.409452297,118051.138028678,-3531.73802867753,3531.73802867753,12473173.503207,6582.74264705882,0.536514674511165
SARIMA+CNY+PMI,1,2023Q3,2023Q4,0,1,1,1,0,1,4,2005Q3,2023Q3,73,49,-1,0.000697114679052085,0.00487521012767003,0.886296720876522,0.381895265228444,0,0.174949770996522,0.0909655310412444,0.0544482281322905,True,1,0,129388.2,11.7716092936593,0.00279660774363278,129522.422734124,129703.66112296,-315.461122960332,315.461122960332,99515.720099394,6554.68115942029,0.0481276076269486
SARIMA+CNY+PMI,1,2023Q4,2024Q1,0,1,1,1,0,1,4,2005Q3,2023Q4,74,49.73,-0.270000000000003,0.000700401991096954,0.00480936164918546,0.884211078369491,0.381895265228444,0.0576651743315555,0.174949778464021,0.0896457709267357,0.0509895677868687,True,1,0,120326.8,11.6955744923785,0.00275870301922255,120039.302908646,120204.993548872,121.80645112769,121.80645112769,14836.8115363223,6603.33285714286,0.0184462079623824
SARIMA+CNY+PMI,1,2024Q1,2024Q2,0,1,1,1,0,1,4,2005Q3,2024Q1,75,49.3,-0.700000000000003,0.000701479281697758,0.00474196977382322,0.882398063179223,0.38493027440379,0,0.174954542399836,0.0882593994505166,0.047448291340213,True,1,0,115642.2,11.6676241884316,0.00272055156013435,116730.622614366,116889.516498351,-1247.31649835083,1247.31649835083,1555798.44705818,6586.44647887324,0.189376244436471
SARIMA+CNY+PMI,1,2024Q2,2024Q3,0,1,1,1,0,1,4,2005Q3,2024Q2,76,49.7,-0.299999999999997,0.000694330809267441,0.00467706271420939,0.881984125046075,0.38493027440379,0,0.174964339997124,0.0869669972806446,0.0442360102626293,True,1,0,117595,11.696685210162,0.00268544060843494,120172.706770402,120334.173481853,-2739.17348185259,2739.17348185259,7503071.36368443,6536.31527777778,0.419069975275711
SARIMA+CNY+PMI,1,2024Q3,2024Q4,0,1,1,1,0,1,4,2005Q3,2024Q3,77,49.8,-0.200000000000003,0.000727916735469241,0.0046002660656507,0.87427271545267,0.38493027440379,0,0.179003392454805,0.0854016780523244,0.0360806585918707,True,1,0,134330.8,11.799054929585,0.00265291800502351,133126.479578005,133303.183564702,1027.61643529838,1027.61643529838,1055995.53809534,6488.90821917808,0.158365074768855
SARIMA+CNY+PMI,1,2024Q4,2025Q1,0,1,1,1,0,1,4,2005Q3,2024Q4,78,49.43,-0.57,0.000765472383429177,0.00454843683248741,0.866352382104755,0.38493027440379,-0.0738191632927895,0.178643535189725,0.0844322936276626,0.0343601197512778,True,1,0,124671.1,11.7081876528656,0.00261959072867457,121562.966809493,121722.293739955,2948.80626004527,2948.80626004527,8695458.35928216,6468.01216216216,0.455906109344656
SARIMA+CNY+PMI,1,2025Q1,2025Q2,0,1,1,1,0,1,4,2005Q3,2025Q1,79,50.17,0.170000000000002,0.000801688066300418,0.00450052859965079,0.858619327981012,0.38123931623915,0,0.173580237338655,0.0842408051558493,0.0393484324764262,True,1,0,120787.3,11.7094705084039,0.00259111712601302,121719.01460671,121876.810913471,-1089.51091347104,1089.51091347104,1187034.03057249,6439.696,0.169186699724806
SARIMA+CNY+PMI,1,2025Q2,2025Q3,0,1,1,1,0,1,4,2005Q3,2025Q2,80,49.93,-0.0700000000000003,0.000778118138191408,0.00443542986528943,0.860739878168254,0.38123931623915,0,0.173577587488187,0.0831209296313029,0.0367749570511703,True,1,0,120418.8,11.7308725481065,0.00255904453255422,124352.126263283,124511.33941436,-4092.53941436013,4092.53941436013,16748878.8580912,6422.66184210526,0.637203003205078
SARIMA+CNY+PMI,1,2025Q3,2025Q4,0,1,1,1,0,1,4,2005Q3,2025Q3,81,49.4,-0.600000000000001,0.000842251990383484,0.00441251779522259,0.848621279937965,0.38123931623915,0,0.169790374536688,0.0829266651243882,0.0406113497534803,True,1,0,135325.2,11.833987973779,0.00253785382460286,137859.175232866,138034.219486121,-2709.01948612102,2709.01948612102,7338786.57618339,6375.92337662338,0.424882691666801
SARIMA+CNY+PMI,1,2025Q4,2026Q1,0,1,1,1,0,1,4,2005Q3,2025Q4,82,49.5,-0.5,0.000858108805267475,0.00437076507504499,0.844352508762935,0.38123931623915,0.14098290598285,0.169799121473139,0.0820283306229429,0.0384517998095699,True,1,0,127694.9,11.7784674389998,0.0025112735035056,130413.759298338,130577.614457198,-2882.71445719834,2882.71445719834,8310042.6417403,6306.92948717949,0.457070982489692
SARIMA+CNY+PMI,1,2026Q1,2026Q2,0,1,1,1,0,1,4,2005Q3,2026Q1,83,49.43,-0.57,0.000877241173966396,0.00435523434212791,0.840368405544059,0.387952787952619,0,0.161657633480976,0.0816541733585039,0.0477277946208023,True,1,0,121027.2,11.7142021957806,0.00248631754277894,122296.315658576,122448.443936305,-1421.24393630521,1421.24393630521,2019934.32648433,6265.37088607595,0.226841149893258
SARIMA+CNY+PMI,2,2010Q2,2010Q4,1,1,0,1,0,1,4,2005Q3,2010Q2,20,53.9,3.9,0.00209855278133385,0.0125551850516473,0.867254932879663,0.4035409035408,0,0.0374606271344015,0.32490190014143,0.908208709245848,True,1,0,43525.2,10.6570434075142,0.00362628247668619,42490.8232264583,42567.9349764231,957.26502357694,957.26502357694,916356.325363759,4177.5375,0.229145764359252
SARIMA+CNY+PMI,2,2010Q3,2011Q1,1,1,0,1,0,1,4,2005Q3,2010Q3,21,52.23,2.23,0.00222344860973445,0.0117024476006632,0.849310230999957,0.4035409035408,-0.0368742368738,0.0209532155745827,0.324347600241854,0.948491599498844,True,1,0,42921.8,10.6737231196606,0.00336942362927546,43205.5016728066,43278.3518404706,-356.551840470624,356.551840470624,127129.214942989,4366.75294117647,0.0816514800066896
SARIMA+CNY+PMI,2,2010Q4,2011Q2,1,1,0,1,0,1,4,2005Q3,2010Q4,22,54.6,4.6,0.00168240069564778,0.00876924167808558,0.84785776742003,0.4035409035408,0,0.0310930180330944,0.271603506192357,0.908857741577228,True,1,0,42910.9,10.6855180135622,0.00324717246049412,43718.1231962835,43789.1609915055,-878.260991505485,878.260991505485,771342.369200198,4560.74444444444,0.192569656599663
SARIMA+CNY+PMI,2,2011Q1,2011Q3,1,1,0,1,0,1,4,2005Q3,2011Q1,23,52.83,2.83,0.0018504136761826,0.00821709660156486,0.821830929619596,0.397395197395167,0,0.0321488450724457,0.26680249412023,0.904089619457447,True,1,0,44978.1,10.7208592831948,0.00302976896240571,45290.8037526614,45359.4660830259,-381.366083025932,381.366083025932,145440.089282542,4665.32631578947,0.0817447820820647
SARIMA+CNY+PMI,2,2011Q2,2011Q4,1,1,0,1,0,1,4,2005Q3,2011Q2,24,51.93,1.93,0.00178683257748284,0.00768619165535986,0.816170600653254,0.397395197395167,0,0.0321426165657575,0.254628372114877,0.899547137957296,True,1,0,50415,10.8322691925257,0.00290949777556325,50628.4622668014,50702.1675643254,-287.167564325384,287.167564325384,82465.2100005735,4762.835,0.0602934101906499
SARIMA+CNY+PMI,2,2011Q3,2012Q1,1,1,0,1,0,1,4,2005Q3,2011Q3,25,50.93,0.93,0.0017725585274081,0.00709835040236876,0.802808415751592,0.397395197395167,-0.155636955637167,0.02743958814759,0.241622218465623,0.909583418211084,True,1,0,49318.8,10.8224209380445,0.00269056804911518,50132.3074260644,50199.7950031604,-880.995003160388,880.995003160388,776152.195593571,4851.22380952381,0.181602630130327
SARIMA+CNY+PMI,2,2011Q4,2012Q2,0,1,1,1,0,1,4,2005Q3,2011Q4,26,49.9,-0.100000000000001,0.000897898203592434,0.00707137032642332,0.898958959160491,0.397395197395167,0,0.109231661543331,0.194921958536564,0.575215741887045,True,1,0,48902.8,10.8239802946203,0.00312111275292035,50210.542551685,50288.9601056221,-1386.1601056221,1386.1601056221,1921439.83841828,4943.88636363636,0.280378634067662
SARIMA+CNY+PMI,2,2012Q1,2012Q3,0,1,1,1,0,1,4,2005Q3,2012Q1,27,51.53,1.53,0.000912547415121705,0.00672863317441615,0.892120497251446,0.375161346589857,0,0.114353445352072,0.188167379254126,0.543371907007614,True,1,0,51200.4,10.8710440288996,0.00299322230659685,52630.128972699,52708.9547817985,-1508.55478179848,1508.55478179848,2275737.52968705,5007.0652173913,0.301285227234256
SARIMA+CNY+PMI,2,2012Q2,2012Q4,1,1,0,1,0,1,4,2005Q3,2012Q2,28,51.3,1.3,0.00169897292934724,0.00616847689500494,0.782987226147491,0.375161346589857,0,0.0412354514647698,0.202478155141077,0.838624025529533,True,1,0,57744.7,10.965164607074,0.0023612645775341,57824.3130415989,57892.6226089573,-147.922608957349,147.922608957349,21881.0982407489,5048.1,0.0293026304861927
SARIMA+CNY+PMI,2,2012Q3,2013Q1,1,1,0,1,0,1,4,2005Q3,2012Q3,29,49.7,-0.299999999999997,0.00177453900401576,0.0059289300526083,0.764709836997529,0.375161346589857,0.0692830978541428,0.0328584327719284,0.195891855104909,0.866789702128284,True,1,0,55451,10.9468073328115,0.0022611413234286,56772.5000154801,56836.7216350887,-1385.72163508872,1385.72163508872,1920224.44995297,5095.068,0.271973138550599
SARIMA+CNY+PMI,2,2012Q4,2013Q2,1,1,0,1,0,1,4,2005Q3,2012Q4,30,50.47,0.469999999999999,0.00181853302252964,0.00570501879985587,0.749908349049595,0.375161346589857,0,0.0294840309712468,0.189944228165312,0.87664419668492,True,1,0,55313.3,10.941685263178,0.00217484283633805,56482.4507774642,56543.9044111334,-1230.60441113336,1230.60441113336,1514387.21670089,5181.01538461538,0.237521860056147
SARIMA+CNY+PMI,2,2013Q1,2013Q3,1,1,0,1,0,1,4,2005Q3,2013Q1,31,50.47,0.469999999999999,0.00199568255262488,0.00554317969966773,0.718828535082113,0.383821733821625,0,0.0127203299225412,0.182121218506927,0.944316708932653,True,1,0,58052.7,10.965437371301,0.0020928933644222,57840.0875969171,57900.6458446442,152.0541553558,152.0541553558,23120.4661609656,5216.24444444444,0.0291501207382535
SARIMA+CNY+PMI,2,2013Q2,2013Q4,1,1,0,1,0,1,4,2005Q3,2013Q2,32,50.5,0.5,0.00205457429253255,0.00531307668144484,0.698977265443462,0.383821733821625,0,0.013659791148715,0.180030286065897,0.939518576700394,True,1,0,65563,11.0782005137415,0.00200603746135305,64744.2720915013,64809.2443878812,753.755612118839,753.755612118839,568147.522800646,5258.89642857143,0.143329617222295
SARIMA+CNY+PMI,2,2013Q3,2014Q1,1,1,0,1,0,1,4,2005Q3,2013Q3,33,50.8,0.799999999999997,0.00211787476105316,0.0051064384521756,0.678327877223656,0.383821733821625,-0.050488400488625,0.00824931276236004,0.176724970268179,0.962769212550568,True,1,0,62081.2,11.0539869481028,0.00193045175363641,63195.4098222676,63256.4371149472,-1175.23711494721,1175.23711494721,1381182.27634944,5313.84137931034,0.221165260883218
SARIMA+CNY+PMI,2,2013Q4,2014Q2,1,1,0,1,0,1,4,2005Q3,2013Q4,34,51.27,1.27,0.00211132373503407,0.0049447683526334,0.669392931102368,0.383821733821625,0,0.0082510761031303,0.171550508352528,0.961638884584426,True,1,0,62117.5,11.0576847413167,0.00187553453296926,63429.5259696375,63489.0360017394,-1371.53600173945,1371.53600173945,1881111.00406743,5397.32333333333,0.254114107500097
SARIMA+CNY+PMI,2,2014Q1,2014Q3,1,1,0,1,0,1,4,2005Q3,2014Q1,35,50.33,0.329999999999998,0.00207053624173199,0.00472535067394072,0.661258553830692,0.378211911545111,0,0.0140960038288579,0.165468218248858,0.932111463262074,True,1,0,64952.1,11.0812403972722,0.00182227165083318,64941.3865887039,65000.5839769124,-48.4839769123937,48.4839769123937,2350.69601724153,5437.0935483871,0.00891726001785943
SARIMA+CNY+PMI,2,2014Q2,2014Q4,1,1,0,1,0,1,4,2005Q3,2014Q2,36,50.73,0.729999999999997,0.00205851554850065,0.00457856435059089,0.652999988094368,0.378211911545111,0,0.0134977746198554,0.161996029564972,0.933595795053196,True,1,0,73243.3,11.1961089670187,0.00177393201550908,72846.4417574493,72911.0827380125,332.21726198752,332.21726198752,110368.309162485,5479.815625,0.0606256277075965
SARIMA+CNY+PMI,2,2014Q3,2015Q1,1,1,0,1,0,1,4,2005Q3,2014Q3,37,51.3,1.3,0.00208023905552094,0.00443717873504896,0.63919815458898,0.378211911545111,0.166232532898889,0.0138446802365292,0.158363762202459,0.930335061883109,True,1,0,70715.3,11.1547073511652,0.00171928245323439,69892.0614145626,69952.1693438933,763.130656106732,763.130656106732,582368.398289892,5522.83333333333,0.138177382884401
SARIMA+CNY+PMI,2,2014Q4,2015Q2,1,1,0,1,0,1,4,2005Q3,2014Q4,38,50.4,0.399999999999999,0.00209972405371229,0.0043057386048097,0.625792734724792,0.378211911545111,0,0.0145728269211428,0.154726133671128,0.924962477191655,True,1,0,70861.8,11.1516600609597,0.00166894615631225,69679.4041990595,69737.5740531786,1124.2259468214,1124.2259468214,1263883.97950648,5586.28823529412,0.201247393523047
SARIMA+CNY+PMI,2,2015Q1,2015Q3,1,1,0,1,0,1,4,2005Q3,2015Q1,39,49.93,-0.0700000000000003,0.00208834120805759,0.00416248843116817,0.615875055356783,0.394835164835,0,0.0201670024793681,0.147046567735349,0.890914565958708,True,1,0,74502.8,11.2018237742177,0.00162806113343765,73263.9369432266,73323.6003079432,1179.19969205683,1179.19969205683,1390511.91374693,5673.36857142857,0.207848243457221
SARIMA+CNY+PMI,2,2015Q2,2015Q4,1,1,0,1,0,1,4,2005Q3,2015Q2,40,50.17,0.170000000000002,0.00207726637614291,0.00405947412831785,0.608855215820135,0.394835164835,0,0.0180925176853694,0.14380608290072,0.899880815381585,True,1,0,84850.9,11.3256220977585,0.00159222769281891,82919.2148515495,82985.2542705862,1865.64572941381,1865.64572941381,3480633.98767998,5758.67222222222,0.323971508955561
SARIMA+CNY+PMI,2,2015Q3,2016Q1,1,1,0,1,0,1,4,2005Q3,2015Q3,41,49.83,-0.170000000000002,0.00208715113191578,0.0039700859133144,0.599083191777015,0.394835164835,0.022747252747,0.0119131965706108,0.139723921866407,0.932052785060737,True,1,0,78024.4,11.2930213433625,0.00155612512152455,80259.5745863321,80322.0458565871,-2297.64585658714,2297.64585658714,5279176.48229207,5861.15945945946,0.392012173099799
SARIMA+CNY+PMI,2,2015Q4,2016Q2,1,1,0,1,0,1,4,2005Q3,2015Q4,42,49.7,-0.299999999999997,0.00212447404176241,0.00389337500723926,0.585297017417804,0.394835164835,0,0.0117347670357062,0.13817907707864,0.932321540514091,True,1,0,78113.9,11.3098738272723,0.00152320958637067,81623.6091784624,81685.7977890157,-3571.89778901574,3571.89778901574,12758453.8151755,6012.38157894737,0.594090335437608
SARIMA+CNY+PMI,2,2016Q1,2016Q3,1,1,0,1,0,1,4,2005Q3,2016Q1,43,49.53,-0.469999999999999,0.00213080229319474,0.0038626389991348,0.581192166318397,0.396903096902909,0,0.0192202854813603,0.13347247848569,0.885498998981862,True,1,0,82343.5,11.3235686692055,0.00151289930350338,82749.1208658721,82811.7400906932,-468.240090693245,468.240090693245,219248.782532419,6045.63076923077,0.077450990403905
SARIMA+CNY+PMI,2,2016Q2,2016Q4,1,1,0,1,0,1,4,2005Q3,2016Q2,44,50.07,0.0700000000000003,0.00206976532090147,0.0039220431011762,0.597689311737498,0.396903096902909,0,0.018033736959102,0.132209092670309,0.891502582058422,True,1,0,93834.2,11.4362929211388,0.00152818337805859,92623.0140060943,92693.8135265272,1140.38647347277,1140.38647347277,1300481.30887966,6075.7925,0.187693452907216
SARIMA+CNY+PMI,2,2016Q3,2017Q1,0,1,1,1,0,1,4,2005Q3,2016Q3,45,50.23,0.229999999999997,0.00130365209852757,0.00413480616183006,0.752543484964658,0.396903096902909,-0.0969030969029092,0.058621873996769,0.0984678227380719,0.551615949036871,True,1,0,85823.4,11.3708657231736,0.0017635388435672,86756.9424781533,86833.4758345858,-1010.07583458582,1010.07583458582,1020253.19161424,6118.83902439024,0.165076386314392
SARIMA+CNY+PMI,2,2016Q4,2017Q2,0,1,1,1,0,1,4,2005Q3,2016Q4,46,51.43,1.43,0.00132974731335315,0.00404915022561878,0.742608051945837,0.396903096902909,0,0.0585535648198717,0.096013803987706,0.541964305935338,True,1,0,86545.3,11.3831266337829,0.0017226666584748,87827.209410481,87902.8905018043,-1357.59050180427,1357.59050180427,1843051.97058917,6187.04047619047,0.219424861859021
SARIMA+CNY+PMI,2,2017Q1,2017Q3,0,1,1,1,0,1,4,2005Q3,2017Q1,47,51.57,1.57,0.00130914515586843,0.00390964839375474,0.73773835845844,0.388827838827667,0,0.0650323491597307,0.0934981388707506,0.4867125731062,True,1,0,90809.7,11.4286178841982,0.00168989433782036,91914.8500206904,91992.5460328864,-1182.84603288643,1182.84603288643,1399124.73751517,6224.52790697674,0.190029838497574
SARIMA+CNY+PMI,2,2017Q2,2017Q4,0,1,1,1,0,1,4,2005Q3,2017Q2,48,51.37,1.37,0.0012792860262854,0.00376771039467408,0.734203441200749,0.388827838827667,0,0.0625087641102751,0.0912654406769406,0.493399670258884,True,1,0,103083.2,11.5488645759328,0.00165558169244634,103659.272743593,103745.116466118,-661.9164661182,661.9164661182,438133.408118407,6274.68409090909,0.105490006592874
SARIMA+CNY+PMI,2,2017Q3,2018Q1,0,1,1,1,0,1,4,2005Q3,2017Q3,49,51.83,1.83,0.00125236880851868,0.00364685048203058,0.731289236330085,0.388827838827667,0.122283272283333,0.0625068550614267,0.0892615044463449,0.483760792385894,True,1,0,90275.4,11.4757558254577,0.00162261921104541,96351.2671664568,96429.4695939139,-6154.06959391391,6154.06959391391,37872572.5667357,6323.38444444444,0.973224014446996
SARIMA+CNY+PMI,2,2017Q4,2018Q2,0,1,1,1,0,1,4,2005Q3,2017Q4,50,51.67,1.67,0.00125595679110369,0.00357205930412885,0.725133910278768,0.388827838827667,0,0.0625034787314133,0.0874681208535953,0.474865010275819,True,1,0,89742.5,11.469178718008,0.00158969679532803,95719.6339660487,95795.7468088099,-6053.24680880993,6053.24680880993,36641796.9283676,6386.9847826087,0.947747178808455
SARIMA+CNY+PMI,2,2018Q1,2018Q3,0,1,1,1,0,1,4,2005Q3,2018Q1,51,51.03,1.03,0.00146606193432088,0.00361309453285779,0.684916369504833,0.398234244387923,0,0.0243103544917059,0.0770462116572537,0.752359638130737,True,1,0,94281.4,11.4909610176637,0.00162082085874514,97827.5014744634,97906.8140354602,-3625.41403546018,3625.41403546018,13143626.9285117,6345.81489361702,0.571307877118639
SARIMA+CNY+PMI,2,2018Q2,2018Q4,0,1,1,1,0,1,4,2005Q3,2018Q2,52,51.6,1.6,0.00147337943547577,0.00368375637880342,0.689181133101268,0.398234244387923,0,0.0342533714494196,0.0756494773145752,0.650699540350374,True,1,0,106687.6,11.5974690552105,0.00164192150848103,108822.027898153,108911.403194039,-2223.80319403947,2223.80319403947,4945300.64582016,6280.21875,0.3540964546879
SARIMA+CNY+PMI,2,2018Q3,2019Q1,0,1,1,1,0,1,4,2005Q3,2018Q3,53,51.1,1.1,0.00148948698910196,0.00368148689373707,0.685780067239687,0.398234244387923,-0.00934535549892312,0.0387554831672903,0.0745177607891114,0.603005141256521,True,1,0,97789.7,11.4662238459074,0.00164270181433108,95437.2121558186,95515.6317972133,2274.06820278673,2274.06820278673,5171386.19092567,6222.90204081633,0.365435320670485
SARIMA+CNY+PMI,2,2018Q4,2019Q2,0,1,1,1,0,1,4,2005Q3,2018Q4,54,49.87,-0.130000000000003,0.00149068134135922,0.00360975458426511,0.679636511310265,0.398234244387923,0,0.0387603304035059,0.0731384777221233,0.596140965628193,True,1,0,97420,11.459902810137,0.00161300244222637,94835.8527334663,94912.3688155105,2507.63118448951,2507.63118448951,6288214.15742426,6170.532,0.406388166286069
SARIMA+CNY+PMI,2,2019Q1,2019Q3,0,1,1,1,0,1,4,2005Q3,2019Q1,55,49.73,-0.270000000000003,0.00133139843217168,0.00353845708794748,0.706719712602734,0.397566718995143,0,0.0327825311536067,0.0725719651260523,0.65146750086776,True,1,0,101464.5,11.5224846298118,0.00161291120491188,100960.499958869,101041.952959387,422.547040612873,422.547040612873,178546.001530697,6196.88039215686,0.068187057660121
SARIMA+CNY+PMI,2,2019Q2,2019Q4,0,1,1,1,0,1,4,2005Q3,2019Q2,56,49.63,-0.369999999999997,0.00123671382383394,0.0034144038678315,0.717198915448191,0.397566718995143,0,0.0343307171490185,0.0714583059452864,0.63092163454749,True,2,1,114974.8,11.6478706546942,0.00159300346218841,114447.405369341,114538.599239053,436.200760946842,436.200760946842,190271.103850604,6225.35384615385,0.0700684285145231
SARIMA+CNY+PMI,2,2019Q3,2020Q1,0,1,1,1,0,1,4,2005Q3,2019Q3,57,49.67,-0.329999999999998,0.00123769531282223,0.00335225439869037,0.711969098059827,0.397566718995143,-0.133830455259143,0.0343304972003235,0.0702093185009733,0.624860448125994,True,1,0,78579.7,11.5501406741215,0.00156521781392427,103791.636590453,103872.89664299,-25293.1966429902,25293.1966429902,639745796.42097,6243.42452830189,4.05117360325801
SARIMA+CNY+PMI,2,2019Q4,2020Q2,0,1,1,1,0,1,4,2005Q3,2019Q4,58,49.9,-0.100000000000001,0.0012312180517497,0.00328208263759416,0.707561432027476,0.397566718995143,0,0.0343308387796046,0.068959911425662,0.618598491579141,True,1,0,93676.5,11.5553849335872,0.00153790115802406,104337.37661349,104417.63775412,-10741.1377541202,10741.1377541202,115372040.252986,6281.27222222222,1.71002583141033
SARIMA+CNY+PMI,2,2020Q1,2020Q3,1,1,0,1,0,1,4,2005Q3,2020Q1,59,45.9,-4.1,0.000748414723402726,0.00581615579121269,0.897611977662361,0.388644688644533,0,0.135297802593899,0.112623859140352,0.229625345751689,True,1,0,101067.8,11.392248262807,0.00296043579677115,88632.0015604944,88763.2933818538,12304.5066181462,12304.5066181462,151400883.116003,6516.34,1.88825423752385
SARIMA+CNY+PMI,2,2020Q2,2020Q4,1,1,0,1,0,1,4,2005Q3,2020Q2,60,50.77,0.770000000000003,0.000734405356840118,0.00569004093966095,0.897303404041268,0.388644688644533,0,0.135292048177311,0.110618443221587,0.221310261531537,True,1,0,118656.6,11.5697813972783,0.00291263034923202,105850.330328225,106004.594071571,12652.005928429,12652.005928429,160073254.013002,6466.825,1.95644785940998
SARIMA+CNY+PMI,2,2020Q3,2021Q1,0,1,1,1,0,1,4,2005Q3,2020Q3,61,51.2,1.2,0.000429836186626346,0.0045979643796131,0.925519045567555,0.388644688644533,0.0780219780224666,0.167375110895813,0.0966657834241658,0.0833657461427986,True,1,0,105220.8,11.3818571596503,0.0030267808630113,87715.7857796669,87848.6345112015,17372.1654887985,17372.1654887985,301792133.770203,6360.33157894737,2.73133016308461
SARIMA+CNY+PMI,2,2020Q4,2021Q2,0,1,1,1,0,1,4,2005Q3,2020Q4,62,51.8,1.8,0.000960467874848614,0.00477225557552206,0.840494668835023,0.388644688644533,0,0.165205937254188,0.0983058388153789,0.0928541911083732,True,1,0,106683.5,11.4905121491425,0.00300631941861824,97783.5996423579,97930.6945354332,8752.80546456679,8752.80546456679,76611603.5005502,6314.15,1.38622070501442
SARIMA+CNY+PMI,2,2021Q1,2021Q3,0,1,1,1,0,1,4,2005Q3,2021Q1,63,51.27,1.27,0.000369924974659159,0.00510417330460703,0.94222389800166,0.393521062270938,0,0.244499777945366,0.098608386425935,0.0131565668296465,True,1,0,106152.9,11.6205826935773,0.00344431703575538,111366.594712746,111558.550884473,-5405.65088447348,5405.65088447348,29221061.4848089,6658.67457627119,0.81182085451916
SARIMA+CNY+PMI,2,2021Q2,2021Q4,0,1,1,1,0,1,4,2005Q3,2021Q2,64,51,1,0.000417867476995217,0.0050717792085781,0.934336025312715,0.393521062270938,0,0.242404609526974,0.0974347237816923,0.0128511873331293,True,1,0,122766,11.7600035763427,0.00340914903106983,128027.911323133,128246.330541082,-5480.33054108154,5480.33054108154,30034022.8395111,6764.48,0.810162871511415
SARIMA+CNY+PMI,2,2021Q3,2022Q1,0,1,1,1,0,1,4,2005Q3,2021Q3,65,50.03,0.0300000000000011,0.000125007794970199,0.00483389143815527,0.979368449933338,0.393521062270938,-0.0490766178269375,0.247391100502374,0.0962560518181164,0.0101658729719671,True,1,0,108659.1,11.5528462041798,0.00337996898039986,104072.828197702,104248.858365438,4410.24163456153,4410.24163456153,19450231.27522,6736.94918032787,0.654634837893627
SARIMA+CNY+PMI,2,2021Q4,2022Q2,0,1,1,1,0,1,4,2005Q3,2021Q4,66,49.87,-0.130000000000003,0.000173111804883731,0.00479445462069481,0.971197301567477,0.393521062270938,0,0.247392886460309,0.0948954288843208,0.00913379453534954,True,1,0,101772.6,11.6047593972985,0.00333153430860985,109618.276644465,109801.027337003,-8028.42733700336,8028.42733700336,64455645.5055429,6694.56935483871,1.19924477758985
SARIMA+CNY+PMI,2,2022Q1,2022Q3,0,1,1,1,0,1,4,2005Q3,2022Q1,67,49.93,-0.0700000000000003,-6.93793699949106e-05,0.00471653304907464,0.988263681965573,0.390634202398765,0,0.238592812628402,0.0962862881825561,0.013213887347214,True,1,0,109872.9,11.6607525922672,0.00333146143295489,115931.246555941,116124.517718496,-6251.61771849601,6251.61771849601,39082724.0982133,6642.88253968254,0.941100144575908
SARIMA+CNY+PMI,2,2022Q2,2022Q4,0,1,1,1,0,1,4,2005Q3,2022Q2,68,49.07,-0.93,0.000393828645640933,0.00490086228318891,0.93595169353968,0.390634202398765,0,0.227614569180805,0.0989268901181103,0.0214008918704738,True,1,0,119427.9,11.745979372055,0.00340554323204687,126244.953246689,126460.102692945,-7032.20269294505,7032.20269294505,49451874.7146636,6615.8203125,1.06293737749472
SARIMA+CNY+PMI,2,2022Q3,2023Q1,0,1,1,1,0,1,4,2005Q3,2022Q3,69,49.5,-0.5,0.000388822093275455,0.00482368761580166,0.935754646586467,0.390634202398765,-0.157300869065765,0.227614137482346,0.0973598276523678,0.0193942502728837,True,1,0,114922.4,11.5666465420487,0.00335561767341727,105519.024435972,105696.213790978,9226.18620902239,9226.18620902239,85122511.9635549,6571.26923076923,1.40401890183129
SARIMA+CNY+PMI,2,2022Q4,2023Q2,0,1,1,1,0,1,4,2005Q3,2022Q4,70,48.07,-1.93,0.000546227460340379,0.00491919929849039,0.911584696709593,0.390634202398765,0,0.226727714452151,0.0976380807277326,0.0202262686153753,True,1,0,112665.2,11.574303023028,0.00339470212385288,106330.029600453,106510.662244248,6154.53775575248,6154.53775575248,37878334.9869827,6522.28181818182,0.943617268820829
SARIMA+CNY+PMI,2,2023Q1,2023Q3,0,1,1,1,0,1,4,2005Q3,2023Q1,71,51.53,1.53,0.00100910842400624,0.00517002520926296,0.845248567634683,0.381895265228444,0,0.174204803537887,0.0937188700828333,0.0630552385535794,True,1,0,114519.4,11.6719955450742,0.003459275758649,117242.01071248,117444.972409778,-2925.57240977751,2925.57240977751,8558973.92485138,6518.41641791045,0.448816433656955
SARIMA+CNY+PMI,2,2023Q2,2023Q4,0,1,1,1,0,1,4,2005Q3,2023Q2,72,49,-1,0.000911917762016531,0.00506615495680312,0.857151038752916,0.381895265228444,0,0.177243988159079,0.0916222495286003,0.0530506813583059,True,1,0,129388.2,11.7848006164971,0.00342087181642394,131242.313705743,131466.987361952,-2078.78736195179,2078.78736195179,4321356.89621049,6582.74264705882,0.315793503317435
SARIMA+CNY+PMI,2,2023Q3,2024Q1,0,1,1,1,0,1,4,2005Q3,2023Q3,73,49.73,-0.270000000000003,0.000697114679052085,0.00487521012767003,0.886296720876522,0.381895265228444,0.0576651743315555,0.174949770996522,0.0909655310412444,0.0544482281322905,True,1,0,120326.8,11.6960443855397,0.00337216594043566,120095.721810546,120298.38396648,28.4160335203487,28.4160335203487,807.470961029582,6554.68115942029,0.00433522742437435
SARIMA+CNY+PMI,2,2023Q4,2024Q2,0,1,1,1,0,1,4,2005Q3,2023Q4,74,49.3,-0.700000000000003,0.000700401991096954,0.00480936164918546,0.884211078369491,0.381895265228444,0,0.174949778464021,0.0896457709267357,0.0509895677868687,True,1,0,115642.2,11.6665221276347,0.00332646088503978,116602.049232242,116796.146679832,-1153.94667983182,1153.94667983182,1331592.93989487,6603.33285714286,0.17475215997685
SARIMA+CNY+PMI,2,2024Q1,2024Q3,0,1,1,1,0,1,4,2005Q3,2024Q1,75,49.7,-0.299999999999997,0.000701479281697758,0.00474196977382322,0.882398063179223,0.38493027440379,0,0.174954542399836,0.0882593994505166,0.047448291340213,True,1,0,117595,11.7009322131942,0.00328045813667381,120684.165935991,120882.27804325,-3287.27804324971,3287.27804324971,10806196.9336316,6586.44647887324,0.499097359068205
SARIMA+CNY+PMI,2,2024Q2,2024Q4,0,1,1,1,0,1,4,2005Q3,2024Q2,76,49.8,-0.200000000000003,0.000694330809267441,0.00467706271420939,0.881984125046075,0.38493027440379,0,0.174964339997124,0.0869669972806446,0.0442360102626293,True,1,0,134330.8,11.8090998772317,0.00323812167840088,134470.466936295,134688.359146114,-357.559146114509,357.559146114509,127848.542970137,6536.31527777778,0.0547034729689587
SARIMA+CNY+PMI,2,2024Q3,2025Q1,0,1,1,1,0,1,4,2005Q3,2024Q3,77,49.43,-0.57,0.000727916735469241,0.0046002660656507,0.87427271545267,0.38493027440379,-0.0738191632927895,0.179003392454805,0.0854016780523244,0.0360806585918707,True,1,0,124671.1,11.704042954185,0.00319914181160482,121060.16763666,121253.966915186,3417.1330848143,3417.1330848143,11676798.5193325,6488.90821917808,0.526611406633076
SARIMA+CNY+PMI,2,2024Q4,2025Q2,0,1,1,1,0,1,4,2005Q3,2024Q4,78,50.17,0.170000000000002,0.000765472383429177,0.00454843683248741,0.866352382104755,0.38493027440379,0,0.178643535189725,0.0844322936276626,0.0343601197512778,True,1,0,120787.3,11.6984648280573,0.0031495806136588,120386.75867871,120576.491935183,210.808064817029,210.808064817029,44440.0401919007,6468.01216216216,0.0325924038996486
SARIMA+CNY+PMI,2,2025Q1,2025Q3,0,1,1,1,0,1,4,2005Q3,2025Q1,79,49.93,-0.0700000000000003,0.000801688066300418,0.00450052859965079,0.858619327981012,0.38123931623915,0,0.173580237338655,0.0842408051558493,0.0393484324764262,True,1,0,120418.8,11.7342976259731,0.00310866400464004,124778.772209308,124972.870655799,-4554.07065579871,4554.07065579871,20739559.5380069,6439.696,0.70718721129052
SARIMA+CNY+PMI,2,2025Q2,2025Q4,0,1,1,1,0,1,4,2005Q3,2025Q2,80,49.4,-0.600000000000001,0.000778118138191408,0.00443542986528943,0.860739878168254,0.38123931623915,0,0.173577587488187,0.0831209296313029,0.0367749570511703,True,1,0,135325.2,11.8483884793728,0.00307018351083209,139858.780162477,140073.641096257,-4748.44109625739,4748.44109625739,22547692.8446261,6422.66184210526,0.739326032257821
SARIMA+CNY+PMI,2,2025Q3,2026Q1,0,1,1,1,0,1,4,2005Q3,2025Q3,81,49.5,-0.5,0.000842251990383484,0.00441251779522259,0.848621279937965,0.38123931623915,0.14098290598285,0.169790374536688,0.0829266651243882,0.0406113497534803,True,1,0,127694.9,11.7867437053458,0.00304300967952962,131497.577101395,131697.803585528,-4002.90358552805,4002.90358552805,16023237.1150333,6375.92337662338,0.627815509860777
SARIMA+CNY+PMI,2,2025Q4,2026Q2,0,1,1,1,0,1,4,2005Q3,2025Q4,82,49.43,-0.57,0.000858108805267475,0.00437076507504499,0.844352508762935,0.38123931623915,0,0.169799121473139,0.0820283306229429,0.0384517998095699,True,1,0,121027.2,11.7229685241134,0.00301113771933646,123373.118222068,123559.004844425,-2531.80484442499,2531.80484442499,6410035.77025383,6306.92948717949,0.401432242039736
SARIMA+PMI,1,2010Q3,2010Q4,1,1,0,1,0,1,4,2005Q3,2010Q3,21,53.9,3.9,0.00235384863511277,0.00893668748771254,0.792248745440812,,,,,,True,1,0,43525.2,10.6593234771748,0.00311684966322581,42587.8157962396,42654.237449034,870.962550965975,870.962550965975,758575.765185158,4366.75294117647,0.199453132040789
SARIMA+PMI,1,2010Q4,2011Q1,1,1,0,1,0,1,4,2005Q3,2010Q4,22,52.23,2.23,0.00186876196428191,0.00717040089543449,0.794384265166284,,,,,,True,1,0,42921.8,10.6821571781526,0.0029378375260448,43571.4404062304,43635.4903431353,-713.690343135269,713.690343135269,509353.905884539,4560.74444444444,0.15648549306564
SARIMA+PMI,1,2011Q1,2011Q2,1,1,0,1,0,1,4,2005Q3,2011Q1,23,54.6,4.6,0.00196497751036763,0.00691462847841816,0.776274836573701,,,,,,True,1,0,42910.9,10.6817693720935,0.0028148711854844,43554.5464136472,43615.8897907956,-704.989790795575,704.989790795575,497010.605125988,4665.32631578947,0.151112643162727
SARIMA+PMI,1,2011Q2,2011Q3,1,1,0,1,0,1,4,2005Q3,2011Q2,24,52.83,2.83,0.00193503494689369,0.0063739894256629,0.761445590960608,,,,,,True,1,0,44978.1,10.7149928281303,0.00267718592695583,45025.8851140277,45086.1968044122,-108.096804412198,108.096804412198,11684.919124129,4762.835,0.022695895283418
SARIMA+PMI,1,2011Q3,2011Q4,1,1,0,1,0,1,4,2005Q3,2011Q3,25,51.93,1.93,0.00193306112615578,0.00606837212550639,0.75007012513246,,,,,,True,1,0,50415,10.831743451034,0.00256486960812153,50601.8517792584,50666.7869838137,-251.786983813676,251.786983813676,63396.6852179882,4851.22380952381,0.051901745559414
SARIMA+PMI,1,2011Q4,2012Q1,0,1,1,1,0,1,4,2005Q3,2011Q4,26,50.93,0.93,0.00132584161266716,0.00635391313952763,0.834709478639754,,,,,,True,1,0,49318.8,10.8268687869901,0.00263280253500358,50355.7849855755,50422.1170549877,-1103.3170549877,1103.3170549877,1217308.52382672,4943.88636363636,0.223167964195717
SARIMA+PMI,1,2012Q1,2012Q2,0,1,1,1,0,1,4,2005Q3,2012Q1,27,49.9,-0.100000000000001,0.00138903276725685,0.00620710992311612,0.822927777357666,,,,,,True,1,0,48902.8,10.813691190536,0.00254567862701554,49696.5697474114,49759.8657694194,-857.065769419416,857.065769419416,734561.733110496,5007.0652173913,0.171171281421006
SARIMA+PMI,1,2012Q2,2012Q3,1,1,0,1,0,1,4,2005Q3,2012Q2,28,51.53,1.53,0.00193861049629307,0.00535642034597471,0.717409742764932,,,,,,True,1,0,51200.4,10.8513774841947,0.00220062628597061,51605.1877493769,51662.0008660813,-461.600866081317,461.600866081317,213075.359567022,5048.1,0.0914405154575616
SARIMA+PMI,1,2012Q3,2012Q4,1,1,0,1,0,1,4,2005Q3,2012Q3,29,51.3,1.3,0.00210906201663744,0.00503855831536199,0.675519876941497,,,,,,True,1,0,57744.7,10.9611495940604,0.00212722154128708,57592.6131225866,57653.9018341023,90.7981658977151,90.7981658977151,8244.30693038899,5095.068,0.0178207956984509
SARIMA+PMI,1,2012Q4,2013Q1,1,1,0,1,0,1,4,2005Q3,2012Q4,30,49.7,-0.299999999999997,0.00213337017961884,0.00484284176942326,0.659560302370156,,,,,,True,1,0,55451,10.9400939359178,0.00205212554093215,56392.6401917877,56450.5322757937,-999.532275793732,999.532275793732,999064.770353397,5181.01538461538,0.192922082177514
SARIMA+PMI,1,2013Q1,2013Q2,1,1,0,1,0,1,4,2005Q3,2013Q1,31,50.47,0.469999999999999,0.00214832231061034,0.00470900596072376,0.64823489806001,,,,,,True,1,0,55313.3,10.9368655791069,0.00199401069509255,56210.8781819143,56266.9486746979,-953.648674697892,953.648674697892,909445.794753045,5216.24444444444,0.182822849821307
SARIMA+PMI,1,2013Q2,2013Q3,1,1,0,1,0,1,4,2005Q3,2013Q2,32,50.47,0.469999999999999,0.00219264733112182,0.00446992629509238,0.623756629675073,,,,,,True,1,0,58052.7,10.9622929593355,0.001920669564678,57658.5001758382,57713.8982351387,338.801764861317,338.801764861317,114786.635873143,5258.89642857143,0.0644244984595279
SARIMA+PMI,1,2013Q3,2013Q4,1,1,0,1,0,1,4,2005Q3,2013Q3,33,50.5,0.5,0.00219388051223234,0.00432052694941234,0.611607095389159,,,,,,True,1,0,65563,11.0787425981557,0.00186175698305141,64779.3784667606,64839.7082723724,723.291727627598,723.291727627598,523150.923254516,5313.84137931034,0.136114662820716
SARIMA+PMI,1,2013Q4,2014Q1,1,1,0,1,0,1,4,2005Q3,2013Q4,34,50.8,0.799999999999997,0.00224305580914074,0.00409795898577272,0.584131936681028,,,,,,True,1,0,62081.2,11.0558228170074,0.00179690626841958,63311.5348726393,63368.4428803382,-1287.24288033817,1287.24288033817,1656994.23298131,5397.32333333333,0.238496528897627
SARIMA+PMI,1,2014Q1,2014Q2,1,1,0,1,0,1,4,2005Q3,2014Q1,35,51.27,1.27,0.00221992943921622,0.00389858453299162,0.569071593793337,,,,,,True,1,0,62117.5,11.0523181703045,0.0017463094901227,63090.0386703723,63145.1500939025,-1027.65009390253,1027.65009390253,1056064.71549787,5437.0935483871,0.189007248957005
SARIMA+PMI,1,2014Q2,2014Q3,1,1,0,1,0,1,4,2005Q3,2014Q2,36,50.33,0.329999999999998,0.00221159235642633,0.00373345060769199,0.553601376784609,,,,,,True,1,0,64952.1,11.0767529383924,0.0016976024663213,64650.6176814917,64705.5165013013,246.583498698652,246.583498698652,60803.4218304681,5479.815625,0.0449985027915336
SARIMA+PMI,1,2014Q3,2014Q4,1,1,0,1,0,1,4,2005Q3,2014Q3,37,50.73,0.729999999999997,0.00220109776600297,0.00361777391452263,0.542914125739116,,,,,,True,1,0,73243.3,11.1963236249847,0.00165114417039406,72862.0805048981,72922.2582417442,321.041758255771,321.041758255771,103067.810543957,5522.83333333333,0.0581299016065011
SARIMA+PMI,1,2014Q4,2015Q1,1,1,0,1,0,1,4,2005Q3,2014Q4,38,51.3,1.3,0.00224020996281078,0.00346216006847928,0.517595977900264,,,,,,True,1,0,70715.3,11.151955512119,0.00159981405548508,69699.9941013181,69755.7699211945,959.530078805532,959.530078805532,920697.97213255,5586.28823529412,0.171765229145039
SARIMA+PMI,1,2015Q1,2015Q2,1,1,0,1,0,1,4,2005Q3,2015Q1,39,50.4,0.399999999999999,0.0022842722079325,0.00335254173881666,0.495646676030681,,,,,,True,1,0,70861.8,11.1539713142048,0.00155659784792432,69840.6372015113,69895.0152527384,966.784747261583,966.784747261583,934672.747537643,5673.36857142857,0.170407533917393
SARIMA+PMI,1,2015Q2,2015Q3,1,1,0,1,0,1,4,2005Q3,2015Q2,40,49.93,-0.0700000000000003,0.00224221066802012,0.00329446340815545,0.49612484355927,,,,,,True,1,0,74502.8,11.2077394845042,0.00152529890654981,73698.6296590263,73754.8573169138,747.942683086192,747.942683086192,559418.257182172,5758.67222222222,0.129881100056354
SARIMA+PMI,1,2015Q3,2015Q4,1,1,0,1,0,1,4,2005Q3,2015Q3,41,50.17,0.170000000000002,0.00224500508166133,0.00317103522368943,0.478962463090775,,,,,,True,1,0,84850.9,11.3280254022661,0.00148530599062353,83118.7346317315,83180.4859360296,1670.41406397037,1670.41406397037,2790283.14511,5861.15945945946,0.284997204994048
SARIMA+PMI,1,2015Q4,2016Q1,1,1,0,1,0,1,4,2005Q3,2015Q4,42,49.83,-0.170000000000002,0.00211180865903446,0.00319105301796374,0.508105477894214,,,,,,True,1,0,78024.4,11.2983947031558,0.0014417496376199,80691.9989027123,80750.1887040621,-2725.78870406211,2725.78870406211,7429924.05919262,6012.38157894737,0.453362559955707
SARIMA+PMI,1,2016Q1,2016Q2,1,1,0,1,0,1,4,2005Q3,2016Q1,43,49.7,-0.299999999999997,0.00213369352563483,0.00318413962699738,0.502793732285756,,,,,,True,1,0,78113.9,11.3024246016171,0.00143050317518265,81017.8355682993,81075.8044325025,-2961.90443250246,2961.90443250246,8772877.86727771,6045.63076923077,0.489924797851875
SARIMA+PMI,1,2016Q2,2016Q3,1,1,0,1,0,1,4,2005Q3,2016Q2,44,49.53,-0.469999999999999,0.00210383487466247,0.0032350651864077,0.515484086981572,,,,,,True,1,0,82343.5,11.3141196676229,0.00143531288313376,81970.9067551734,82029.7548182475,313.745181752529,313.745181752529,98436.0390729274,6075.7925,0.0516385610194109
SARIMA+PMI,1,2016Q3,2016Q4,0,1,1,1,0,1,4,2005Q3,2016Q3,45,50.07,0.0700000000000003,0.00150797248195873,0.00358191029731842,0.67375747790612,,,,,,True,1,0,93834.2,11.4457018158722,0.00152202220144052,93498.6069160543,93569.7874749818,264.412525018153,264.412525018153,69913.9833864755,6118.83902439024,0.043212858511914
SARIMA+PMI,1,2016Q4,2017Q1,0,1,1,1,0,1,4,2005Q3,2016Q4,46,50.23,0.229999999999997,0.00151085476579349,0.00349777241021247,0.665779421501949,,,,,,True,1,0,85823.4,11.3808200891524,0.00148795225819049,87624.8654795601,87690.0805440097,-1866.68054400969,1866.68054400969,3484496.25338433,6187.04047619047,0.301708151287069
SARIMA+PMI,1,2017Q1,2017Q2,0,1,1,1,0,1,4,2005Q3,2017Q1,47,51.43,1.43,0.00158701242959489,0.00341752034228002,0.642378800479454,,,,,,True,1,0,86545.3,11.3754244083688,0.00145653468649125,87153.3429133229,87216.8369643369,-671.536964336934,671.536964336934,450961.894470865,6224.52790697674,0.107885605843978
SARIMA+PMI,1,2017Q2,2017Q3,0,1,1,1,0,1,4,2005Q3,2017Q2,48,51.57,1.57,0.00155276748489477,0.00331153141932486,0.63914318803451,,,,,,True,1,0,90809.7,11.4231174374035,0.00142642925540655,91410.6651706515,91475.8838488723,-666.183848872315,666.183848872315,443800.920498332,6274.68409090909,0.106170101828313
SARIMA+PMI,1,2017Q3,2017Q4,0,1,1,1,0,1,4,2005Q3,2017Q3,49,51.37,1.37,0.00153108491208344,0.00322202223689886,0.634648863163397,,,,,,True,1,0,103083.2,11.5449360333825,0.00139817597274488,103252.841743343,103325.049801516,-241.849801516466,241.849801516466,58491.326493554,6323.38444444444,0.0382468919360025
SARIMA+PMI,1,2017Q4,2018Q1,0,1,1,1,0,1,4,2005Q3,2017Q4,50,51.83,1.83,0.00152868052746356,0.00314894352970245,0.627351341014931,,,,,,True,1,0,90275.4,11.4639590712059,0.00136927587192622,95221.3129459603,95286.5273907094,-5011.12739070941,5011.12739070941,25111397.7259181,6386.9847826087,0.784584206988305
SARIMA+PMI,1,2018Q1,2018Q2,0,1,1,1,0,1,4,2005Q3,2018Q1,51,51.67,1.67,0.00159512826865958,0.00315437156705705,0.613075600285016,,,,,,True,1,0,89742.5,11.4468920511085,0.00138674117470651,93609.9585066918,93674.8874058969,-3932.38740589688,3932.38740589688,15463670.7100564,6345.81489361702,0.619682022217871
SARIMA+PMI,1,2018Q2,2018Q3,0,1,1,1,0,1,4,2005Q3,2018Q2,52,51.03,1.03,0.00156918431692516,0.00319825932839182,0.623683222238185,,,,,,True,1,0,94281.4,11.4750222524239,0.00139860180179247,96280.6123934773,96347.9650596083,-2066.56505960827,2066.56505960827,4270691.14559373,6280.21875,0.329059407303013
SARIMA+PMI,1,2018Q3,2018Q4,0,1,1,1,0,1,4,2005Q3,2018Q3,53,51.6,1.6,0.00155197120532781,0.00317383444879361,0.624849245421113,,,,,,True,1,0,106687.6,11.5878329547193,0.00140479417111888,107778.444016355,107854.173874421,-1166.57387442078,1166.57387442078,1360894.6044811,6222.90204081633,0.187464605222637
SARIMA+PMI,1,2018Q4,2019Q1,0,1,1,1,0,1,4,2005Q3,2018Q4,54,51.1,1.1,0.00171153577123532,0.00312469359578063,0.583866903611503,,,,,,True,1,0,97789.7,11.4652214122166,0.00136916472509689,95341.5906141333,95406.8821316459,2382.81786835412,2382.81786835412,5677820.99374767,6170.532,0.38616084777684
SARIMA+PMI,1,2019Q1,2019Q2,0,1,1,1,0,1,4,2005Q3,2019Q1,55,49.87,-0.130000000000003,0.00161098968765946,0.0030638166734956,0.599019263609492,,,,,,True,1,0,97420,11.4719003091665,0.00135888197771445,95980.4984978296,96045.7337418798,1374.2662581202,1374.2662581202,1888607.7482077,6196.88039215686,0.221767433152261
SARIMA+PMI,1,2019Q2,2019Q3,0,1,1,1,0,1,4,2005Q3,2019Q2,56,49.73,-0.270000000000003,0.00147988021625601,0.00297451782235253,0.618822850927217,,,,,,True,1,0,101464.5,11.5266650437388,0.00134155685372232,101383.44005537,101451.468693321,13.031306678793,13.031306678793,169.814953756756,6225.35384615385,0.00209326361213091
SARIMA+PMI,1,2019Q3,2019Q4,0,1,1,1,0,1,4,2005Q3,2019Q3,57,49.63,-0.369999999999997,0.00147942194609838,0.00291857622700329,0.61222602992074,,,,,,True,1,0,114974.8,11.6459523663007,0.0013182026291515,114228.072678888,114303.385368372,671.41463162846,671.41463162846,450797.607564781,6243.42452830189,0.107539480710448
SARIMA+PMI,1,2019Q4,2020Q1,0,1,1,1,0,1,4,2005Q3,2019Q4,58,49.67,-0.329999999999998,0.00146811671331295,0.00285607707001109,0.607229200704277,,,,,,True,1,0,78579.7,11.557190835574,0.00129569336209843,104525.969928474,104593.708670966,-26014.008670966,26014.008670966,676728647.133095,6281.27222222222,4.14151906662033
SARIMA+PMI,1,2020Q1,2020Q2,1,1,0,1,0,1,4,2005Q3,2020Q1,59,49.9,-0.100000000000001,0.00174979862312765,0.00537762081970348,0.744889499417751,,,,,,True,1,0,93676.5,11.4740810614597,0.00264246651668213,96190.036582319,96317.2100521815,-2640.71005218147,2640.71005218147,6973349.57969227,6516.34,0.405244362967781
SARIMA+PMI,1,2020Q2,2020Q3,1,1,0,1,0,1,4,2005Q3,2020Q2,60,45.9,-4.1,0.00158090559965129,0.00531807876551009,0.766260336815693,,,,,,True,1,0,101067.8,11.3667268637003,0.00261223078786978,86398.6097408519,86511.5300224552,14556.2699775448,14556.2699775448,211884995.659172,6466.825,2.25091447155982
SARIMA+PMI,1,2020Q3,2020Q4,0,1,1,1,0,1,4,2005Q3,2020Q3,61,50.77,0.770000000000003,0.00141796369320931,0.00480218510743929,0.767784053560211,,,,,,True,1,0,118656.6,11.6221235732745,0.00266454574114825,111538.32951484,111687.028036791,6969.57196320912,6969.57196320912,48574933.3503506,6360.33157894737,1.09578751936115
SARIMA+PMI,1,2020Q4,2021Q1,0,1,1,1,0,1,4,2005Q3,2020Q4,62,51.2,1.2,0.00188308854320743,0.00469442207994679,0.688322059882436,,,,,,True,1,0,105220.8,11.3614706856678,0.00267600761680703,85945.6746627808,86060.7472694209,19160.0527305791,19160.0527305791,367107620.63857,6314.15,3.03446271162058
SARIMA+PMI,1,2021Q1,2021Q2,0,1,1,1,0,1,4,2005Q3,2021Q1,63,51.8,1.8,0.00142875674042008,0.00543671598309806,0.792706468044982,,,,,,True,1,0,106683.5,11.5737184696566,0.00300315407099538,106267.89218626,106427.581475658,255.918524341905,255.918524341905,65494.2911013383,6658.67457627119,0.0384338536762098
SARIMA+PMI,1,2021Q2,2021Q3,0,1,1,1,0,1,4,2005Q3,2021Q2,64,51.27,1.27,0.00145278276953716,0.00534956814228831,0.785952590371093,,,,,,True,1,0,106152.9,11.6320813508537,0.00295659937638099,112654.551714449,112821.212059739,-6668.31205973864,6668.31205973864,44466385.7260558,6764.48,0.985783394989511
SARIMA+PMI,1,2021Q3,2021Q4,0,1,1,1,0,1,4,2005Q3,2021Q3,65,51,1,0.00115490018934854,0.00532084792024868,0.828167892892401,,,,,,True,1,0,122766,11.73339146623,0.00296456268913996,124665.753923183,124850.680667402,-2084.68066740187,2084.68066740187,4345893.48503912,6736.94918032787,0.309439868344148
SARIMA+PMI,1,2021Q4,2022Q1,0,1,1,1,0,1,4,2005Q3,2021Q4,66,50.03,0.0300000000000011,0.00119578649565206,0.00524680841147698,0.819718224953844,,,,,,True,1,0,108659.1,11.5620445339956,0.00292407671488388,105034.54068986,105188.217530548,3470.8824694521,3470.8824694521,12047025.1167499,6694.56935483871,0.518462396232166
SARIMA+PMI,1,2022Q1,2022Q2,0,1,1,1,0,1,4,2005Q3,2022Q1,67,49.87,-0.130000000000003,0.000991376426806022,0.00518118625735748,0.848257977328188,,,,,,True,1,0,101772.6,11.6220083493289,0.00290105819307434,111525.478368825,111687.36670369,-9914.76670368982,9914.76670368982,98302598.7885963,6642.88253968254,1.49253981904121
SARIMA+PMI,1,2022Q2,2022Q3,0,1,1,1,0,1,4,2005Q3,2022Q2,68,49.93,-0.0700000000000003,0.00136102870233165,0.00518061152432035,0.792769607872141,,,,,,True,1,0,109872.9,11.613244062997,0.00298009382478098,110552.307944535,110717.158856941,-844.258856940825,844.258856940825,712773.017523029,6615.8203125,0.127612120200072
SARIMA+PMI,1,2022Q3,2022Q4,0,1,1,1,0,1,4,2005Q3,2022Q3,69,49.07,-0.93,0.00135503670909338,0.00510398465608573,0.790635057394546,,,,,,True,1,0,119427.9,11.7418164556732,0.00293705909222525,125720.498450832,125905.258346838,-6477.35834683827,6477.35834683827,41956171.1533554,6571.26923076923,0.985708866790721
SARIMA+PMI,1,2022Q4,2023Q1,0,1,1,1,0,1,4,2005Q3,2022Q4,70,49.5,-0.5,0.00154381039613143,0.00508033474944598,0.761219574467206,,,,,,True,1,0,114922.4,11.5750344936655,0.00293580262599478,106407.835347831,106564.146245469,8358.25375453063,8358.25375453063,69860405.8251253,6522.28181818182,1.28149227333765
SARIMA+PMI,1,2023Q1,2023Q2,0,1,1,1,0,1,4,2005Q3,2023Q1,71,48.07,-1.93,0.00160148495201097,0.00508548877789526,0.752827946092126,,,,,,True,1,0,112665.2,11.6103160925285,0.00297966445970617,110229.087472565,110393.432712769,2271.76728723139,2271.76728723139,5160926.60733465,6518.41641791045,0.348515213141235
SARIMA+PMI,1,2023Q2,2023Q3,0,1,1,1,0,1,4,2005Q3,2023Q2,72,51.53,1.53,0.0014655590798201,0.00504224147616294,0.771314222782959,,,,,,True,1,0,114519.4,11.6738908588263,0.0029478892915505,117464.431820019,117637.695549575,-3118.29554957464,3118.29554957464,9723767.13449702,6582.74264705882,0.473707649951635
SARIMA+PMI,1,2023Q3,2023Q4,0,1,1,1,0,1,4,2005Q3,2023Q3,73,49,-1,0.00125684061751474,0.00495529654763132,0.799776934312544,,,,,,True,1,0,129388.2,11.7707027921306,0.00291372024583385,129405.063661043,129593.726132041,-205.526132040701,205.526132040701,42240.9909516116,6554.68115942029,0.0313556261612087
SARIMA+PMI,1,2023Q4,2024Q1,0,1,1,1,0,1,4,2005Q3,2023Q4,74,49.73,-0.270000000000003,0.00125956006253923,0.00488786422990328,0.796645164960801,,,,,,True,1,0,120326.8,11.6696993629746,0.00287490906602173,116973.110546186,117141.374981445,3185.42501855482,3185.42501855482,10146932.5488349,6603.33285714286,0.482396554507945
SARIMA+PMI,1,2024Q1,2024Q2,0,1,1,1,0,1,4,2005Q3,2024Q1,75,49.3,-0.700000000000003,0.00132545037435892,0.0048191413263474,0.783286504703462,,,,,,True,1,0,115642.2,11.676576283775,0.00284820940939295,117780.297663,117948.14862933,-2305.94862933036,2305.94862933036,5317399.08111058,6586.44647887324,0.350105119160529
SARIMA+PMI,1,2024Q2,2024Q3,0,1,1,1,0,1,4,2005Q3,2024Q2,76,49.7,-0.299999999999997,0.00132342499894449,0.00476050398621171,0.781011570105316,,,,,,True,1,0,117595,11.7024219332403,0.00281439061386269,120864.08553888,121034.284636427,-3439.28463642659,3439.28463642659,11828678.81036,6536.31527777778,0.526180958271627
SARIMA+PMI,1,2024Q3,2024Q4,0,1,1,1,0,1,4,2005Q3,2024Q3,77,49.8,-0.200000000000003,0.00134121976451722,0.00471077791788487,0.77586402180294,,,,,,True,1,0,134330.8,11.8043755058514,0.00278678621518467,133836.676819576,134023.293907888,307.506092111551,307.506092111551,94559.9966857177,6488.90821917808,0.0473894963104442
SARIMA+PMI,1,2024Q4,2025Q1,0,1,1,1,0,1,4,2005Q3,2024Q4,78,49.43,-0.57,0.00141075830151547,0.00462310122706554,0.76024878779132,,,,,,True,1,0,124671.1,11.7179409220963,0.00274719463900693,122754.403911953,122923.134889803,1747.96511019705,1747.96511019705,3055382.02646619,6468.01216216216,0.270247653587085
SARIMA+PMI,1,2025Q1,2025Q2,0,1,1,1,0,1,4,2005Q3,2025Q1,79,50.17,0.170000000000002,0.00141956140576922,0.00455972748194646,0.755552855637002,,,,,,True,1,0,120787.3,11.7070664161313,0.00271321006920811,121426.742329793,121591.582245823,-804.282245822586,804.282245822586,646869.930945422,6439.696,0.124894443126288
SARIMA+PMI,1,2025Q2,2025Q3,0,1,1,1,0,1,4,2005Q3,2025Q2,80,49.93,-0.0700000000000003,0.00140416712024805,0.0045021119361199,0.755123543785147,,,,,,True,1,0,120418.8,11.7301713232323,0.00267936113367202,124264.958025029,124431.544936143,-4012.74493614257,4012.74493614257,16102121.9225378,6422.66184210526,0.624779107913806
SARIMA+PMI,1,2025Q3,2025Q4,0,1,1,1,0,1,4,2005Q3,2025Q3,81,49.4,-0.600000000000001,0.00146685221842579,0.00445204487220272,0.741794186062493,,,,,,True,1,0,135325.2,11.8343905962646,0.00265599160446157,137914.691611985,138097.963408666,-2772.76340866592,2772.76340866592,7688216.92043667,6375.92337662338,0.434880290254421
SARIMA+PMI,1,2025Q4,2026Q1,0,1,1,1,0,1,4,2005Q3,2025Q4,82,49.5,-0.5,0.00148063488207463,0.00440284716812507,0.736651948996799,,,,,,True,1,0,127694.9,11.7466053951046,0.0026275878818927,126324.010240489,126490.083028563,1204.81697143683,1204.81697143683,1451583.93466221,6306.92948717949,0.191030670928847
SARIMA+PMI,1,2026Q1,2026Q2,0,1,1,1,0,1,4,2005Q3,2026Q1,83,49.43,-0.57,0.00148063495924174,0.00434971748360426,0.733556854536532,,,,,,True,1,0,121027.2,11.7270467549239,0.0025967665600315,123877.289638905,124038.234301866,-3011.0343018658,3011.0343018658,9066327.56701248,6265.37088607595,0.480583569052149
SARIMA+PMI,2,2010Q2,2010Q4,1,1,0,1,0,1,4,2005Q3,2010Q2,20,53.9,3.9,0.00203016292014246,0.00957868359411285,0.832149224226157,,,,,,True,1,0,43525.2,10.6623845262606,0.00350224916839517,42718.378918963,42793.2496573482,731.950342651777,731.950342651777,535751.304108053,4177.5375,0.175210956850005
SARIMA+PMI,2,2010Q3,2011Q1,1,1,0,1,0,1,4,2005Q3,2010Q3,21,52.23,2.23,0.00235384863511277,0.00893668748771254,0.792248745440812,,,,,,True,1,0,42921.8,10.6747824383007,0.00333973642839845,43251.2943163007,43323.578613731,-401.778613730974,401.778613730974,161426.054451583,4366.75294117647,0.092008551695789
SARIMA+PMI,2,2010Q4,2011Q2,1,1,0,1,0,1,4,2005Q3,2010Q4,22,54.6,4.6,0.00186876196428191,0.00717040089543449,0.794384265166284,,,,,,True,1,0,42910.9,10.6856515047584,0.00315493453807301,43723.9595703896,43792.9871155171,-882.087115517126,882.087115517126,778077.679361324,4560.74444444444,0.193408581923861
SARIMA+PMI,2,2011Q1,2011Q3,1,1,0,1,0,1,4,2005Q3,2011Q1,23,52.83,2.83,0.00196497751036763,0.00691462847841816,0.776274836573701,,,,,,True,1,0,44978.1,10.718904200809,0.00302287678463574,45202.3430022123,45270.715216027,-292.615216026992,292.615216026992,85623.6646505233,4665.32631578947,0.0627212752592795
SARIMA+PMI,2,2011Q2,2011Q4,1,1,0,1,0,1,4,2005Q3,2011Q2,24,51.93,1.93,0.00193503494689369,0.0063739894256629,0.761445590960608,,,,,,True,1,0,50415,10.832009282005,0.00285350580874665,50615.3051067292,50687.5721816665,-272.572181666503,272.572181666503,74295.594218437,4762.835,0.0572289784690216
SARIMA+PMI,2,2011Q3,2012Q1,1,1,0,1,0,1,4,2005Q3,2011Q3,25,50.93,0.93,0.00193306112615578,0.00606837212550639,0.75007012513246,,,,,,True,1,0,49318.8,10.8251991139591,0.00273378961705649,50271.7774415085,50340.5406584445,-1021.74065844452,1021.74065844452,1043953.97311864,4851.22380952381,0.21061503211595
SARIMA+PMI,2,2011Q4,2012Q2,0,1,1,1,0,1,4,2005Q3,2011Q4,26,49.9,-0.100000000000001,0.00132584161266716,0.00635391313952763,0.834709478639754,,,,,,True,1,0,48902.8,10.8226540814635,0.0030959707297865,50143.9968062172,50221.679089417,-1318.87908941699,1318.87908941699,1739442.0525014,4943.88636363636,0.266769701487824
SARIMA+PMI,2,2012Q1,2012Q3,0,1,1,1,0,1,4,2005Q3,2012Q1,27,51.53,1.53,0.00138903276725685,0.00620710992311612,0.822927777357666,,,,,,True,1,0,51200.4,10.863904769375,0.00299817119713505,52255.7268902069,52334.1214432223,-1133.7214432223,1133.7214432223,1285324.31082206,5007.0652173913,0.226424341205801
SARIMA+PMI,2,2012Q2,2012Q4,1,1,0,1,0,1,4,2005Q3,2012Q2,28,51.3,1.3,0.00193861049629307,0.00535642034597471,0.717409742764932,,,,,,True,1,0,57744.7,10.9645809696421,0.00232913539077776,57790.5744545432,57857.9146941741,-113.214694174101,113.214694174101,12817.5669769353,5048.1,0.0224271892740043
SARIMA+PMI,2,2012Q3,2013Q1,1,1,0,1,0,1,4,2005Q3,2012Q3,29,49.7,-0.299999999999997,0.00210906201663744,0.00503855831536199,0.675519876941497,,,,,,True,1,0,55451,10.9396975566652,0.00223880134735746,56370.2917487372,56433.4280220968,-982.428022096828,982.428022096828,965164.818601087,5095.068,0.192819413224088
SARIMA+PMI,2,2012Q4,2013Q2,1,1,0,1,0,1,4,2005Q3,2012Q4,30,50.47,0.469999999999999,0.00213337017961884,0.00484284176942326,0.659560302370156,,,,,,True,1,0,55313.3,10.9407372554825,0.00216110781859554,56428.9303523624,56489.9378086388,-1176.63780863882,1176.63780863882,1384476.53271837,5181.01538461538,0.227105638816043
SARIMA+PMI,2,2013Q1,2013Q3,1,1,0,1,0,1,4,2005Q3,2013Q1,31,50.47,0.469999999999999,0.00214832231061034,0.00470900596072376,0.64823489806001,,,,,,True,1,0,58052.7,10.966203523816,0.00209990676538235,57884.4189055971,57945.2267641544,107.473235845646,107.473235845646,11550.4964231338,5216.24444444444,0.020603565839425
SARIMA+PMI,2,2013Q2,2013Q4,1,1,0,1,0,1,4,2005Q3,2013Q2,32,50.5,0.5,0.00219264733112182,0.00446992629509238,0.623756629675073,,,,,,True,1,0,65563,11.0771717674117,0.00202275915590106,64677.7009075132,64743.1477035576,819.852296442368,819.852296442368,672157.787981825,5258.89642857143,0.155898163726544
SARIMA+PMI,2,2013Q3,2014Q1,1,1,0,1,0,1,4,2005Q3,2013Q3,33,50.8,0.799999999999997,0.00219388051223234,0.00432052694941234,0.611607095389159,,,,,,True,1,0,62081.2,11.0533035861294,0.00196067615540261,63152.2392345484,63214.1801359134,-1132.98013591341,1132.98013591341,1283643.98837436,5313.84137931034,0.213213013908302
SARIMA+PMI,2,2013Q4,2014Q2,1,1,0,1,0,1,4,2005Q3,2013Q4,34,51.27,1.27,0.00224305580914074,0.00409795898577272,0.584131936681028,,,,,,True,1,0,62117.5,11.0569725077471,0.00188436896974843,63384.3654162829,63444.1133243178,-1326.61332431778,1326.61332431778,1759902.91225746,5397.32333333333,0.245790967556964
SARIMA+PMI,2,2014Q1,2014Q3,1,1,0,1,0,1,4,2005Q3,2014Q1,35,50.33,0.329999999999998,0.00221992943921622,0.00389858453299162,0.569071593793337,,,,,,True,1,0,64952.1,11.0800935719859,0.00183078312580253,64866.9528538404,64926.3587008513,25.7412991486999,25.7412991486999,662.614481862859,5437.0935483871,0.00473438592137816
SARIMA+PMI,2,2014Q2,2014Q4,1,1,0,1,0,1,4,2005Q3,2014Q2,36,50.73,0.729999999999997,0.00221159235642633,0.00373345060769199,0.553601376784609,,,,,,True,1,0,73243.3,11.1952950874949,0.00177981791356155,72787.1776503141,72851.9804416595,391.319558340532,391.319558340532,153130.996739829,5479.815625,0.0714110811603323
SARIMA+PMI,2,2014Q3,2015Q1,1,1,0,1,0,1,4,2005Q3,2014Q3,37,51.3,1.3,0.00220109776600297,0.00361777391452263,0.542914125739116,,,,,,True,1,0,70715.3,11.1511359530798,0.00173110940292975,69642.8942426665,69703.200072434,1012.09992756597,1012.09992756597,1024346.26337904,5522.83333333333,0.183257372888186
SARIMA+PMI,2,2014Q4,2015Q2,1,1,0,1,0,1,4,2005Q3,2014Q4,38,50.4,0.399999999999999,0.00224020996281078,0.00346216006847928,0.517595977900264,,,,,,True,1,0,70861.8,11.1509640209558,0.00167655820765129,69630.9214212233,69689.3160397056,1172.48396029444,1172.48396029444,1374718.63714774,5586.28823529412,0.209886047928336
SARIMA+PMI,2,2015Q1,2015Q3,1,1,0,1,0,1,4,2005Q3,2015Q1,39,49.93,-0.0700000000000003,0.0022842722079325,0.00335254173881666,0.495646676030681,,,,,,True,1,0,74502.8,11.2047710787799,0.00162278458365649,73480.1865990863,73539.8320507524,962.967949247628,962.967949247628,927307.271278182,5673.36857142857,0.169734776988964
SARIMA+PMI,2,2015Q2,2015Q4,1,1,0,1,0,1,4,2005Q3,2015Q2,40,50.17,0.170000000000002,0.00224221066802012,0.00329446340815545,0.49612484355927,,,,,,True,1,0,84850.9,11.3256443235876,0.0015900113378851,82921.0578203319,82987.0067427839,1863.8932572161,1863.8932572161,3474098.07429564,5758.67222222222,0.323667190159477
SARIMA+PMI,2,2015Q3,2016Q1,1,1,0,1,0,1,4,2005Q3,2015Q3,41,49.83,-0.170000000000002,0.00224500508166133,0.00317103522368943,0.478962463090775,,,,,,True,1,0,78024.4,11.293763321485,0.00154890164132751,80319.1475329777,80381.37485559,-2356.97485558999,2356.97485558999,5555330.46988344,5861.15945945946,0.40213457284224
SARIMA+PMI,2,2015Q4,2016Q2,1,1,0,1,0,1,4,2005Q3,2015Q4,42,49.7,-0.299999999999997,0.00211180865903446,0.00319105301796374,0.508105477894214,,,,,,True,1,0,78113.9,11.3094830824462,0.00150613847995373,81591.7214058861,81653.1887631967,-3539.28876319673,3539.28876319673,12526564.9492906,6012.38157894737,0.588666690016767
SARIMA+PMI,2,2016Q1,2016Q3,1,1,0,1,0,1,4,2005Q3,2016Q1,43,49.53,-0.469999999999999,0.00213369352563483,0.00318413962699738,0.502793732285756,,,,,,True,1,0,82343.5,11.321777570074,0.00149276516029853,82601.041639234,82662.7166315225,-319.216631522504,319.216631522504,101899.257840574,6045.63076923077,0.0528012119342711
SARIMA+PMI,2,2016Q2,2016Q4,1,1,0,1,0,1,4,2005Q3,2016Q2,44,50.07,0.0700000000000003,0.00210383487466247,0.0032350651864077,0.515484086981572,,,,,,True,1,0,93834.2,11.436440876264,0.00150775813304175,92636.719069572,92706.5822837682,1127.61771623175,1127.61771623175,1271521.7139597,6075.7925,0.185591874020014
SARIMA+PMI,2,2016Q3,2017Q1,0,1,1,1,0,1,4,2005Q3,2016Q3,45,50.23,0.229999999999997,0.00150797248195873,0.00358191029731842,0.67375747790612,,,,,,True,1,0,85823.4,11.3793719034449,0.00177011480499437,87498.0602426821,87575.5353284958,-1752.13532849582,1752.13532849582,3069978.20936314,6118.83902439024,0.286350943620456
SARIMA+PMI,2,2016Q4,2017Q2,0,1,1,1,0,1,4,2005Q3,2016Q4,46,51.43,1.43,0.00151085476579349,0.00349777241021247,0.665779421501949,,,,,,True,1,0,86545.3,11.384074184381,0.001730490984669,87910.4695756657,87986.5666297641,-1441.2666297641,1441.2666297641,2077249.49807156,6187.04047619047,0.23294928088971
SARIMA+PMI,2,2017Q1,2017Q3,0,1,1,1,0,1,4,2005Q3,2017Q1,47,51.57,1.57,0.00158701242959489,0.00341752034228002,0.642378800479454,,,,,,True,1,0,90809.7,11.4259469066883,0.00168603145678049,91669.675097568,91746.9866583439,-937.286658343917,937.286658343917,878506.279909507,6224.52790697674,0.150579557574698
SARIMA+PMI,2,2017Q2,2017Q4,0,1,1,1,0,1,4,2005Q3,2017Q2,48,51.37,1.37,0.00155276748489477,0.00331153141932486,0.63914318803451,,,,,,True,1,0,103083.2,11.5475598437827,0.00165118421675844,103524.113350368,103609.617332227,-526.41733222708,526.41733222708,277115.207669076,6274.68409090909,0.0838954319612306
SARIMA+PMI,2,2017Q3,2018Q1,0,1,1,1,0,1,4,2005Q3,2017Q3,49,51.83,1.83,0.00153108491208344,0.00322202223689886,0.634648863163397,,,,,,True,1,0,90275.4,11.4646131041269,0.00161848105815776,95283.6111897428,95360.7497572926,-5085.34975729257,5085.34975729257,25860782.1539956,6323.38444444444,0.804213281980731
SARIMA+PMI,2,2017Q4,2018Q2,0,1,1,1,0,1,4,2005Q3,2017Q4,50,51.67,1.67,0.00152868052746356,0.00314894352970245,0.627351341014931,,,,,,True,1,0,89742.5,11.468595423602,0.00158502925509429,95663.8175193067,95739.6625441938,-5997.16254419378,5997.16254419378,35965958.5814808,6386.9847826087,0.938966155129041
SARIMA+PMI,2,2018Q1,2018Q3,0,1,1,1,0,1,4,2005Q3,2018Q1,51,51.03,1.03,0.00159512826865958,0.00315437156705705,0.613075600285016,,,,,,True,1,0,94281.4,11.4933524244961,0.00160402649560107,98061.7267822708,98140.4051325748,-3859.00513257476,3859.00513257476,14891920.6132384,6345.81489361702,0.608118137271285
SARIMA+PMI,2,2018Q2,2018Q4,0,1,1,1,0,1,4,2005Q3,2018Q2,52,51.6,1.6,0.00156918431692516,0.00319825932839182,0.623683222238185,,,,,,True,1,0,106687.6,11.5995406029256,0.00164330166280559,109047.691577239,109137.327523368,-2449.72752336755,2449.72752336755,6001164.93874449,6280.21875,0.390070413290548
SARIMA+PMI,2,2018Q3,2019Q1,0,1,1,1,0,1,4,2005Q3,2018Q3,53,51.1,1.1,0.00155197120532781,0.00317383444879361,0.624849245421113,,,,,,True,1,0,97789.7,11.4704663577773,0.00168195306645762,95842.9657598702,95923.6013465151,1866.09865348492,1866.09865348492,3482324.18453824,6222.90204081633,0.299875948752702
SARIMA+PMI,2,2018Q4,2019Q2,0,1,1,1,0,1,4,2005Q3,2018Q4,54,49.87,-0.130000000000003,0.00171153577123532,0.00312469359578063,0.583866903611503,,,,,,True,1,0,97420,11.4600493355655,0.00161734947499373,94849.7496155229,94926.4832339826,2493.51676601736,2493.51676601736,6217625.86240968,6170.532,0.404100775430281
SARIMA+PMI,2,2019Q1,2019Q3,0,1,1,1,0,1,4,2005Q3,2019Q1,55,49.73,-0.270000000000003,0.00161098968765946,0.0030638166734956,0.599019263609492,,,,,,True,1,0,101464.5,11.5197430183942,0.00160140845645323,100684.084584366,100764.73504088,699.764959120293,699.764959120293,489670.998012626,6196.88039215686,0.112922134176731
SARIMA+PMI,2,2019Q2,2019Q4,0,1,1,1,0,1,4,2005Q3,2019Q2,56,49.63,-0.369999999999997,0.00147988021625601,0.00297451782235253,0.618822850927217,,,,,,True,1,0,114974.8,11.6456101665912,0.0015870479862764,114188.990552933,114279.638217481,695.161782518975,695.161782518975,483249.903874959,6225.35384615385,0.11166622808894
SARIMA+PMI,2,2019Q3,2020Q1,0,1,1,1,0,1,4,2005Q3,2019Q3,57,49.67,-0.329999999999998,0.00147942194609838,0.00291857622700329,0.61222602992074,,,,,,True,1,0,78579.7,11.5544010257203,0.00155942243230206,104234.768734452,104316.073445725,-25736.3734457252,25736.3734457252,662360918.137831,6243.42452830189,4.12215657113503
SARIMA+PMI,2,2019Q4,2020Q2,0,1,1,1,0,1,4,2005Q3,2019Q4,58,49.9,-0.100000000000001,0.00146811671331295,0.00285607707001109,0.607229200704277,,,,,,True,1,0,93676.5,11.5554270148534,0.00153279687637809,104341.767354791,104421.765373592,-10745.2653735918,10745.2653735918,115460727.948912,6281.27222222222,1.71068296253371
SARIMA+PMI,2,2020Q1,2020Q3,1,1,0,1,0,1,4,2005Q3,2020Q1,59,45.9,-4.1,0.00174979862312765,0.00537762081970348,0.744889499417751,,,,,,True,1,0,101067.8,11.3657018569727,0.00287648006467762,86310.0959559747,86434.319901686,14633.480098314,14633.480098314,214138739.787752,6516.34,2.24565938829374
SARIMA+PMI,2,2020Q2,2020Q4,1,1,0,1,0,1,4,2005Q3,2020Q2,60,50.77,0.770000000000003,0.00158090559965129,0.00531807876551009,0.766260336815693,,,,,,True,1,0,118656.6,11.5683055796159,0.00292317487388166,105694.229757477,105848.824064876,12807.7759351245,12807.7759351245,164039124.404354,6466.825,1.98053541500265
SARIMA+PMI,2,2020Q3,2021Q1,0,1,1,1,0,1,4,2005Q3,2020Q3,61,51.2,1.2,0.00141796369320931,0.00480218510743929,0.767784053560211,,,,,,True,1,0,105220.8,11.3394391427767,0.00306564773401758,84072.8650406997,84201.8327519436,21018.9672480564,21018.9672480564,441796984.174869,6360.33157894737,3.30469677361303
SARIMA+PMI,2,2020Q4,2021Q2,0,1,1,1,0,1,4,2005Q3,2020Q4,62,51.8,1.8,0.00188308854320743,0.00469442207994679,0.688322059882436,,,,,,True,1,0,106683.5,11.4825251652403,0.00304084362764056,97005.7142205172,97153.3160045353,9530.18399546469,9530.18399546469,90824406.9874112,6314.15,1.50933759816677
SARIMA+PMI,2,2021Q1,2021Q3,0,1,1,1,0,1,4,2005Q3,2021Q1,63,51.27,1.27,0.00142875674042008,0.00543671598309806,0.792706468044982,,,,,,True,1,0,106152.9,11.6301884710111,0.00367251575802337,112441.511877355,112648.173173115,-6495.2731731152,6495.2731731152,42188573.59339,6658.67457627119,0.97546037108672
SARIMA+PMI,2,2021Q2,2021Q4,0,1,1,1,0,1,4,2005Q3,2021Q2,64,51,1,0.00145278276953716,0.00534956814228831,0.785952590371093,,,,,,True,1,0,122766,11.761108116525,0.00361559043015203,128169.401422004,128401.315015596,-5635.315015596,5635.315015596,31756775.3250018,6764.48,0.83307438496322
SARIMA+PMI,2,2021Q3,2022Q1,0,1,1,1,0,1,4,2005Q3,2021Q3,65,50.03,0.0300000000000011,0.00115490018934854,0.00532084792024868,0.828167892892401,,,,,,True,1,0,108659.1,11.5690120575332,0.00359221407741467,105768.926779582,105959.06980094,2700.03019906035,2700.03019906035,7290163.07583786,6736.94918032787,0.400779362703897
SARIMA+PMI,2,2021Q4,2022Q2,0,1,1,1,0,1,4,2005Q3,2021Q4,66,49.87,-0.130000000000003,0.00119578649565206,0.00524680841147698,0.819718224953844,,,,,,True,1,0,101772.6,11.6061068188219,0.00354379936644771,109766.078222929,109960.745116332,-8188.14511633216,8188.14511633216,67045720.4461142,6694.56935483871,1.22310258992446
SARIMA+PMI,2,2022Q1,2022Q3,0,1,1,1,0,1,4,2005Q3,2022Q1,67,49.93,-0.0700000000000003,0.000991376426806022,0.00518118625735748,0.848257977328188,,,,,,True,1,0,109872.9,11.6547269440159,0.00352424825239729,115234.786063117,115438.023071645,-5565.12307164518,5565.12307164518,30970594.8025575,6642.88253968254,0.837757259503062
SARIMA+PMI,2,2022Q2,2022Q4,0,1,1,1,0,1,4,2005Q3,2022Q2,68,49.07,-0.93,0.00136102870233165,0.00518061152432035,0.792769607872141,,,,,,True,1,0,119427.9,11.7446023656184,0.00359296791779876,126071.232768043,126297.921275556,-6870.02127555582,6870.02127555582,47197192.3265896,6615.8203125,1.03842319637605
SARIMA+PMI,2,2022Q3,2023Q1,0,1,1,1,0,1,4,2005Q3,2022Q3,69,49.5,-0.5,0.00135503670909338,0.00510398465608573,0.790635057394546,,,,,,True,1,0,114922.4,11.5989149147829,0.00354108740115815,108979.483070488,109172.606924392,5749.7930756081,5749.7930756081,33060120.4123109,6571.26923076923,0.87498972781169
SARIMA+PMI,2,2022Q4,2023Q2,0,1,1,1,0,1,4,2005Q3,2022Q4,70,48.07,-1.93,0.00154381039613143,0.00508033474944598,0.761219574467206,,,,,,True,1,0,112665.2,11.5754642085923,0.00356515404063166,106453.570208784,106643.501129723,6021.69887027676,6021.69887027676,36260857.2842924,6522.28181818182,0.92325033449036
SARIMA+PMI,2,2023Q1,2023Q3,0,1,1,1,0,1,4,2005Q3,2023Q1,71,51.53,1.53,0.00160148495201097,0.00508548877789526,0.752827946092126,,,,,,True,1,0,114519.4,11.6642534907904,0.00356518474338131,116337.821359109,116545.389221482,-2025.98922148248,2025.98922148248,4104632.32556318,6518.41641791045,0.310810032926975
SARIMA+PMI,2,2023Q2,2023Q4,0,1,1,1,0,1,4,2005Q3,2023Q2,72,49,-1,0.0014655590798201,0.00504224147616294,0.771314222782959,,,,,,True,1,0,129388.2,11.7819789484463,0.00353908102153376,130872.513434412,131104.302668417,-1716.10266841717,1716.10266841717,2945008.36854852,6582.74264705882,0.260697213977205
SARIMA+PMI,2,2023Q3,2024Q1,0,1,1,1,0,1,4,2005Q3,2023Q3,73,49.73,-0.270000000000003,0.00125684061751474,0.00495529654763132,0.799776934312544,,,,,,True,1,0,120326.8,11.6697572266341,0.00349349093625538,116979.879234251,117184.391871927,3142.40812807271,3142.40812807271,9874728.84337744,6554.68115942029,0.479414337882246
SARIMA+PMI,2,2023Q4,2024Q2,0,1,1,1,0,1,4,2005Q3,2023Q4,74,49.3,-0.700000000000003,0.00125956006253923,0.00488786422990328,0.796645164960801,,,,,,True,1,0,115642.2,11.6643678555081,0.00344695709261694,116351.127062039,116551.828636118,-909.628636117835,909.628636117835,827424.255645593,6603.33285714286,0.137752958361608
SARIMA+PMI,2,2024Q1,2024Q3,0,1,1,1,0,1,4,2005Q3,2024Q1,75,49.7,-0.299999999999997,0.00132545037435892,0.0048191413263474,0.783286504703462,,,,,,True,1,0,117595,11.7105220131768,0.00340508127182905,121847.070045167,122054.696329226,-4459.69632922564,4459.69632922564,19888891.3489087,6586.44647887324,0.677102037271633
SARIMA+PMI,2,2024Q2,2024Q4,0,1,1,1,0,1,4,2005Q3,2024Q2,76,49.8,-0.200000000000003,0.00132342499894449,0.00476050398621171,0.781011570105316,,,,,,True,1,0,134330.8,11.81648837298,0.00336464475259962,135467.680828343,135695.772947508,-1364.97294750786,1364.97294750786,1863151.14742831,6536.31527777778,0.208829116941239
SARIMA+PMI,2,2024Q3,2025Q1,0,1,1,1,0,1,4,2005Q3,2024Q3,77,49.43,-0.57,0.00134121976451722,0.00471077791788487,0.77586402180294,,,,,,True,1,0,124671.1,11.715716474403,0.00333163315817562,122481.646640935,122685.848632854,1985.2513671456,1985.2513671456,3941222.99075346,6488.90821917808,0.305945360928076
SARIMA+PMI,2,2024Q4,2025Q2,0,1,1,1,0,1,4,2005Q3,2024Q4,78,50.17,0.170000000000002,0.00141075830151547,0.00462310122706554,0.76024878779132,,,,,,True,1,0,120787.3,11.7004469123575,0.00327067572457064,120625.612018568,120823.037033366,-35.7370333656145,35.7370333656145,1277.13555377504,6468.01216216216,0.00552519575870249
SARIMA+PMI,2,2025Q1,2025Q3,0,1,1,1,0,1,4,2005Q3,2025Q1,79,49.93,-0.0700000000000003,0.00141956140576922,0.00455972748194646,0.755552855637002,,,,,,True,1,0,120418.8,11.7324642457898,0.0032271290374764,124550.214861323,124751.346894942,-4332.54689494187,4332.54689494187,18770962.5968705,6439.696,0.672787487940715
SARIMA+PMI,2,2025Q2,2025Q4,0,1,1,1,0,1,4,2005Q3,2025Q2,80,49.4,-0.600000000000001,0.00140416712024805,0.0045021119361199,0.755123543785147,,,,,,True,1,0,135325.2,11.8481030772166,0.00318686288844467,139818.869860574,140041.839240339,-4716.63924033928,4716.63924033928,22246685.7235083,6422.66184210526,0.734374525125743
SARIMA+PMI,2,2025Q3,2026Q1,0,1,1,1,0,1,4,2005Q3,2025Q3,81,49.5,-0.5,0.00146685221842579,0.00445204487220272,0.741794186062493,,,,,,True,1,0,127694.9,11.7548248029421,0.00315530304743978,127366.597656266,127567.696353251,127.203646749142,127.203646749142,16180.7677462804,6375.92337662338,0.0199506234995734
SARIMA+PMI,2,2025Q4,2026Q2,0,1,1,1,0,1,4,2005Q3,2025Q4,82,49.43,-0.57,0.00148063488207463,0.00440284716812507,0.736651948996799,,,,,,True,1,0,121027.2,11.7223668903452,0.00312155580794943,123298.915111845,123491.507592083,-2464.30759208328,2464.30759208328,6072811.90839928,6306.92948717949,0.390730163876517
SARIMA-common,1,2010Q3,2010Q4,1,1,0,1,0,1,4,2005Q3,2010Q3,21,53.9,3.9,,,,,,,,,True,1,0,43525.2,10.6811188972746,0.0032468697181672,43526.2244903012,43596.9438690434,-71.7438690434356,71.7438690434356,5147.18274532163,4366.75294117647,0.0164295690665079
SARIMA-common,1,2010Q4,2011Q1,1,1,0,1,0,1,4,2005Q3,2010Q4,22,52.23,2.23,,,,,,,,,True,1,0,42921.8,10.6848387548937,0.00303210638829889,43688.4373654513,43754.7215929783,-832.921592978339,832.921592978339,693758.380049573,4560.74444444444,0.18262842900416
SARIMA-common,1,2011Q1,2011Q2,1,1,0,1,0,1,4,2005Q3,2011Q1,23,54.6,4.6,,,,,,,,,True,1,0,42910.9,10.6729669959405,0.00290869250611861,43172.8453158296,43235.6792617303,-324.779261730335,324.779261730335,105481.568850101,4665.32631578947,0.0696155509275186
SARIMA-common,1,2011Q2,2011Q3,1,1,0,1,0,1,4,2005Q3,2011Q2,24,52.83,2.83,,,,,,,,,True,1,0,44978.1,10.713820117141,0.00273440610479891,44973.1137126007,45034.6431429726,-56.5431429725577,56.5431429725577,3197.1270172151,4762.835,0.0118717408796563
SARIMA-common,1,2011Q3,2011Q4,1,1,0,1,0,1,4,2005Q3,2011Q3,25,51.93,1.93,,,,,,,,,True,1,0,50415,10.8418063214416,0.00261327118207248,51113.6222776626,51180.4528077837,-765.452807783666,765.452807783666,585918.000943898,4851.22380952381,0.157785506881984
SARIMA-common,1,2011Q4,2012Q1,0,1,1,1,0,1,4,2005Q3,2011Q4,26,50.93,0.93,,,,,,,,,True,1,0,49318.8,10.8277015665222,0.00268770489830568,50397.7377188967,50465.5103701843,-1146.71037018432,1146.71037018432,1314944.67308827,4943.88636363636,0.231945130984136
SARIMA-common,1,2012Q1,2012Q2,0,1,1,1,0,1,4,2005Q3,2012Q1,27,49.9,-0.100000000000001,,,,,,,,,True,1,0,48902.8,10.8167326854227,0.00260090252444002,49847.9517072122,49912.8187079737,-1010.01870797365,1010.01870797365,1020137.79045676,5007.0652173913,0.201718704295182
SARIMA-common,1,2012Q2,2012Q3,1,1,0,1,0,1,4,2005Q3,2012Q2,28,51.53,1.53,,,,,,,,,True,1,0,51200.4,10.8491319301568,0.0023265669059008,51489.4355242264,51549.3671845694,-348.967184569439,348.967184569439,121778.095906321,5048.1,0.0691284214990668
SARIMA-common,1,2012Q3,2012Q4,1,1,0,1,0,1,4,2005Q3,2012Q3,29,51.3,1.3,,,,,,,,,True,1,0,57744.7,10.9601637097279,0.00232654871260373,57535.8614475313,57602.8303837922,141.869616207834,141.869616207834,20126.9880029581,5095.068,0.0278444990739739
SARIMA-common,1,2012Q4,2013Q1,1,1,0,1,0,1,4,2005Q3,2012Q4,30,49.7,-0.299999999999997,,,,,,,,,True,1,0,55451,10.9463200702478,0.00213485749826765,56744.843640078,56805.4470567048,-1354.44705670475,1354.44705670475,1834526.82941617,5181.01538461538,0.26142502118922
SARIMA-common,1,2013Q1,2013Q2,1,1,0,1,0,1,4,2005Q3,2013Q1,31,50.47,0.469999999999999,,,,,,,,,True,1,0,55313.3,10.9361100423794,0.00206702207646,56168.4248385123,56226.5055339329,-913.205533932916,913.205533932916,833944.347205703,5216.24444444444,0.175069543549771
SARIMA-common,1,2013Q2,2013Q3,1,1,0,1,0,1,4,2005Q3,2013Q2,32,50.47,0.469999999999999,,,,,,,,,True,1,0,58052.7,10.9639398688072,0.00201117450001382,57753.536742734,57811.6421730688,241.057826931217,241.057826931217,58108.8759248007,5258.89642857143,0.0458381012452646
SARIMA-common,1,2013Q3,2013Q4,1,1,0,1,0,1,4,2005Q3,2013Q3,33,50.5,0.5,,,,,,,,,True,1,0,65563,11.0824745409963,0.00194870223920388,65021.5830702099,65084.9677969479,478.032203052142,478.032203052142,228514.787154884,5313.84137931034,0.0899598179413822
SARIMA-common,1,2013Q4,2014Q1,1,1,0,1,0,1,4,2005Q3,2013Q4,34,50.8,0.799999999999997,,,,,,,,,True,1,0,62081.2,11.0575169552391,0.00188531326477515,63418.8842710605,63478.6946888518,-1397.4946888518,1397.4946888518,1952991.40536898,5397.32333333333,0.258923655772299
SARIMA-common,1,2014Q1,2014Q2,1,1,0,1,0,1,4,2005Q3,2014Q1,35,51.27,1.27,,,,,,,,,True,1,0,62117.5,11.0509836073884,0.00183155199415471,63005.8972029187,63063.6229191298,-946.122919129833,946.122919129833,895148.578102757,5437.0935483871,0.17401262470654
SARIMA-common,1,2014Q2,2014Q3,1,1,0,1,0,1,4,2005Q3,2014Q2,36,50.33,0.329999999999998,,,,,,,,,True,1,0,64952.1,11.0795267268046,0.00178118534866289,64830.1937535314,64887.9567670042,64.1432329958261,64.1432329958261,4114.35433915684,5479.815625,0.0117053633525902
SARIMA-common,1,2014Q3,2014Q4,1,1,0,1,0,1,4,2005Q3,2014Q3,37,50.73,0.729999999999997,,,,,,,,,True,1,0,73243.3,11.1981347436631,0.00173187670549422,72994.1619513353,73057.3977709049,185.902229095082,185.902229095082,34559.6387825202,5522.83333333333,0.0336606625394722
SARIMA-common,1,2014Q4,2015Q1,1,1,0,1,0,1,4,2005Q3,2014Q4,38,51.3,1.3,,,,,,,,,True,1,0,70715.3,11.1550944278407,0.00168011752624539,69919.1202379233,69977.8810854158,737.418914584181,737.418914584181,543786.655586512,5586.28823529412,0.132005167568185
SARIMA-common,1,2015Q1,2015Q2,1,1,0,1,0,1,4,2005Q3,2015Q1,39,50.4,0.399999999999999,,,,,,,,,True,1,0,70861.8,11.1593068734767,0.00163832687658101,70214.2719496628,70271.8124784212,589.987521578805,589.987521578805,348085.275618701,5673.36857142857,0.103992454244912
SARIMA-common,1,2015Q2,2015Q3,1,1,0,1,0,1,4,2005Q3,2015Q2,40,49.93,-0.0700000000000003,,,,,,,,,True,1,0,74502.8,11.2100910914208,0.00159837013650535,73872.1438048432,73931.2049163676,571.595083632375,571.595083632375,326720.939632702,5758.67222222222,0.0992581382608718
SARIMA-common,1,2015Q3,2015Q4,1,1,0,1,0,1,4,2005Q3,2015Q3,41,50.17,0.170000000000002,,,,,,,,,True,1,0,84850.9,11.3293363874819,0.00156033206421702,83227.7735225545,83292.7303396412,1558.16966035881,1558.16966035881,2427892.69046268,5861.15945945946,0.265846659033315
SARIMA-common,1,2015Q4,2016Q1,1,1,0,1,0,1,4,2005Q3,2015Q4,42,49.83,-0.170000000000002,,,,,,,,,True,1,0,78024.4,11.3006658433898,0.00150034784354006,80875.4700134331,80936.1634444163,-2911.76344441631,2911.76344441631,8478366.35623915,6012.38157894737,0.484294518932728
SARIMA-common,1,2016Q1,2016Q2,1,1,0,1,0,1,4,2005Q3,2016Q1,43,49.7,-0.299999999999997,,,,,,,,,True,1,0,78113.9,11.2998899684949,0.00149676693962287,80812.7451031199,80873.2466620647,-2759.34666206472,2759.34666206472,7613994.00144773,6045.63076923077,0.456419977896833
SARIMA-common,1,2016Q2,2016Q3,1,1,0,1,0,1,4,2005Q3,2016Q2,44,49.53,-0.469999999999999,,,,,,,,,True,1,0,82343.5,11.3121342624335,0.00149351789047143,81808.3227424977,81869.4366551408,474.063344859198,474.063344859198,224736.054939091,6075.7925,0.0780249399332183
SARIMA-common,1,2016Q3,2016Q4,0,1,1,1,0,1,4,2005Q3,2016Q3,45,50.07,0.0700000000000003,,,,,,,,,True,1,0,93834.2,11.4432793099495,0.00155627676641597,93272.380115548,93344.9871801173,489.212819882698,489.212819882698,239329.183137581,6118.83902439024,0.0799519023024877
SARIMA-common,1,2016Q4,2017Q1,0,1,1,1,0,1,4,2005Q3,2016Q4,46,50.23,0.229999999999997,,,,,,,,,True,1,0,85823.4,11.3815828533724,0.0015203378974449,87691.7280886946,87758.4139605008,-1935.01396050082,1935.01396050082,3744279.02733305,6187.04047619047,0.312752756014335
SARIMA-common,1,2017Q1,2017Q2,0,1,1,1,0,1,4,2005Q3,2017Q1,47,51.43,1.43,,,,,,,,,True,1,0,86545.3,11.3730470942965,0.00149312897003862,86946.3981286011,87011.3334577335,-466.033457733545,466.033457733545,217187.183727084,6224.52790697674,0.074870490533297
SARIMA-common,1,2017Q2,2017Q3,0,1,1,1,0,1,4,2005Q3,2017Q2,48,51.57,1.57,,,,,,,,,True,1,0,90809.7,11.4204864780686,0.00145985959119498,91170.4835204336,91237.0558664477,-427.355866447746,427.355866447746,182633.036587304,6274.68409090909,0.0681079493813735
SARIMA-common,1,2017Q3,2017Q4,0,1,1,1,0,1,4,2005Q3,2017Q3,49,51.37,1.37,,,,,,,,,True,1,0,103083.2,11.5434549016462,0.00142920289928339,103100.023882206,103173.725639285,-90.5256392853917,90.5256392853917,8194.89136802885,6323.38444444444,0.0143160106871131
SARIMA-common,1,2017Q4,2018Q1,0,1,1,1,0,1,4,2005Q3,2017Q4,50,51.83,1.83,,,,,,,,,True,1,0,90275.4,11.4647576747323,0.00140052726969945,95297.3873948922,95364.1440606858,-5088.74406068579,5088.74406068579,25895316.1151649,6386.9847826087,0.796736524962776
SARIMA-common,1,2018Q1,2018Q2,0,1,1,1,0,1,4,2005Q3,2018Q1,51,51.67,1.67,,,,,,,,,True,1,0,89742.5,11.4468062230278,0.00142700760401334,93601.9244884021,93668.7336488605,-3926.23364886046,3926.23364886046,15415310.6654441,6345.81489361702,0.618712287496708
SARIMA-common,1,2018Q2,2018Q3,0,1,1,1,0,1,4,2005Q3,2018Q2,52,51.03,1.03,,,,,,,,,True,1,0,94281.4,11.4751527545342,0.00143185592065264,96293.1780364775,96362.1416985839,-2080.74169858386,2080.74169858386,4329486.01622567,6280.21875,0.331316755261728
SARIMA-common,1,2018Q3,2018Q4,0,1,1,1,0,1,4,2005Q3,2018Q3,53,51.6,1.6,,,,,,,,,True,1,0,106687.6,11.5874393855935,0.00142173761960109,107736.03409453,107812.647508676,-1125.04750867623,1125.04750867623,1265731.89677859,6222.90204081633,0.180791454099227
SARIMA-common,1,2018Q4,2019Q1,0,1,1,1,0,1,4,2005Q3,2018Q4,54,51.1,1.1,,,,,,,,,True,1,0,97789.7,11.4694689332067,0.00139806968310165,95747.4172900155,95814.3714696155,1975.32853038449,1975.32853038449,3901922.80295095,6170.532,0.320122888980154
SARIMA-common,1,2019Q1,2019Q2,0,1,1,1,0,1,4,2005Q3,2019Q1,55,49.87,-0.130000000000003,,,,,,,,,True,1,0,97420,11.4776893187909,0.00138371007820426,96537.7419149129,96604.5551479912,815.444852008761,815.444852008761,664950.30666759,6196.88039215686,0.131589574173617
SARIMA-common,1,2019Q2,2019Q3,0,1,1,1,0,1,4,2005Q3,2019Q2,56,49.73,-0.270000000000003,,,,,,,,,True,1,0,101464.5,11.5292899058314,0.00136083771532749,101649.907170707,101719.095220183,-254.595220183197,254.595220183197,64818.7261401305,6225.35384615385,0.0408965058814273
SARIMA-common,1,2019Q3,2019Q4,0,1,1,1,0,1,4,2005Q3,2019Q3,57,49.63,-0.369999999999997,,,,,,,,,True,1,0,114974.8,11.6482721070559,0.00133694552563901,114493.35977415,114569.921053396,404.878946603523,404.878946603523,163926.961402779,6243.42452830189,0.064848857348748
SARIMA-common,1,2019Q4,2020Q1,0,1,1,1,0,1,4,2005Q3,2019Q4,58,49.67,-0.329999999999998,,,,,,,,,True,3,2,78579.7,11.5574586035259,0.00130734285136141,104553.962380937,104622.328660694,-26042.6286606942,26042.6286606942,678218507.558813,6281.27222222222,4.14607546677554
SARIMA-common,1,2020Q1,2020Q2,1,1,0,1,0,1,4,2005Q3,2020Q1,59,49.9,-0.100000000000001,,,,,,,,,True,1,0,93676.5,11.4593984561059,0.00268417908509087,94788.0339486621,94915.3333822946,-1238.8333822946,1238.8333822946,1534708.14908748,6516.34,0.190111839206456
SARIMA-common,1,2020Q2,2020Q3,1,1,0,1,0,1,4,2005Q3,2020Q2,60,45.9,-4.1,,,,,,,,,True,1,0,101067.8,11.375198483113,0.00264362648057202,87133.6549961144,87248.9055680484,13818.8944319516,13818.8944319516,190961843.321424,6466.825,2.13689011716749
SARIMA-common,1,2020Q3,2020Q4,0,1,1,1,0,1,4,2005Q3,2020Q3,61,50.77,0.770000000000003,,,,,,,,,True,1,0,118656.6,11.6170981299081,0.0026878109120105,110979.206055052,111128.451879248,7528.14812075158,7528.14812075158,56673014.1279755,6360.33157894737,1.18360938062878
SARIMA-common,1,2020Q4,2021Q1,0,1,1,1,0,1,4,2005Q3,2020Q4,62,51.2,1.2,,,,,,,,,True,1,0,105220.8,11.366858009017,0.00269813536154604,86409.9412569041,86526.5927836616,18694.2072163384,18694.2072163384,349473383.4474,6314.15,2.96068468698692
SARIMA-common,1,2021Q1,2021Q2,0,1,1,1,0,1,4,2005Q3,2021Q1,63,51.8,1.8,,,,,,,,,True,1,0,106683.5,11.5729564483501,0.00301558159079198,106186.944634011,106347.173096866,336.3269031339,336.3269031339,113115.78577164,6658.67457627119,0.0505095870479139
SARIMA-common,1,2021Q2,2021Q3,0,1,1,1,0,1,4,2005Q3,2021Q2,64,51.27,1.27,,,,,,,,,True,1,0,106152.9,11.6300778197671,0.00296814463411393,112429.070772512,112596.047516213,-6443.14751621289,6443.14751621289,41514149.9156804,6764.48,0.952497090125611
SARIMA-common,1,2021Q3,2021Q4,0,1,1,1,0,1,4,2005Q3,2021Q3,65,51,1,,,,,,,,,True,1,0,122766,11.7341350976418,0.00297272862340452,124758.493771644,124944.068225826,-2178.06822582571,2178.06822582571,4743981.19635158,6736.94918032787,0.323301863725758
SARIMA-common,1,2021Q4,2022Q1,0,1,1,1,0,1,4,2005Q3,2021Q4,66,50.03,0.0300000000000011,,,,,,,,,True,1,0,108659.1,11.5642673721327,0.00293023238319465,105268.275153318,105422.618445526,3236.48155447371,3236.48155447371,10474812.8524485,6694.56935483871,0.483448804983167
SARIMA-common,1,2022Q1,2022Q2,0,1,1,1,0,1,4,2005Q3,2022Q1,67,49.87,-0.130000000000003,,,,,,,,,True,1,0,101772.6,11.6233379147254,0.00290560970574579,111673.857403653,111836.215634485,-10063.6156344846,10063.6156344846,101276359.638642,6642.88253968254,1.51494709930028
SARIMA-common,1,2022Q2,2022Q3,0,1,1,1,0,1,4,2005Q3,2022Q2,68,49.93,-0.0700000000000003,,,,,,,,,True,1,0,109872.9,11.6117165286842,0.00299218700194498,110383.564414374,110548.83214487,-675.932144870327,675.932144870327,456884.264469,6615.8203125,0.102169060364776
SARIMA-common,1,2022Q3,2022Q4,0,1,1,1,0,1,4,2005Q3,2022Q3,69,49.07,-0.93,,,,,,,,,True,1,0,119427.9,11.7432031694817,0.00294762559338772,125894.957736632,126080.640133319,-6652.7401333195,6652.7401333195,44258951.28148,6571.26923076923,1.01239804666179
SARIMA-common,1,2022Q4,2023Q1,0,1,1,1,0,1,4,2005Q3,2022Q4,70,49.5,-0.5,,,,,,,,,True,1,0,114922.4,11.574190418895,0.00295392601768493,106318.057073749,106475.200930484,8447.1990695157,8447.1990695157,71355172.1200269,6522.28181818182,1.29512942019278
SARIMA-common,1,2023Q1,2023Q2,0,1,1,1,0,1,4,2005Q3,2023Q1,71,48.07,-1.93,,,,,,,,,True,1,0,112665.2,11.6141941487769,0.00300004485712872,110657.39203179,110823.505157284,1841.69484271579,1841.69484271579,3391839.89368594,6518.41641791045,0.2825371569781
SARIMA-common,1,2023Q2,2023Q3,0,1,1,1,0,1,4,2005Q3,2023Q2,72,51.53,1.53,,,,,,,,,True,1,0,114519.4,11.6697063979829,0.00296530921084144,116973.933455881,117147.494030432,-2628.09403043169,2628.09403043169,6906878.23279069,6582.74264705882,0.399239978127646
SARIMA-common,1,2023Q3,2023Q4,0,1,1,1,0,1,4,2005Q3,2023Q3,73,49,-1,,,,,,,,,True,1,0,129388.2,11.7722328557781,0.0029266656067038,129603.213196797,129793.004660258,-404.804660257796,404.804660257796,163866.81296643,6554.68115942029,0.0617581008766562
SARIMA-common,1,2023Q4,2024Q1,0,1,1,1,0,1,4,2005Q3,2023Q4,74,49.73,-0.270000000000003,,,,,,,,,True,1,0,120326.8,11.6690046226247,0.00288763240665072,116891.872829257,117060.765104648,3266.03489535218,3266.03489535218,10666983.9376581,6603.33285714286,0.49460400770488
SARIMA-common,1,2024Q1,2024Q2,0,1,1,1,0,1,4,2005Q3,2024Q1,75,49.3,-0.700000000000003,,,,,,,,,True,1,0,115642.2,11.6771033614931,0.00285652281459714,117842.393396727,118010.823391758,-2368.62339175795,2368.62339175795,5610376.77198294,6586.44647887324,0.359620836418481
SARIMA-common,1,2024Q2,2024Q3,0,1,1,1,0,1,4,2005Q3,2024Q2,76,49.7,-0.299999999999997,,,,,,,,,True,1,0,117595,11.7033076003745,0.00282097687085135,120971.178304421,121141.927143762,-3546.92714376228,3546.92714376228,12580692.1631577,6536.31527777778,0.54264933575361
SARIMA-common,1,2024Q3,2024Q4,0,1,1,1,0,1,4,2005Q3,2024Q3,77,49.8,-0.200000000000003,,,,,,,,,True,1,0,134330.8,11.8037080868963,0.00279235885163237,133747.381486594,133934.247247592,396.552752407733,396.552752407733,157254.085442149,6488.90821917808,0.0611123996538762
SARIMA-common,1,2024Q4,2025Q1,0,1,1,1,0,1,4,2005Q3,2024Q4,78,49.43,-0.57,,,,,,,,,True,1,0,124671.1,11.7171430394461,0.00275741843352436,122656.499366198,122825.723641099,1845.37635890146,1845.37635890146,3405413.9059924,6468.01216216216,0.285308115172834
SARIMA-common,1,2025Q1,2025Q2,0,1,1,1,0,1,4,2005Q3,2025Q1,79,50.17,0.170000000000002,,,,,,,,,True,1,0,120787.3,11.7061092399698,0.00272338294215474,121310.57115367,121475.87124208,-688.571242080114,688.571242080114,474130.355419751,6439.696,0.106926047763763
SARIMA-common,1,2025Q2,2025Q3,0,1,1,1,0,1,4,2005Q3,2025Q2,80,49.93,-0.0700000000000003,,,,,,,,,True,1,0,120418.8,11.7313796051235,0.00268930833111118,124415.195870071,124582.603809123,-4163.80380912319,4163.80380912319,17337262.1608688,6422.66184210526,0.648298775723547
SARIMA-common,1,2025Q3,2025Q4,0,1,1,1,0,1,4,2005Q3,2025Q3,81,49.4,-0.600000000000001,,,,,,,,,True,1,0,135325.2,11.8345297976049,0.00267001745251746,137933.890858154,138118.156777034,-2792.95677703418,2792.95677703418,7800607.55838116,6375.92337662338,0.438047418711814
SARIMA-common,1,2025Q4,2026Q1,0,1,1,1,0,1,4,2005Q3,2025Q4,82,49.5,-0.5,,,,,,,,,True,1,0,127694.9,11.7456962379191,0.00264111541210231,126209.214050681,126375.990695726,1318.90930427414,1318.90930427414,1739521.75290091,6306.92948717949,0.209120667506301
SARIMA-common,1,2026Q1,2026Q2,0,1,1,1,0,1,4,2005Q3,2026Q1,83,49.43,-0.57,,,,,,,,,True,1,0,121027.2,11.7273217873121,0.00261149272920679,123911.36459136,124073.267084,-3046.06708400036,3046.06708400036,9278524.68023045,6265.37088607595,0.486175062799536
SARIMA-common,2,2010Q2,2010Q4,1,1,0,1,0,1,4,2005Q3,2010Q2,20,53.9,3.9,,,,,,,,,True,1,0,43525.2,10.6771851391587,0.003813793382468,43355.3391825552,43438.0922110519,87.1077889481385,87.1077889481385,7587.76689543344,4177.5375,0.0208514678678859
SARIMA-common,2,2010Q3,2011Q1,1,1,0,1,0,1,4,2005Q3,2010Q3,21,52.23,2.23,,,,,,,,,True,1,0,42921.8,10.6847071828253,0.00359618070581562,43682.6895655184,43761.3056464422,-839.505646442238,839.505646442238,704769.730408399,4366.75294117647,0.192249403103639
SARIMA-common,2,2010Q4,2011Q2,1,1,0,1,0,1,4,2005Q3,2010Q4,22,54.6,4.6,,,,,,,,,True,1,0,42910.9,10.6785156174811,0.00332985546083664,43413.0609117357,43485.4007242795,-574.500724279533,574.500724279533,330051.082197708,4560.74444444444,0.125966436242519
SARIMA-common,2,2011Q1,2011Q3,1,1,0,1,0,1,4,2005Q3,2011Q1,23,52.83,2.83,,,,,,,,,True,1,0,44978.1,10.7161732120675,0.00319431781125367,45079.0643253453,45151.1202814785,-173.020281478457,173.020281478457,29936.0178028845,4665.32631578947,0.0370864264934442
SARIMA-common,2,2011Q2,2011Q4,1,1,0,1,0,1,4,2005Q3,2011Q2,24,51.93,1.93,,,,,,,,,True,1,0,50415,10.8417685347976,0.00298513535950977,51111.6909019036,51188.0355203833,-773.035520383259,773.035520383259,597583.915774216,4762.835,0.162305752851665
SARIMA-common,2,2011Q3,2012Q1,1,1,0,1,0,1,4,2005Q3,2011Q3,25,50.93,0.93,,,,,,,,,True,1,0,49318.8,10.831922116443,0.00285137822896992,50610.8933874908,50683.1002473041,-1364.30024730413,1364.30024730413,1861315.16479412,4851.22380952381,0.281228057263772
SARIMA-common,2,2011Q4,2012Q2,0,1,1,1,0,1,4,2005Q3,2011Q4,26,49.9,-0.100000000000001,,,,,,,,,True,1,0,48902.8,10.8263413953902,0.00321280237247629,50329.234769364,50410.1486845046,-1507.3486845046,1507.3486845046,2272100.05667775,4943.88636363636,0.304891450497641
SARIMA-common,2,2012Q1,2012Q3,0,1,1,1,0,1,4,2005Q3,2012Q1,27,51.53,1.53,,,,,,,,,True,1,0,51200.4,10.8634590227593,0.00311330509250081,52232.4392673682,52313.8103437659,-1113.41034376592,1113.41034376592,1239682.59360495,5007.0652173913,0.222367853308292
SARIMA-common,2,2012Q2,2012Q4,1,1,0,1,0,1,4,2005Q3,2012Q2,28,51.3,1.3,,,,,,,,,True,1,0,57744.7,10.9617896804485,0.00252067719877013,57629.4891709698,57702.1676307484,42.5323692516322,42.5323692516322,1809.00243415719,5048.1,0.00842542129744502
SARIMA-common,2,2012Q3,2013Q1,1,1,0,1,0,1,4,2005Q3,2012Q3,29,49.7,-0.299999999999997,,,,,,,,,True,1,0,55451,10.9441966132563,0.00252064094747992,56624.476247841,56695.8862248466,-1244.88622484661,1244.88622484661,1549741.71281285,5095.068,0.24433162125542
SARIMA-common,2,2012Q4,2013Q2,1,1,0,1,0,1,4,2005Q3,2012Q4,30,50.47,0.469999999999999,,,,,,,,,True,1,0,55313.3,10.9426104702057,0.00230810545153797,56534.7329200395,56600.0146446972,-1286.71464469719,1286.71464469719,1655634.57687821,5181.01538461538,0.248351828585182
SARIMA-common,2,2013Q1,2013Q3,1,1,0,1,0,1,4,2005Q3,2013Q1,31,50.47,0.469999999999999,,,,,,,,,True,1,0,58052.7,10.9682056786906,0.00222621341281155,58000.4285729808,58065.0251837905,-12.32518379049,12.32518379049,151.910155469357,5216.24444444444,0.00236284628179511
SARIMA-common,2,2013Q2,2013Q4,1,1,0,1,0,1,4,2005Q3,2013Q2,32,50.5,0.5,,,,,,,,,True,1,0,65563,11.0810079768674,0.00217325522716876,64926.2946392504,64996.8836889127,566.116311087317,566.116311087317,320487.677679112,5258.89642857143,0.107649260405971
SARIMA-common,2,2013Q3,2014Q1,1,1,0,1,0,1,4,2005Q3,2013Q3,33,50.8,0.799999999999997,,,,,,,,,True,1,0,62081.2,11.0554719692629,0.00210574436514697,63289.3260596148,63355.9967221609,-1274.79672216086,1274.79672216086,1625106.68283208,5313.84137931034,0.239901162109267
SARIMA-common,2,2013Q4,2014Q2,1,1,0,1,0,1,4,2005Q3,2013Q4,34,51.27,1.27,,,,,,,,,True,1,0,62117.5,11.0570586790446,0.00203600753257772,63389.8275646233,63454.3915054201,-1336.89150542008,1336.89150542008,1787278.89726438,5397.32333333333,0.247695278354657
SARIMA-common,2,2014Q1,2014Q3,1,1,0,1,0,1,4,2005Q3,2014Q1,35,50.33,0.329999999999998,,,,,,,,,True,1,0,64952.1,11.0833515856072,0.00196738374397214,65078.6349140845,65142.683735277,-190.58373527701,190.58373527701,36322.1601521376,5437.0935483871,0.0350525025146104
SARIMA-common,2,2014Q2,2014Q4,1,1,0,1,0,1,4,2005Q3,2014Q2,36,50.73,0.729999999999997,,,,,,,,,True,1,0,73243.3,11.1976219431688,0.0019139435369265,72956.740104798,73026.5910627641,216.708937235919,216.708937235919,46962.7634779214,5479.815625,0.0395467570564327
SARIMA-common,2,2014Q3,2015Q1,1,1,0,1,0,1,4,2005Q3,2014Q3,37,51.3,1.3,,,,,,,,,True,1,0,70715.3,11.1544306284571,0.00186095983067489,69872.7233698211,69937.7687925834,777.53120741657,777.53120741657,604554.77850667,5522.83333333333,0.140784840042835
SARIMA-common,2,2014Q4,2015Q2,1,1,0,1,0,1,4,2005Q3,2014Q4,38,50.4,0.399999999999999,,,,,,,,,True,1,0,70861.8,11.1562645550307,0.00180140696365167,70000.9823868396,70064.0609186688,797.739081331238,797.739081331238,636387.641883207,5586.28823529412,0.142803064885039
SARIMA-common,2,2015Q1,2015Q3,1,1,0,1,0,1,4,2005Q3,2015Q1,39,49.93,-0.0700000000000003,,,,,,,,,True,1,0,74502.8,11.2076245539607,0.00175659979056794,73690.1599221864,73754.9104129417,747.889587058307,747.889587058307,559338.834430246,5673.36857142857,0.13182460783964
SARIMA-common,2,2015Q2,2015Q4,1,1,0,1,0,1,4,2005Q3,2015Q2,40,50.17,0.170000000000002,,,,,,,,,True,1,0,84850.9,11.3270523220254,0.0017137586043099,83037.8927726128,83109.0767178934,1741.82328210656,1741.82328210656,3033948.34608847,5758.67222222222,0.302469599742978
SARIMA-common,2,2015Q3,2016Q1,1,1,0,1,0,1,4,2005Q3,2015Q3,41,49.83,-0.170000000000002,,,,,,,,,True,1,0,78024.4,11.2952233459206,0.00167297424016281,80436.5010997137,80503.8133458565,-2479.41334585655,2479.41334585655,6147490.53961156,5861.15945945946,0.423024379904042
SARIMA-common,2,2015Q4,2016Q2,1,1,0,1,0,1,4,2005Q3,2015Q4,42,49.7,-0.299999999999997,,,,,,,,,True,1,0,78113.9,11.3091965339314,0.00158677788955887,81568.3447687244,81633.0858707492,-3519.18587074924,3519.18587074924,12384669.1928811,6012.38157894737,0.585323107746825
SARIMA-common,2,2016Q1,2016Q3,1,1,0,1,0,1,4,2005Q3,2016Q1,43,49.53,-0.469999999999999,,,,,,,,,True,1,0,82343.5,11.3207827321345,0.0015939723145046,82518.9078508431,82584.7004925416,-241.20049254164,241.20049254164,58177.6776023299,6045.63076923077,0.0398966628543096
SARIMA-common,2,2016Q2,2016Q4,1,1,0,1,0,1,4,2005Q3,2016Q2,44,50.07,0.0700000000000003,,,,,,,,,True,1,0,93834.2,11.4338894646022,0.00160772033634674,92400.6659266516,92474.973003751,1359.22699624898,1359.22699624898,1847498.02733203,6075.7925,0.223711885527523
SARIMA-common,2,2016Q3,2017Q1,0,1,1,1,0,1,4,2005Q3,2016Q3,45,50.23,0.229999999999997,,,,,,,,,True,1,0,85823.4,11.3792148372621,0.00184626874867569,87484.3183355789,87565.1154045881,-1741.71540458807,1741.71540458807,3033572.5505794,6118.83902439024,0.284648018626645
SARIMA-common,2,2016Q4,2017Q2,0,1,1,1,0,1,4,2005Q3,2016Q4,46,51.43,1.43,,,,,,,,,True,1,0,86545.3,11.3825859949854,0.0018002554042353,87779.7394468023,87858.787993519,-1313.48799351898,1313.48799351898,1725250.70911852,6187.04047619047,0.21229665436547
SARIMA-common,2,2017Q1,2017Q3,0,1,1,1,0,1,4,2005Q3,2017Q1,47,51.57,1.57,,,,,,,,,True,1,0,90809.7,11.4224250875482,0.00176973395692462,91347.3989135669,91428.2649830147,-618.564983014716,618.564983014716,382622.638211996,6224.52790697674,0.0993754052128836
SARIMA-common,2,2017Q2,2017Q4,0,1,1,1,0,1,4,2005Q3,2017Q2,48,51.37,1.37,,,,,,,,,True,1,0,103083.2,11.5451463177273,0.00172561892839883,103274.55648257,103363.701199237,-280.501199236765,280.501199236765,78680.9227732635,6274.68409090909,0.0447036368959454
SARIMA-common,2,2017Q3,2018Q1,0,1,1,1,0,1,4,2005Q3,2017Q3,49,51.83,1.83,,,,,,,,,True,1,0,90275.4,11.4648272796398,0.00168938020744221,95304.0207915779,95384.5571641352,-5109.15716413522,5109.15716413522,26103486.9278342,6323.38444444444,0.807978260537992
SARIMA-common,2,2017Q4,2018Q2,0,1,1,1,0,1,4,2005Q3,2017Q4,50,51.67,1.67,,,,,,,,,True,1,0,89742.5,11.4702997604769,0.00165548446080433,95826.9999104775,95906.3528024554,-6163.85280245537,6163.85280245537,37993081.3703369,6386.9847826087,0.96506458246763
SARIMA-common,2,2018Q1,2018Q3,0,1,1,1,0,1,4,2005Q3,2018Q1,51,51.03,1.03,,,,,,,,,True,1,0,94281.4,11.4942030405415,0.001683317776221,98145.1751467357,98227.8146779926,-3946.41467799264,3946.41467799264,15574188.8106757,6345.81489361702,0.621892498308163
SARIMA-common,2,2018Q2,2018Q4,0,1,1,1,0,1,4,2005Q3,2018Q2,52,51.6,1.6,,,,,,,,,True,1,0,106687.6,11.5982567925097,0.00170876241100346,108907.784841045,109000.873366426,-2313.27336642623,2313.27336642623,5351233.66781696,6280.21875,0.368342801184471
SARIMA-common,2,2018Q3,2019Q1,0,1,1,1,0,1,4,2005Q3,2018Q3,53,51.1,1.1,,,,,,,,,True,1,0,97789.7,11.4739807926812,0.00171544874306727,96180.3922083706,96262.9238644779,1526.77613552206,1526.77613552206,2331045.36799967,6222.90204081633,0.245347930195246
SARIMA-common,2,2018Q4,2019Q2,0,1,1,1,0,1,4,2005Q3,2018Q4,54,49.87,-0.130000000000003,,,,,,,,,True,1,0,97420,11.4672696706555,0.00169186832512668,95537.0749645784,95617.9272331089,1802.0727668911,1802.0727668911,3247466.25717054,6170.532,0.292044959314869
SARIMA-common,2,2019Q1,2019Q3,0,1,1,1,0,1,4,2005Q3,2019Q1,55,49.73,-0.270000000000003,,,,,,,,,True,1,0,101464.5,11.5249807456786,0.0016685155997465,101212.823848556,101297.296667454,167.203332546269,167.203332546269,27956.9544145782,6196.88039215686,0.0269818557024098
SARIMA-common,2,2019Q2,2019Q4,0,1,1,1,0,1,4,2005Q3,2019Q2,56,49.63,-0.369999999999997,,,,,,,,,True,1,0,114974.8,11.6491039655466,0.00164328890284156,114588.641672639,114682.831484234,291.96851576629,291.96851576629,85245.6141987702,6225.35384615385,0.0468999068939148
SARIMA-common,2,2019Q3,2020Q1,0,1,1,1,0,1,4,2005Q3,2019Q3,57,49.67,-0.329999999999998,,,,,,,,,True,1,0,78579.7,11.5556007634691,0.0016144385979002,104359.898167481,104444.17350108,-25864.4735010799,25864.4735010799,668970989.488065,6243.42452830189,4.14267416605012
SARIMA-common,2,2019Q4,2020Q2,0,1,1,1,0,1,4,2005Q3,2019Q4,58,49.9,-0.100000000000001,,,,,,,,,True,3,2,93676.5,11.5543520127761,0.0015775344169757,104229.660006749,104311.905376675,-10635.405376675,10635.405376675,113111847.526208,6281.27222222222,1.69319287564843
SARIMA-common,2,2020Q1,2020Q3,1,1,0,1,0,1,4,2005Q3,2020Q1,59,45.9,-4.1,,,,,,,,,True,1,0,101067.8,11.3754819024785,0.00299850361626631,87158.3538612288,87289.1241851765,13778.6758148235,13778.6758148235,189851907.210003,6516.34,2.11448079977772
SARIMA-common,2,2020Q2,2020Q4,1,1,0,1,0,1,4,2005Q3,2020Q2,60,50.77,0.770000000000003,,,,,,,,,True,1,0,118656.6,11.5653915741135,0.00299233534342038,105386.6845023,105544.47866651,13112.1213334904,13112.1213334904,171927725.864173,6466.825,2.02759798409426
SARIMA-common,2,2020Q3,2021Q1,0,1,1,1,0,1,4,2005Q3,2020Q3,61,51.2,1.2,,,,,,,,,True,1,0,105220.8,11.3409101769019,0.00312397735649762,84196.6301031766,84328.2470514761,20892.5529485239,20892.5529485239,436498768.706876,6360.33157894737,3.2848213476288
SARIMA-common,2,2020Q4,2021Q2,0,1,1,1,0,1,4,2005Q3,2020Q4,62,51.8,1.8,,,,,,,,,True,1,0,106683.5,11.4809147334039,0.00310318058350623,96849.6188542321,97000.006422381,9683.49357761903,9683.49357761903,93770047.8677889,6314.15,1.53361791810759
SARIMA-common,2,2021Q1,2021Q3,0,1,1,1,0,1,4,2005Q3,2021Q1,63,51.27,1.27,,,,,,,,,True,1,0,106152.9,11.6275557460814,0.0037260032801101,112145.873643738,112354.996327729,-6202.09632772859,6202.09632772859,38465998.8584245,6658.67457627119,0.931431061345203
SARIMA-common,2,2021Q2,2021Q4,0,1,1,1,0,1,4,2005Q3,2021Q2,64,51,1,,,,,,,,,True,1,0,122766,11.7620115215269,0.00367629032682042,128285.242618228,128521.26637299,-5755.26637298957,5755.26637298957,33123091.0240645,6764.48,0.850806916864204
SARIMA-common,2,2021Q3,2022Q1,0,1,1,1,0,1,4,2005Q3,2021Q3,65,50.03,0.0300000000000011,,,,,,,,,True,1,0,108659.1,11.5718584066016,0.00363366501779031,106070.410926799,106263.298266539,2395.8017334607,2395.8017334607,5739865.94605329,6736.94918032787,0.355621167583767
SARIMA-common,2,2021Q4,2022Q2,0,1,1,1,0,1,4,2005Q3,2021Q4,66,49.87,-0.130000000000003,,,,,,,,,True,1,0,101772.6,11.6084017619945,0.0035817262900144,110018.274412003,110215.478615088,-8442.87861508802,8442.87861508802,71282199.3091106,6694.56935483871,1.26115335693485
SARIMA-common,2,2022Q1,2022Q3,0,1,1,1,0,1,4,2005Q3,2022Q1,67,49.93,-0.0700000000000003,,,,,,,,,True,1,0,109872.9,11.655141184349,0.00355623305936248,115282.530847507,115487.698973552,-5614.79897355188,5614.79897355188,31525967.5133992,6642.88253968254,0.845235323673239
SARIMA-common,2,2022Q2,2022Q4,0,1,1,1,0,1,4,2005Q3,2022Q2,68,49.07,-0.93,,,,,,,,,True,1,0,119427.9,11.7453724455316,0.00364716373342572,126168.355083209,126398.643318599,-6970.74331859891,6970.74331859891,48591262.4137913,6615.8203125,1.0536476187886
SARIMA-common,2,2022Q3,2023Q1,0,1,1,1,0,1,4,2005Q3,2022Q3,69,49.5,-0.5,,,,,,,,,True,1,0,114922.4,11.5996236913187,0.00359285202325476,109056.752551137,109252.841014638,5669.55898536183,5669.55898536183,32143899.0884971,6571.26923076923,0.862779896281643
SARIMA-common,2,2022Q4,2023Q2,0,1,1,1,0,1,4,2005Q3,2022Q4,70,48.07,-1.93,,,,,,,,,True,1,0,112665.2,11.5777213839632,0.00363381277892747,106694.125971738,106888.155424233,5777.04457576686,5777.04457576686,33374244.0303973,6522.28181818182,0.885739797330208
SARIMA-common,2,2023Q1,2023Q3,0,1,1,1,0,1,4,2005Q3,2023Q1,71,51.53,1.53,,,,,,,,,True,1,0,114519.4,11.6612140922759,0.00363018070639419,115984.761174781,116195.475170527,-1676.07517052731,1676.07517052731,2809227.97725817,6518.41641791045,0.257129195662004
SARIMA-common,2,2023Q2,2023Q4,0,1,1,1,0,1,4,2005Q3,2023Q2,72,49,-1,,,,,,,,,True,1,0,129388.2,11.7820035250932,0.00359714866167424,130875.729881482,131111.331419705,-1723.13141970466,1723.13141970466,2969181.8895734,6582.74264705882,0.261764968204333
SARIMA-common,2,2023Q3,2024Q1,0,1,1,1,0,1,4,2005Q3,2023Q3,73,49.73,-0.270000000000003,,,,,,,,,True,1,0,120326.8,11.6697670126345,0.00354336866724469,116981.02400499,117188.461154865,3138.33884513483,3138.33884513483,9849170.70688221,6554.68115942029,0.478793517000359
SARIMA-common,2,2023Q4,2024Q2,0,1,1,1,0,1,4,2005Q3,2023Q4,74,49.3,-0.700000000000003,,,,,,,,,True,1,0,115642.2,11.664148071759,0.00349610947494868,116325.557785076,116529.07905879,-886.879058789957,886.879058789957,786554.464920159,6603.33285714286,0.134307792440088
SARIMA-common,2,2024Q1,2024Q3,0,1,1,1,0,1,4,2005Q3,2024Q1,75,49.7,-0.299999999999997,,,,,,,,,True,1,0,117595,11.7120148904543,0.00344923211017492,122029.108614177,122239.743554073,-4644.74355407264,4644.74355407264,21573642.6830994,6586.44647887324,0.705197190772168
SARIMA-common,2,2024Q2,2024Q4,0,1,1,1,0,1,4,2005Q3,2024Q2,76,49.8,-0.200000000000003,,,,,,,,,True,1,0,134330.8,11.8165651067527,0.00339923960935196,135478.076173402,135708.533183939,-1377.73318393866,1377.73318393866,1898148.72612576,6536.31527777778,0.210781323327944
SARIMA-common,2,2024Q3,2025Q1,0,1,1,1,0,1,4,2005Q3,2024Q3,77,49.43,-0.57,,,,,,,,,True,1,0,124671.1,11.7151784600826,0.0033611337598057,122415.76748461,122621.668335638,2049.43166436233,2049.43166436233,4200170.14689096,6488.90821917808,0.315836130692248
SARIMA-common,2,2024Q4,2025Q2,0,1,1,1,0,1,4,2005Q3,2024Q4,78,50.17,0.170000000000002,,,,,,,,,True,1,0,120787.3,11.6989743174056,0.00331907410706354,120448.110077549,120648.164131895,139.135868104539,139.135868104539,19358.7897932035,6468.01216216216,0.0215113800988939
SARIMA-common,2,2025Q1,2025Q3,0,1,1,1,0,1,4,2005Q3,2025Q1,79,49.93,-0.0700000000000003,,,,,,,,,True,1,0,120418.8,11.7333164052431,0.00326994842193015,124656.39673985,124860.373436632,-4441.57343663233,4441.57343663233,19727574.5929979,6439.696,0.689717874358096
SARIMA-common,2,2025Q2,2025Q4,0,1,1,1,0,1,4,2005Q3,2025Q2,80,49.4,-0.600000000000001,,,,,,,,,True,1,0,135325.2,11.849483961761,0.00322903450524041,140012.076944607,140238.311439013,-4913.11143901316,4913.11143901316,24138664.0121619,6422.66184210526,0.764964988006079
SARIMA-common,2,2025Q3,2026Q1,0,1,1,1,0,1,4,2005Q3,2025Q3,81,49.5,-0.5,,,,,,,,,True,1,0,127694.9,11.7541966251554,0.00319920230935953,127286.613913494,127490.384660597,204.515339402918,204.515339402918,41826.5240510909,6375.92337662338,0.0320761915290186
SARIMA-common,2,2025Q4,2026Q2,0,1,1,1,0,1,4,2005Q3,2025Q4,82,49.43,-0.57,,,,,,,,,True,1,0,121027.2,11.7221888236845,0.00316458999562769,123276.961640407,123472.176563225,-2444.97656322515,2444.97656322515,5977910.39472027,6306.92948717949,0.38766511789853
