model,horizon,origin,target,actual,coverage,method,lower,upper,width,covered,winkler_score,critical_value,n_calibration,fallback,fallback_reason,calibration_last_target
SARIMA,1,2004Q4,2005Q1,15112.2,0.8,parametric,14778.9022191288,15527.1453496472,748.243130518427,True,748.243130518427,1.2815515655446,0,False,,
SARIMA,1,2004Q4,2005Q1,15112.2,0.95,parametric,14586.9619869038,15731.4568359511,1144.49484904726,True,1144.49484904726,1.95996398454005,0,False,,
SARIMA,1,2005Q1,2005Q2,14497.5,0.8,parametric,14280.6365647939,14997.2759766584,716.6394118645,True,716.6394118645,1.2815515655446,0,False,,
SARIMA,1,2005Q1,2005Q2,14497.5,0.95,parametric,14096.7536341858,15192.9056322012,1096.15199801532,True,1096.15199801532,1.95996398454005,0,False,,
SARIMA,1,2005Q2,2005Q3,15470.9,0.8,parametric,15004.8672374039,15747.279183766,742.41194636207,True,742.41194636207,1.2815515655446,0,False,,
SARIMA,1,2005Q2,2005Q3,15470.9,0.95,parametric,14814.2899804162,15949.8588062676,1135.56882585141,True,1135.56882585141,1.95996398454005,0,False,,
SARIMA,1,2005Q3,2005Q4,22096,0.8,parametric,17724.4659750878,18592.0777463698,867.611771282052,False,35906.8343075839,1.2815515655446,0,False,,
SARIMA,1,2005Q3,2005Q4,22096,0.95,parametric,17501.6785874644,18828.7453557597,1327.0667682953,False,132017.252537908,1.95996398454005,0,False,,
SARIMA,1,2005Q4,2006Q1,18440.2,0.8,parametric,20603.2919715808,22526.4376060938,1923.14563451305,False,23554.0653503209,1.2815515655446,0,False,,
SARIMA,1,2005Q4,2006Q1,18440.2,0.95,parametric,20122.3431130737,23064.8472928784,2942.5041798047,False,70228.2287027528,1.95996398454005,0,False,,
SARIMA,1,2006Q1,2006Q2,18008,0.8,parametric,18175.3330670671,20000.8439485995,1825.5108815324,False,3498.8415522032,1.2815515655446,0,False,,
SARIMA,1,2006Q1,2006Q2,18008,0.95,parametric,17720.6862993888,20513.9910636964,2793.30476430761,True,2793.30476430761,1.95996398454005,0,False,,
SARIMA,1,2006Q2,2006Q3,18643.2,0.8,parametric,18370.1756777329,20231.9202550836,1861.74457735077,True,1861.74457735077,1.2815515655446,0,False,,
SARIMA,1,2006Q2,2006Q3,18643.2,0.95,parametric,17906.7492149176,20755.522117557,2848.77290263945,True,2848.77290263945,1.95996398454005,0,False,,
SARIMA,1,2006Q3,2006Q4,21318.6,0.8,parametric,25386.3045522322,27946.1656982174,2559.86114598525,False,43236.9066683071,1.2815515655446,0,False,,
SARIMA,1,2006Q3,2006Q4,21318.6,0.95,parametric,24748.9137770385,28665.8994359706,3916.98565893211,False,141129.536740472,1.95996398454005,0,False,,
SARIMA,1,2006Q4,2007Q1,21187.8,0.8,parametric,18747.630864185,20825.0157028461,2077.38483866116,False,5705.22781019997,1.2815515655446,0,False,,
SARIMA,1,2006Q4,2007Q1,21187.8,0.95,parametric,18233.3511115756,21412.3945043735,3179.04339279788,True,3179.04339279788,1.95996398454005,0,False,,
SARIMA,1,2007Q1,2007Q2,20856,0.8,parametric,18990.3674568769,21076.2640024329,2085.89654555596,True,2085.89654555596,1.2815515655446,0,False,,
SARIMA,1,2007Q1,2007Q2,20856,0.95,parametric,18473.6920851486,21665.7285495255,3192.03646437683,True,3192.03646437683,1.95996398454005,0,False,,
SARIMA,1,2007Q2,2007Q3,21783.2,0.8,parametric,20562.5509792585,22818.5979730181,2256.04699375962,True,2256.04699375962,1.2815515655446,0,False,,
SARIMA,1,2007Q2,2007Q3,21783.2,0.95,parametric,20003.6896396543,23456.10197657,3452.41233691574,True,3452.41233691574,1.95996398454005,0,False,,
SARIMA,1,2007Q3,2007Q4,25383,0.8,parametric,25219.1203246605,27925.0389652816,2705.91864062118,True,2705.91864062118,1.2815515655446,0,False,,
SARIMA,1,2007Q3,2007Q4,25383,0.95,parametric,24547.8804344565,28688.6242425948,4140.74380813829,True,4140.74380813829,1.95996398454005,0,False,,
SARIMA,1,2007Q4,2008Q1,25555.2,0.8,parametric,22745.3573932366,25195.3398773805,2449.98248414397,False,6048.58371033874,1.2815515655446,0,False,,
SARIMA,1,2007Q4,2008Q1,25555.2,0.95,parametric,22137.7525095048,25886.8649791362,3749.11246963139,True,3749.11246963139,1.95996398454005,0,False,,
SARIMA,1,2008Q1,2008Q2,25487.5,0.8,parametric,23001.0048110025,25548.1820765493,2547.17726554683,True,2547.17726554683,1.2815515655446,0,False,,
SARIMA,1,2008Q1,2008Q2,25487.5,0.95,parametric,22370.3987641698,26268.3676339413,3897.96886977157,True,3897.96886977157,1.95996398454005,0,False,,
SARIMA,1,2008Q2,2008Q3,26843,0.8,parametric,25072.6423888536,27873.2880102798,2800.6456214262,True,2800.6456214262,1.2815515655446,0,False,,
SARIMA,1,2008Q2,2008Q3,26843,0.95,parametric,24379.6683092355,28665.5656516264,4285.89734239088,True,4285.89734239088,1.95996398454005,0,False,,
SARIMA,1,2008Q3,2008Q4,30602,0.8,parametric,30702.4826000392,34106.1429964775,3403.66039643835,False,4408.48639683026,1.2815515655446,0,False,,
SARIMA,1,2008Q3,2008Q4,30602,0.95,parametric,29859.8936277075,35068.5529881505,5208.659360443,True,5208.659360443,1.95996398454005,0,False,,
SARIMA,1,2008Q4,2009Q1,29398,0.8,parametric,28168.0284758906,31351.4462549509,3183.41777906037,True,3183.41777906037,1.2815515655446,0,False,,
SARIMA,1,2008Q4,2009Q1,29398,0.95,parametric,27380.9395102792,32252.6708967848,4871.7313865056,True,4871.7313865056,1.95996398454005,0,False,,
SARIMA,1,2009Q1,2009Q2,29313.2,0.8,parametric,27177.0034282168,30215.0232085826,3038.01978036586,True,3038.01978036586,1.2815515655446,0,False,,
SARIMA,1,2009Q1,2009Q2,29313.2,0.95,parametric,26425.331867224,31074.4929694448,4649.16110222082,True,4649.16110222082,1.95996398454005,0,False,,
SARIMA,1,2009Q2,2009Q3,30964.9,0.8,parametric,28985.5704140579,32215.6737197995,3230.10330574162,True,3230.10330574162,1.2815515655446,0,False,,
SARIMA,1,2009Q2,2009Q3,30964.9,0.95,parametric,28186.212929985,33129.3062094263,4943.09327944127,True,4943.09327944127,1.95996398454005,0,False,,
SARIMA,1,2009Q3,2009Q4,35666.6,0.8,parametric,34636.2729372802,38466.4409150728,3830.16797779258,True,3830.16797779258,1.2815515655446,0,False,,
SARIMA,1,2009Q3,2009Q4,35666.6,0.95,parametric,33687.949005921,39549.2805521065,5861.33154618555,True,5861.33154618555,1.95996398454005,0,False,,
SARIMA,1,2009Q4,2010Q1,36374,0.8,parametric,32753.6162518157,36364.9700012228,3611.35374940715,False,3701.65373717916,1.2815515655446,0,False,,
SARIMA,1,2009Q4,2010Q1,36374,0.95,parametric,31859.3019440236,37385.7617634423,5526.4598194187,True,5526.4598194187,1.95996398454005,0,False,,
SARIMA,1,2010Q1,2010Q2,36295.4,0.8,parametric,33558.9589710624,37284.2394059456,3725.28043488313,True,3725.28043488313,1.2815515655446,0,False,,
SARIMA,1,2010Q1,2010Q2,36295.4,0.95,parametric,32636.8302076742,38337.6771742124,5700.84696653811,True,5700.84696653811,1.95996398454005,0,False,,
SARIMA,1,2010Q2,2010Q3,38359.1,0.8,parametric,36080.1218587802,40068.0922293354,3987.97037055514,True,3987.97037055514,1.2815515655446,0,False,,
SARIMA,1,2010Q2,2010Q3,38359.1,0.95,parametric,35092.6977225044,41195.5120040881,6102.8142815836,True,6102.8142815836,1.95996398454005,0,False,,
SARIMA,1,2010Q3,2010Q4,43525.2,0.8,parametric,42271.4129435919,46906.2986904447,4634.88574685282,True,4634.88574685282,1.2815515655446,0,False,,
SARIMA,1,2010Q3,2010Q4,43525.2,0.95,parametric,41123.2259812481,48215.9527684768,7092.72678722868,True,7092.72678722868,1.95996398454005,0,False,,
SARIMA,1,2010Q4,2011Q1,42921.8,0.8,parametric,40997.9507590232,45476.7212425422,4478.77048351901,True,4478.77048351901,1.2815515655446,0,False,,
SARIMA,1,2010Q4,2011Q1,42921.8,0.95,parametric,39888.1802353784,46741.9763744929,6853.79613911443,True,6853.79613911443,1.95996398454005,0,False,,
SARIMA,1,2011Q1,2011Q2,42910.9,0.8,parametric,40439.2785526703,44820.6304131097,4381.35186043935,True,4381.35186043935,1.2815515655446,0,False,,
SARIMA,1,2011Q1,2011Q2,42910.9,0.95,parametric,39353.0825770903,46057.7377802978,6704.65520320743,True,6704.65520320743,1.95996398454005,0,False,,
SARIMA,1,2011Q2,2011Q3,44978.1,0.8,parametric,42822.4012658343,47427.9281490389,4605.52688320455,True,4605.52688320455,1.2815515655446,0,False,,
SARIMA,1,2011Q2,2011Q3,44978.1,0.95,parametric,41680.1049410106,48727.7508844981,7047.64594348754,True,7047.64594348754,1.95996398454005,0,False,,
SARIMA,1,2011Q3,2011Q4,50415,0.8,parametric,49163.0547406628,54407.4630971887,5244.40835652589,True,5244.40835652589,1.2815515655446,0,False,,
SARIMA,1,2011Q3,2011Q4,50415,0.95,parametric,47861.6394976008,55886.8671158196,8025.22761821886,True,8025.22761821886,1.95996398454005,0,False,,
SARIMA,1,2011Q4,2012Q1,49318.8,0.8,parametric,47592.5701430998,52656.8014637752,5064.23132067539,True,5064.23132067539,1.2815515655446,0,False,,
SARIMA,1,2011Q4,2012Q1,49318.8,0.95,parametric,46335.673128838,54085.1647974936,7749.49166865563,True,7749.49166865563,1.95996398454005,0,False,,
SARIMA,1,2012Q1,2012Q2,48902.8,0.8,parametric,46853.3231333305,51805.6631630227,4952.3400296922,True,4952.3400296922,1.2815515655446,0,False,,
SARIMA,1,2012Q1,2012Q2,48902.8,0.95,parametric,45623.691905578,53201.9083711377,7578.21646555963,True,7578.21646555963,1.95996398454005,0,False,,
SARIMA,1,2012Q2,2012Q3,51200.4,0.8,parametric,48895.5085864185,54023.4030657166,5127.89447929813,True,5127.89447929813,1.2815515655446,0,False,,
SARIMA,1,2012Q2,2012Q3,51200.4,0.95,parametric,47621.6805148343,55468.4702410797,7846.78972624536,True,7846.78972624536,1.95996398454005,0,False,,
SARIMA,1,2012Q3,2012Q4,57744.7,0.8,parametric,55357.4279259216,61120.5708352577,5763.14290933618,True,5763.14290933618,1.2815515655446,0,False,,
SARIMA,1,2012Q3,2012Q4,57744.7,0.95,parametric,53925.1606175964,62743.95024611,8818.78962851359,True,8818.78962851359,1.95996398454005,0,False,,
SARIMA,1,2012Q4,2013Q1,55451,0.8,parametric,54160.4506502524,59762.1449290365,5601.69427878408,True,5601.69427878408,1.2815515655446,0,False,,
SARIMA,1,2012Q4,2013Q1,55451,0.95,parametric,52767.7577895024,61339.4397786261,8571.68198912375,True,8571.68198912375,1.95996398454005,0,False,,
SARIMA,1,2013Q1,2013Q2,55313.3,0.8,parametric,52791.4907617529,58229.1002064798,5437.6094447269,True,5437.6094447269,1.2815515655446,0,False,,
SARIMA,1,2013Q1,2013Q2,55313.3,0.95,parametric,51439.2584401968,59759.8235050258,8320.565064829,True,8320.565064829,1.95996398454005,0,False,,
SARIMA,1,2013Q2,2013Q3,58052.7,0.8,parametric,55173.2136646219,60816.6368211135,5643.42315649162,True,5643.42315649162,1.2815515655446,0,False,,
SARIMA,1,2013Q2,2013Q3,58052.7,0.95,parametric,53769.2159712155,62404.6536124183,8635.43764120281,True,8635.43764120281,1.95996398454005,0,False,,
SARIMA,1,2013Q3,2013Q4,65563,0.8,parametric,62514.117320059,68862.0460524168,6347.92873235788,True,6347.92873235788,1.2815515655446,0,False,,
SARIMA,1,2013Q3,2013Q4,65563,0.95,parametric,60934.1691063534,70647.5543845767,9713.38527822329,True,9713.38527822329,1.95996398454005,0,False,,
SARIMA,1,2013Q4,2014Q1,62081.2,0.8,parametric,60916.0864328891,67060.2685074578,6144.18207456869,True,6144.18207456869,1.2815515655446,0,False,,
SARIMA,1,2013Q4,2014Q1,62081.2,0.95,parametric,59386.2440362063,68787.8005910341,9401.5565548278,True,9401.5565548278,1.95996398454005,0,False,,
SARIMA,1,2014Q1,2014Q2,62117.5,0.8,parametric,59328.9185171713,65298.1592334337,5969.24071626235,True,5969.24071626235,1.2815515655446,0,False,,
SARIMA,1,2014Q1,2014Q2,62117.5,0.95,parametric,57842.4185294958,66976.2652906042,9133.84676110842,True,9133.84676110842,1.95996398454005,0,False,,
SARIMA,1,2014Q2,2014Q3,64952.1,0.8,parametric,61999.4183042038,68193.9899574416,6194.57165323778,True,6194.57165323778,1.2815515655446,0,False,,
SARIMA,1,2014Q2,2014Q3,64952.1,0.95,parametric,60456.1775601489,69934.7507539258,9478.57319377692,True,9478.57319377692,1.95996398454005,0,False,,
SARIMA,1,2014Q3,2014Q4,73243.3,0.8,parametric,69937.5909413503,76878.3113935538,6940.72045220343,True,6940.72045220343,1.2815515655446,0,False,,
SARIMA,1,2014Q3,2014Q4,73243.3,0.95,parametric,68207.7878177824,78828.0058117112,10620.2179939287,True,10620.2179939287,1.95996398454005,0,False,,
SARIMA,1,2014Q4,2015Q1,70715.3,0.8,parametric,67353.1219764104,73995.7208201112,6642.59884370083,True,6642.59884370083,1.2815515655446,0,False,,
SARIMA,1,2014Q4,2015Q1,70715.3,0.95,parametric,65697.0225297681,75861.0149778268,10163.9924480588,True,10163.9924480588,1.95996398454005,0,False,,
SARIMA,1,2015Q1,2015Q2,70861.8,0.8,parametric,67291.0176580957,73882.7864560135,6591.76879791771,True,6591.76879791771,1.2815515655446,0,False,,
SARIMA,1,2015Q1,2015Q2,70861.8,0.95,parametric,65646.954943842,75733.1073816591,10086.1524378171,True,10086.1524378171,1.95996398454005,0,False,,
SARIMA,1,2015Q2,2015Q3,74502.8,0.8,parametric,70716.4690942881,77600.6919942559,6884.22289996788,True,6884.22289996788,1.2815515655446,0,False,,
SARIMA,1,2015Q2,2015Q3,74502.8,0.95,parametric,68998.8551240812,79532.4346648751,10533.5795407939,True,10533.5795407939,1.95996398454005,0,False,,
SARIMA,1,2015Q3,2015Q4,84850.9,0.8,parametric,80051.6628928723,87796.9922731359,7745.32938026365,True,7745.32938026365,1.2815515655446,0,False,,
SARIMA,1,2015Q3,2015Q4,84850.9,0.95,parametric,78118.5318479587,89969.6277208114,11851.0958728527,True,11851.0958728527,1.95996398454005,0,False,,
SARIMA,1,2015Q4,2016Q1,78024.4,0.8,parametric,77992.6284349746,85492.5406148661,7499.91217989146,True,7499.91217989146,1.2815515655446,0,False,,
SARIMA,1,2015Q4,2016Q1,78024.4,0.95,parametric,76120.1034888967,87595.6238697157,11475.5203808189,True,11475.5203808189,1.95996398454005,0,False,,
SARIMA,1,2016Q1,2016Q2,78113.9,0.8,parametric,75373.0713471366,82648.9296306542,7275.85828351756,True,7275.85828351756,1.2815515655446,0,False,,
SARIMA,1,2016Q1,2016Q2,78113.9,0.95,parametric,73556.878016963,84689.614863469,11132.7368465059,True,11132.7368465059,1.95996398454005,0,False,,
SARIMA,1,2016Q2,2016Q3,82343.5,0.8,parametric,78158.3630192753,85661.8070552111,7503.44403593583,True,7503.44403593583,1.2815515655446,0,False,,
SARIMA,1,2016Q2,2016Q3,82343.5,0.95,parametric,76284.7827825328,87765.6902005538,11480.907418021,True,11480.907418021,1.95996398454005,0,False,,
SARIMA,1,2016Q3,2016Q4,93834.2,0.8,parametric,88813.5125158727,97291.2105851236,8477.69806925084,True,8477.69806925084,1.2815515655446,0,False,,
SARIMA,1,2016Q3,2016Q4,93834.2,0.95,parametric,86695.9878022951,99667.5205857396,12971.5327834445,True,12971.5327834445,1.95996398454005,0,False,,
SARIMA,1,2016Q4,2017Q1,85823.4,0.8,parametric,84722.2847294766,92761.8561086926,8039.57137921594,True,8039.57137921594,1.2815515655446,0,False,,
SARIMA,1,2016Q4,2017Q1,85823.4,0.95,parametric,82713.5347439589,95014.6358706958,12301.1011267369,True,12301.1011267369,1.95996398454005,0,False,,
SARIMA,1,2017Q1,2017Q2,86545.3,0.8,parametric,82685.0431580949,90525.9943620091,7840.95120391417,True,7840.95120391417,1.2815515655446,0,False,,
SARIMA,1,2017Q1,2017Q2,86545.3,0.95,parametric,80725.8466508599,92723.0380515612,11997.1914007013,True,11997.1914007013,1.95996398454005,0,False,,
SARIMA,1,2017Q2,2017Q3,90809.7,0.8,parametric,86857.1421694464,95045.0252371609,8187.88306771455,True,8187.88306771455,1.2815515655446,0,False,,
SARIMA,1,2017Q2,2017Q3,90809.7,0.95,parametric,84810.5885526363,97338.5447549296,12527.9562022933,True,12527.9562022933,1.95996398454005,0,False,,
SARIMA,1,2017Q3,2017Q4,103083.2,0.8,parametric,98324.6088307207,107540.579399621,9215.97056890019,True,9215.97056890019,1.2815515655446,0,False,,
SARIMA,1,2017Q3,2017Q4,103083.2,0.95,parametric,96020.3609339832,110121.283653231,14100.9227192476,True,14100.9227192476,1.95996398454005,0,False,,
SARIMA,1,2017Q4,2018Q1,90275.4,0.8,parametric,91986.4551185486,100559.406386715,8572.95126816603,False,25683.5024536526,1.2815515655446,0,False,,
SARIMA,1,2017Q4,2018Q1,90275.4,0.95,parametric,89842.3129935157,102959.318545228,13117.0055517119,True,13117.0055517119,1.95996398454005,0,False,,
SARIMA,1,2018Q1,2018Q2,89742.5,0.8,parametric,88016.1314738867,96323.2000989312,8307.06862504457,True,8307.06862504457,1.2815515655446,0,False,,
SARIMA,1,2018Q1,2018Q2,89742.5,0.95,parametric,85939.9243841103,98650.2548687435,12710.3304846332,True,12710.3304846332,1.95996398454005,0,False,,
SARIMA,1,2018Q2,2018Q3,94281.4,0.8,parametric,90555.8213661555,99078.8129840506,8522.9916178951,True,8522.9916178951,1.2815515655446,0,False,,
SARIMA,1,2018Q2,2018Q3,94281.4,0.95,parametric,88425.3212925409,101465.995922949,13040.6746304082,True,13040.6746304082,1.95996398454005,0,False,,
SARIMA,1,2018Q3,2018Q4,106687.6,0.8,parametric,102139.789545025,111702.206330018,9562.41678499318,True,9562.41678499318,1.2815515655446,0,False,,
SARIMA,1,2018Q3,2018Q4,106687.6,0.95,parametric,99748.7679228012,114379.757102293,14630.9891794919,True,14630.9891794919,1.95996398454005,0,False,,
SARIMA,1,2018Q4,2019Q1,97789.7,0.8,parametric,92650.0749892994,101276.099695445,8626.02470614563,True,8626.02470614563,1.2815515655446,0,False,,
SARIMA,1,2018Q4,2019Q1,97789.7,0.95,parametric,90492.5394214889,103690.73839007,13198.1989685816,True,13198.1989685816,1.95996398454005,0,False,,
SARIMA,1,2019Q1,2019Q2,97420,0.8,parametric,93310.3099846171,101953.925741705,8643.61575708784,True,8643.61575708784,1.2815515655446,0,False,,
SARIMA,1,2019Q1,2019Q2,97420,0.95,parametric,91147.7798327817,104372.837523417,13225.0576906356,True,13225.0576906356,1.95996398454005,0,False,,
SARIMA,1,2019Q2,2019Q3,101464.5,0.8,parametric,97823.6003893533,106837.568163019,9013.96777366534,True,9013.96777366534,1.2815515655446,0,False,,
SARIMA,1,2019Q2,2019Q3,101464.5,0.95,parametric,95567.7686475692,109359.418164204,13791.6495166349,True,13791.6495166349,1.95996398454005,0,False,,
SARIMA,1,2019Q3,2019Q4,114974.8,0.8,parametric,109930.076213699,120010.453201033,10080.3769873335,True,10080.3769873335,1.2815515655446,0,False,,
SARIMA,1,2019Q3,2019Q4,114974.8,0.95,parametric,107406.705134767,122829.931802458,15423.2266676909,True,15423.2266676909,1.95996398454005,0,False,,
SARIMA,1,2019Q4,2020Q1,78579.7,0.8,parametric,100452.261565302,109613.502868144,9161.24130284264,False,227886.856955859,1.2815515655446,0,False,,
SARIMA,1,2019Q4,2020Q1,78579.7,0.95,parametric,98158.3041619107,112175.168012656,14016.8638507458,False,797161.030327175,1.95996398454005,0,False,,
SARIMA,1,2020Q1,2020Q2,93676.5,0.8,parametric,79966.2358245785,89578.2287848096,9611.99296023119,False,50594.7051121347,1.2815515655446,0,False,,
SARIMA,1,2020Q1,2020Q2,93676.5,0.95,parametric,77599.4849271629,92310.3262151514,14710.8412879885,False,69357.7926819328,1.95996398454005,0,False,,
SARIMA,1,2020Q2,2020Q3,101067.8,0.8,parametric,85975.078265332,96423.7167399836,10448.6384746516,False,56889.4710748153,1.2815515655446,0,False,,
SARIMA,1,2020Q2,2020Q3,101067.8,0.95,parametric,83404.278220912,99395.8196172692,15991.5413963572,False,82870.7567055905,1.95996398454005,0,False,,
SARIMA,1,2020Q3,2020Q4,118656.6,0.8,parametric,105145.676864336,118011.257797253,12865.5809329172,False,19319.0029603836,1.2815515655446,0,False,,
SARIMA,1,2020Q3,2020Q4,118656.6,0.95,parametric,101981.707084981,121672.542393942,19690.835308961,True,19690.835308961,1.95996398454005,0,False,,
SARIMA,1,2020Q4,2021Q1,105220.8,0.8,parametric,86485.4201852378,97104.700464913,10619.2802796751,False,91780.2756305452,1.2815515655446,0,False,,
SARIMA,1,2020Q4,2021Q1,105220.8,0.95,parametric,83874.5097161816,100127.450522068,16252.9408058861,False,219986.919923178,1.95996398454005,0,False,,
SARIMA,1,2021Q1,2021Q2,106683.5,0.8,parametric,102651.076721869,115583.723080978,12932.6463591087,True,12932.6463591087,1.2815515655446,0,False,,
SARIMA,1,2021Q1,2021Q2,106683.5,0.95,parametric,99477.1885994154,119271.501264104,19794.3126646889,True,19794.3126646889,1.95996398454005,0,False,,
SARIMA,1,2021Q2,2021Q3,106152.9,0.8,parametric,106951.478331499,120370.530989544,13419.0526580452,False,21404.8359730316,1.2815515655446,0,False,,
SARIMA,1,2021Q2,2021Q3,106152.9,0.95,parametric,103657.245923567,124195.912424413,20538.666500846,True,20538.666500846,1.95996398454005,0,False,,
SARIMA,1,2021Q3,2021Q4,122766,0.8,parametric,116821.849358449,131560.293377339,14738.44401889,True,14738.44401889,1.2815515655446,0,False,,
SARIMA,1,2021Q3,2021Q4,122766,0.95,parametric,113205.149333595,135763.407097241,22558.2577636461,True,22558.2577636461,1.95996398454005,0,False,,
SARIMA,1,2021Q4,2022Q1,108659.1,0.8,parametric,98665.1640041293,111055.3138896,12390.1498854706,True,12390.1498854706,1.2815515655446,0,False,,
SARIMA,1,2021Q4,2022Q1,108659.1,0.95,parametric,95623.7053298089,114587.598552633,18963.8932228243,True,18963.8932228243,1.95996398454005,0,False,,
SARIMA,1,2022Q1,2022Q2,101772.6,0.8,parametric,105678.836988165,118931.659490458,13252.8225022923,False,52315.1923839452,1.2815515655446,0,False,,
SARIMA,1,2022Q1,2022Q2,101772.6,0.95,parametric,102425.297282367,122709.523813975,20284.2265316078,False,46392.1178262857,1.95996398454005,0,False,,
SARIMA,1,2022Q2,2022Q3,109872.9,0.8,parametric,102355.530265522,115418.804607881,13063.2743423594,True,13063.2743423594,1.2815515655446,0,False,,
SARIMA,1,2022Q2,2022Q3,109872.9,0.95,parametric,99152.5761541881,119147.211363235,19994.6352090471,True,19994.6352090471,1.95996398454005,0,False,,
SARIMA,1,2022Q3,2022Q4,119427.9,0.8,parametric,118103.954168221,133081.486244677,14977.5320764561,True,14977.5320764561,1.2815515655446,0,False,,
SARIMA,1,2022Q3,2022Q4,119427.9,0.95,parametric,114429.954199178,137354.330534137,22924.3763349591,True,22924.3763349591,1.95996398454005,0,False,,
SARIMA,1,2022Q4,2023Q1,114922.4,0.8,parametric,98918.0755624078,111479.151092949,12561.0755305412,False,46993.5646010507,1.2815515655446,0,False,,
SARIMA,1,2022Q4,2023Q1,114922.4,0.95,parametric,95837.1291273655,115062.953073128,19225.823945763,True,19225.823945763,1.95996398454005,0,False,,
SARIMA,1,2023Q1,2023Q2,112665.2,0.8,parametric,105441.954206227,119007.726186909,13565.7719806818,True,13565.7719806818,1.2815515655446,0,False,,
SARIMA,1,2023Q1,2023Q2,112665.2,0.95,parametric,102117.741650155,122881.754061668,20764.0124115138,True,20764.0124115138,1.95996398454005,0,False,,
SARIMA,1,2023Q2,2023Q3,114519.4,0.8,parametric,111023.834402906,125241.316242178,14217.4818392725,True,14217.4818392725,1.2815515655446,0,False,,
SARIMA,1,2023Q2,2023Q3,114519.4,0.95,parametric,107538.738412523,129300.114174059,21761.3757615362,True,21761.3757615362,1.95996398454005,0,False,,
SARIMA,1,2023Q3,2023Q4,129388.2,0.8,parametric,122315.542584853,137935.988045905,15620.4454610521,True,15620.4454610521,1.2815515655446,0,False,,
SARIMA,1,2023Q3,2023Q4,129388.2,0.95,parametric,118485.775210194,142394.436715144,23908.6615049492,True,23908.6615049492,1.95996398454005,0,False,,
SARIMA,1,2023Q4,2024Q1,120326.8,0.8,parametric,109666.425035654,123612.322724658,13945.8976890034,True,13945.8976890034,1.2815515655446,0,False,,
SARIMA,1,2023Q4,2024Q1,120326.8,0.95,parametric,106246.167351008,127591.628588174,21345.4612371666,True,21345.4612371666,1.95996398454005,0,False,,
SARIMA,1,2024Q1,2024Q2,115642.2,0.8,parametric,111659.138063276,125832.860677485,14173.7226142089,True,14173.7226142089,1.2815515655446,0,False,,
SARIMA,1,2024Q1,2024Q2,115642.2,0.95,parametric,108182.552486204,129876.661627816,21694.1091416113,True,21694.1091416113,1.95996398454005,0,False,,
SARIMA,1,2024Q2,2024Q3,117595,0.8,parametric,113957.884306082,128375.545905209,14417.6615991274,True,14417.6615991274,1.2815515655446,0,False,,
SARIMA,1,2024Q2,2024Q3,117595,0.95,parametric,110420.618642282,132487.988093866,22067.3694515845,True,22067.3694515845,1.95996398454005,0,False,,
SARIMA,1,2024Q3,2024Q4,134330.8,0.8,parametric,125631.411910761,141486.206946027,15854.7950352661,True,15854.7950352661,1.2815515655446,0,False,,
SARIMA,1,2024Q3,2024Q4,134330.8,0.95,parametric,121740.854816264,146007.779979485,24266.9251632205,True,24266.9251632205,1.95996398454005,0,False,,
SARIMA,1,2024Q4,2025Q1,124671.1,0.8,parametric,115121.300778369,129586.366784553,14465.0660061843,True,14465.0660061843,1.2815515655446,0,False,,
SARIMA,1,2024Q4,2025Q1,124671.1,0.95,parametric,111570.651813809,133710.351825104,22139.7000112954,True,22139.7000112954,1.95996398454005,0,False,,
SARIMA,1,2025Q1,2025Q2,120787.3,0.8,parametric,114738.637179396,129109.032757758,14370.3955783618,True,14370.3955783618,1.2815515655446,0,False,,
SARIMA,1,2025Q1,2025Q2,120787.3,0.95,parametric,111210.409890728,133205.106255168,21994.6963644403,True,21994.6963644403,1.95996398454005,0,False,,
SARIMA,1,2025Q2,2025Q3,120418.8,0.8,parametric,117509.153593376,132162.627133327,14653.4735399511,True,14653.4735399511,1.2815515655446,0,False,,
SARIMA,1,2025Q2,2025Q3,120418.8,0.95,parametric,113910.308878597,136338.129568819,22427.8206902222,True,22427.8206902222,1.95996398454005,0,False,,
SARIMA,1,2025Q3,2025Q4,135325.2,0.8,parametric,129580.089019224,145711.689016148,16131.5999969242,True,16131.5999969242,1.2815515655446,0,False,,
SARIMA,1,2025Q3,2025Q4,135325.2,0.95,parametric,125617.748221361,150307.84981579,24690.1015944284,True,24690.1015944284,1.95996398454005,0,False,,
SARIMA,1,2025Q4,2026Q1,127694.9,0.8,parametric,118064.252653534,132710.589008321,14646.3363547868,True,14646.3363547868,1.2815515655446,0,False,,
SARIMA,1,2025Q4,2026Q1,127694.9,0.95,parametric,114465.833402209,136882.561763407,22416.7283611987,True,22416.7283611987,1.95996398454005,0,False,,
SARIMA,1,2026Q1,2026Q2,121027.2,0.8,parametric,116939.53595762,131399.891409315,14460.3554516951,True,14460.3554516951,1.2815515655446,0,False,,
SARIMA,1,2026Q1,2026Q2,121027.2,0.95,parametric,113386.00430065,135517.980557313,22131.976256663,True,22131.976256663,1.95996398454005,0,False,,
SARIMA,2,2004Q3,2005Q1,15112.2,0.8,parametric,14612.8106053292,15696.8429174918,1084.03231216267,True,1084.03231216267,1.2815515655446,0,False,,
SARIMA,2,2004Q3,2005Q1,15112.2,0.95,parametric,14338.6333100884,15996.9913236798,1658.35801359139,True,1658.35801359139,1.95996398454005,0,False,,
SARIMA,2,2004Q4,2005Q2,14497.5,0.8,parametric,14145.9857335607,15212.6935049413,1066.70777138057,True,1066.70777138057,1.2815515655446,0,False,,
SARIMA,2,2004Q4,2005Q2,14497.5,0.95,parametric,13876.3860597114,15508.255850184,1631.86979047254,True,1631.86979047254,1.95996398454005,0,False,,
SARIMA,2,2005Q1,2005Q3,15470.9,0.8,parametric,14999.7797240939,16075.25519497,1075.47547087611,True,1075.47547087611,1.2815515655446,0,False,,
SARIMA,2,2005Q1,2005Q3,15470.9,0.95,parametric,14727.3646631339,16372.6024613718,1645.23779823797,True,1645.23779823797,1.95996398454005,0,False,,
SARIMA,2,2005Q2,2005Q4,22096,0.8,parametric,17401.4315052487,18684.8387424209,1283.40723717216,False,35395.0198129633,1.2815515655446,0,False,,
SARIMA,2,2005Q2,2005Q4,22096,0.95,parametric,17076.744544429,19040.1010401556,1963.35649572663,False,124199.314889501,1.95996398454005,0,False,,
SARIMA,2,2005Q3,2006Q1,18440.2,0.8,parametric,17104.5704235822,18300.5376151866,1195.96719160442,False,2592.59103973839,1.2815515655446,0,False,,
SARIMA,2,2005Q3,2006Q1,18440.2,0.95,parametric,16801.3141355297,18630.8542238625,1829.54008833284,True,1829.54008833284,1.95996398454005,0,False,,
SARIMA,2,2005Q4,2006Q2,18008,0.8,parametric,19426.1498544257,22039.2013598093,2613.05150538361,False,16794.5500496402,1.2815515655446,0,False,,
SARIMA,2,2005Q4,2006Q2,18008,0.95,parametric,18787.9604501522,22787.8289090207,3999.86845886843,False,35198.2864649582,1.95996398454005,0,False,,
SARIMA,2,2006Q1,2006Q3,18643.2,0.8,parametric,18579.3999615405,20701.0014069707,2121.60144543026,True,2121.60144543026,1.2815515655446,0,False,,
SARIMA,2,2006Q1,2006Q3,18643.2,0.95,parametric,18055.1961060436,21302.0220043902,3246.82589834665,True,3246.82589834665,1.95996398454005,0,False,,
SARIMA,2,2006Q2,2006Q4,21318.6,0.8,parametric,25736.378093234,28836.5846984398,3100.20660520583,False,47277.9875375458,1.2815515655446,0,False,,
SARIMA,2,2006Q2,2006Q4,21318.6,0.95,parametric,24973.1308240217,29717.9096984804,4744.7788744587,False,150926.011835326,1.95996398454005,0,False,,
SARIMA,2,2006Q3,2007Q1,21187.8,0.8,parametric,21030.690506813,23553.398287192,2522.707780379,True,2522.707780379,1.2815515655446,0,False,,
SARIMA,2,2006Q3,2007Q1,21187.8,0.95,parametric,20409.438998331,24270.3500964501,3860.91109811908,True,3860.91109811908,1.95996398454005,0,False,,
SARIMA,2,2006Q4,2007Q2,20856,0.8,parametric,17687.2127166469,20519.3720997488,2832.15938310192,False,6198.43838561402,1.2815515655446,0,False,,
SARIMA,2,2006Q4,2007Q2,20856,0.95,parametric,17005.368391212,21342.1133133369,4336.7449221249,True,4336.7449221249,1.95996398454005,0,False,,
SARIMA,2,2007Q1,2007Q3,21783.2,0.8,parametric,19678.0588550376,22398.7261248123,2720.66726977463,True,2720.66726977463,1.2815515655446,0,False,,
SARIMA,2,2007Q1,2007Q3,21783.2,0.95,parametric,19014.9918946641,23179.7864234489,4164.79452878474,True,4164.79452878474,1.95996398454005,0,False,,
SARIMA,2,2007Q2,2007Q4,25383,0.8,parametric,24751.9345952851,28240.2060954892,3488.27150020409,True,3488.27150020409,1.2815515655446,0,False,,
SARIMA,2,2007Q2,2007Q4,25383,0.95,parametric,23903.0699771959,29243.094502078,5340.0245248821,True,5340.0245248821,1.95996398454005,0,False,,
SARIMA,2,2007Q3,2008Q1,25555.2,0.8,parametric,23234.2031962409,26441.183868446,3206.98067220509,True,3206.98067220509,1.2815515655446,0,False,,
SARIMA,2,2007Q3,2008Q1,25555.2,0.95,parametric,22452.5127648995,27361.7409855814,4909.22822068196,True,4909.22822068196,1.95996398454005,0,False,,
SARIMA,2,2007Q4,2008Q2,25487.5,0.8,parametric,21655.7855627167,24655.8144106568,3000.02884794017,False,11316.8847413718,1.2815515655446,0,False,,
SARIMA,2,2007Q4,2008Q2,25487.5,0.95,parametric,20924.7468816779,25517.2037573775,4592.45687569963,True,4592.45687569963,1.95996398454005,0,False,,
SARIMA,2,2008Q1,2008Q3,26843,0.8,parametric,23835.5547220084,27161.9754157743,3326.42069376592,True,3326.42069376592,1.2815515655446,0,False,,
SARIMA,2,2008Q1,2008Q3,26843,0.95,parametric,23025.4500861644,28117.6154627944,5092.16537662998,True,5092.16537662998,1.95996398454005,0,False,,
SARIMA,2,2008Q2,2008Q4,30602,0.8,parametric,29907.3373315671,34202.456580288,4295.11924872089,True,4295.11924872089,1.2815515655446,0,False,,
SARIMA,2,2008Q2,2008Q4,30602,0.95,parametric,28863.7054451966,35439.122965592,6575.41752039537,True,6575.41752039537,1.95996398454005,0,False,,
SARIMA,2,2008Q3,2009Q1,29398,0.8,parametric,28809.374322125,32923.8086013591,4114.4342792341,True,4114.4342792341,1.2815515655446,0,False,,
SARIMA,2,2008Q3,2009Q1,29398,0.95,parametric,27809.1965847567,34107.9370349905,6298.74045023382,True,6298.74045023382,1.95996398454005,0,False,,
SARIMA,2,2008Q4,2009Q2,29313.2,0.8,parametric,27054.4485769654,30954.1143813683,3899.6658044029,True,3899.6658044029,1.2815515655446,0,False,,
SARIMA,2,2008Q4,2009Q2,29313.2,0.95,parametric,26107.1849549915,32077.2422312087,5970.05727621715,True,5970.05727621715,1.95996398454005,0,False,,
SARIMA,2,2009Q1,2009Q3,30964.9,0.8,parametric,28066.2345108402,32089.9690561842,4023.73454534395,True,4023.73454534395,1.2815515655446,0,False,,
SARIMA,2,2009Q1,2009Q3,30964.9,0.95,parametric,27088.4073180163,33248.3407534063,6159.93343539004,True,6159.93343539004,1.95996398454005,0,False,,
SARIMA,2,2009Q2,2009Q4,35666.6,0.8,parametric,33814.97864266,38627.3167169436,4812.33807428362,True,4812.33807428362,1.2815515655446,0,False,,
SARIMA,2,2009Q2,2009Q4,35666.6,0.95,parametric,32644.8171121531,40011.922423068,7367.10531091495,True,7367.10531091495,1.95996398454005,0,False,,
SARIMA,2,2009Q3,2010Q1,36374,0.8,parametric,32835.1262998248,37473.1590945594,4638.03279473456,True,4638.03279473456,1.2815515655446,0,False,,
SARIMA,2,2009Q3,2010Q1,36374,0.95,parametric,31706.6745504518,38806.8420661842,7100.16751573242,True,7100.16751573242,1.95996398454005,0,False,,
SARIMA,2,2009Q4,2010Q2,36295.4,0.8,parametric,31808.0804367155,36269.1724357221,4461.09199900658,False,4723.3676417855,1.2815515655446,0,False,,
SARIMA,2,2009Q4,2010Q2,36295.4,0.95,parametric,30722.0663852692,37551.2747007706,6829.20831550147,True,6829.20831550147,1.95996398454005,0,False,,
SARIMA,2,2010Q1,2010Q3,38359.1,0.8,parametric,34918.6806665127,39814.5240024125,4895.84333589987,True,4895.84333589987,1.2815515655446,0,False,,
SARIMA,2,2010Q1,2010Q3,38359.1,0.95,parametric,33726.8011174173,41221.5390570047,7494.73793958733,True,7494.73793958733,1.95996398454005,0,False,,
SARIMA,2,2010Q2,2010Q4,43525.2,0.8,parametric,41422.2137170714,47233.803745867,5811.59002879557,True,5811.59002879557,1.2815515655446,0,False,,
SARIMA,2,2010Q2,2010Q4,43525.2,0.95,parametric,40007.4733336751,48904.0809229175,8896.60758924239,True,8896.60758924239,1.95996398454005,0,False,,
SARIMA,2,2010Q3,2011Q1,42921.8,0.8,parametric,41105.3168750813,46826.0426115986,5720.72573651723,True,5720.72573651723,1.2815515655446,0,False,,
SARIMA,2,2010Q3,2011Q1,42921.8,0.95,parametric,39711.8094887124,48469.1920196414,8757.38253092897,True,8757.38253092897,1.95996398454005,0,False,,
SARIMA,2,2010Q4,2011Q2,42910.9,0.8,parametric,40092.9150136418,45638.3004037595,5545.38539011772,True,5545.38539011772,1.2815515655446,0,False,,
SARIMA,2,2010Q4,2011Q2,42910.9,0.95,parametric,38741.4638665123,47230.3397145666,8488.87584805427,True,8488.87584805427,1.95996398454005,0,False,,
SARIMA,2,2011Q1,2011Q3,44978.1,0.8,parametric,42005.7617282918,47772.7736630509,5767.01193475913,True,5767.01193475913,1.2815515655446,0,False,,
SARIMA,2,2011Q1,2011Q3,44978.1,0.95,parametric,40599.4871249388,49427.5147223983,8828.02759745952,True,8828.02759745952,1.95996398454005,0,False,,
SARIMA,2,2011Q2,2011Q4,50415,0.8,parametric,48579.8239669056,55196.3960926457,6616.5721257401,True,6616.5721257401,1.2815515655446,0,False,,
SARIMA,2,2011Q2,2011Q4,50415,0.95,parametric,46965.3909247654,57093.7695394414,10128.378614676,True,10128.378614676,1.95996398454005,0,False,,
SARIMA,2,2011Q3,2012Q1,49318.8,0.8,parametric,47871.8921579306,54338.2424773655,6466.35031943498,True,6466.35031943498,1.2815515655446,0,False,,
SARIMA,2,2011Q3,2012Q1,49318.8,0.95,parametric,46293.1099395751,56191.396242838,9898.2863032629,True,9898.2863032629,1.95996398454005,0,False,,
SARIMA,2,2011Q4,2012Q2,48902.8,0.8,parametric,46780.3820387992,53091.2839466555,6310.90190785629,True,6310.90190785629,1.2815515655446,0,False,,
SARIMA,2,2011Q4,2012Q2,48902.8,0.95,parametric,45239.4037951678,54899.718776139,9660.3149809711,True,9660.3149809711,1.95996398454005,0,False,,
SARIMA,2,2012Q1,2012Q3,51200.4,0.8,parametric,48570.8170865598,55090.2566049592,6519.43951839944,True,6519.43951839944,1.2815515655446,0,False,,
SARIMA,2,2012Q1,2012Q3,51200.4,0.95,parametric,46978.3064554263,56957.7530290484,9979.44657362213,True,9979.44657362213,1.95996398454005,0,False,,
SARIMA,2,2012Q2,2012Q4,57744.7,0.8,parametric,54800.7980261024,62086.866314293,7286.06828819051,True,7286.06828819051,1.2815515655446,0,False,,
SARIMA,2,2012Q2,2012Q4,57744.7,0.95,parametric,53019.7415312644,64172.5086297691,11152.7670985048,True,11152.7670985048,1.95996398454005,0,False,,
SARIMA,2,2012Q3,2013Q1,55451,0.8,parametric,53768.2184055575,60861.5903107609,7093.37190520335,True,7093.37190520335,1.2815515655446,0,False,,
SARIMA,2,2012Q3,2013Q1,55451,0.95,parametric,52033.2526658082,62890.9228749582,10857.6702091499,True,10857.6702091499,1.95996398454005,0,False,,
SARIMA,2,2012Q4,2013Q2,55313.3,0.8,parametric,53152.2472619,60116.5736364661,6964.32637456608,True,6964.32637456608,1.2815515655446,0,False,,
SARIMA,2,2012Q4,2013Q2,55313.3,0.95,parametric,51447.975740003,62108.0021226016,10660.0263825986,True,10660.0263825986,1.95996398454005,0,False,,
SARIMA,2,2013Q1,2013Q3,58052.7,0.8,parametric,54574.1747297057,61700.6987183102,7126.52398860441,True,7126.52398860441,1.2815515655446,0,False,,
SARIMA,2,2013Q1,2013Q3,58052.7,0.95,parametric,52829.7736894879,63738.0113075898,10908.2376181019,True,10908.2376181019,1.95996398454005,0,False,,
SARIMA,2,2013Q2,2013Q4,65563,0.8,parametric,61619.7337936097,69609.8104339368,7990.0766403271,True,7990.0766403271,1.2815515655446,0,False,,
SARIMA,2,2013Q2,2013Q4,65563,0.95,parametric,59662.9374618174,71892.8395221552,12229.9020603379,True,12229.9020603379,1.95996398454005,0,False,,
SARIMA,2,2013Q3,2014Q1,62081.2,0.8,parametric,60191.9593820648,67941.8799367949,7749.9205547301,True,7749.9205547301,1.2815515655446,0,False,,
SARIMA,2,2013Q3,2014Q1,62081.2,0.95,parametric,58292.9918319095,70155.1721566995,11862.18032479,True,11862.18032479,1.95996398454005,0,False,,
SARIMA,2,2013Q4,2014Q2,62117.5,0.8,parametric,59902.446768072,67560.4140904027,7657.96732233065,True,7657.96732233065,1.2815515655446,0,False,,
SARIMA,2,2013Q4,2014Q2,62117.5,0.95,parametric,58025.0362217795,69746.3435130128,11721.3072912333,True,11721.3072912333,1.95996398454005,0,False,,
SARIMA,2,2014Q1,2014Q3,64952.1,0.8,parametric,61327.879159023,69145.2599246133,7817.38076559029,True,7817.38076559029,1.2815515655446,0,False,,
SARIMA,2,2014Q1,2014Q3,64952.1,0.95,parametric,59410.9814351595,71376.2345384581,11965.2531032986,True,11965.2531032986,1.95996398454005,0,False,,
SARIMA,2,2014Q2,2014Q4,73243.3,0.8,parametric,69135.6146230869,77887.829125698,8752.21450261114,True,8752.21450261114,1.2815515655446,0,False,,
SARIMA,2,2014Q2,2014Q4,73243.3,0.95,parametric,66988.4187917095,80384.3863669391,13395.9675752296,True,13395.9675752296,1.95996398454005,0,False,,
SARIMA,2,2014Q3,2015Q1,70715.3,0.8,parametric,66595.4887961286,74968.6281573218,8373.13936119323,True,8373.13936119323,1.2815515655446,0,False,,
SARIMA,2,2014Q3,2015Q1,70715.3,0.95,parametric,64540.2813296197,77355.9137589442,12815.6324293245,True,12815.6324293245,1.95996398454005,0,False,,
SARIMA,2,2014Q4,2015Q2,70861.8,0.8,parametric,66396.3404458587,74690.130615579,8293.79016972022,True,8293.79016972022,1.2815515655446,0,False,,
SARIMA,2,2014Q4,2015Q2,70861.8,0.95,parametric,64359.6599863937,77053.7218709057,12694.061884512,True,12694.061884512,1.95996398454005,0,False,,
SARIMA,2,2015Q1,2015Q3,74502.8,0.8,parametric,69608.0455311726,78245.4894440796,8637.44391290702,True,8637.44391290702,1.2815515655446,0,False,,
SARIMA,2,2015Q1,2015Q3,74502.8,0.95,parametric,67485.9748687451,80705.888926187,13219.9140574419,True,13219.9140574419,1.95996398454005,0,False,,
SARIMA,2,2015Q2,2015Q4,84850.9,0.8,parametric,78757.1161149188,88467.8455519028,9710.72943698404,True,9710.72943698404,1.2815515655446,0,False,,
SARIMA,2,2015Q2,2015Q4,84850.9,0.95,parametric,76370.2856175965,91232.7658358598,14862.4802182633,True,14862.4802182633,1.95996398454005,0,False,,
SARIMA,2,2015Q3,2016Q1,78024.4,0.8,parametric,76368.9067603072,85725.236585524,9356.32982521685,True,9356.32982521685,1.2815515655446,0,False,,
SARIMA,2,2015Q3,2016Q1,78024.4,0.95,parametric,74068.1542394029,88388.0888761558,14319.9346367528,True,14319.9346367528,1.95996398454005,0,False,,
SARIMA,2,2015Q4,2016Q2,78113.9,0.8,parametric,77091.361698363,86485.977810705,9394.61611234193,True,9394.61611234193,1.2815515655446,0,False,,
SARIMA,2,2015Q4,2016Q2,78113.9,0.95,parametric,74780.3342163799,89158.7590120885,14378.4247957086,True,14378.4247957086,1.95996398454005,0,False,,
SARIMA,2,2016Q1,2016Q3,82343.5,0.8,parametric,77848.3385852801,87343.3668722948,9495.02828701462,True,9495.02828701462,1.2815515655446,0,False,,
SARIMA,2,2016Q1,2016Q3,82343.5,0.95,parametric,75512.7502306386,90044.8729080178,14532.1226773792,True,14532.1226773792,1.95996398454005,0,False,,
SARIMA,2,2016Q2,2016Q4,93834.2,0.8,parametric,87308.3676439605,97918.5966146826,10610.2289707221,True,10610.2289707221,1.2815515655446,0,False,,
SARIMA,2,2016Q2,2016Q4,93834.2,0.95,parametric,84697.801994182,100936.655156678,16238.8531624964,True,16238.8531624964,1.95996398454005,0,False,,
SARIMA,2,2016Q3,2017Q1,85823.4,0.8,parametric,83125.9119692086,93194.7666819287,10068.8547127201,True,10068.8547127201,1.2815515655446,0,False,,
SARIMA,2,2016Q3,2017Q1,85823.4,0.95,parametric,80647.9831959713,96058.1984098509,15410.2152138796,True,15410.2152138796,1.95996398454005,0,False,,
SARIMA,2,2016Q4,2017Q2,86545.3,0.8,parametric,83759.1871046669,93844.2957783362,10085.1086736693,True,10085.1086736693,1.2815515655446,0,False,,
SARIMA,2,2016Q4,2017Q2,86545.3,0.95,parametric,81276.233249122,96711.1985211036,15434.9652719816,True,15434.9652719816,1.95996398454005,0,False,,
SARIMA,2,2017Q1,2017Q3,90809.7,0.8,parametric,85832.2691699982,96129.2477150586,10296.9785450604,True,10296.9785450604,1.2815515655446,0,False,,
SARIMA,2,2017Q1,2017Q3,90809.7,0.95,parametric,83296.5148595153,99055.6625196643,15759.147660149,True,15759.147660149,1.95996398454005,0,False,,
SARIMA,2,2017Q2,2017Q4,103083.2,0.8,parametric,97234.9054687407,108829.576164734,11594.6706959931,True,11594.6706959931,1.2815515655446,0,False,,
SARIMA,2,2017Q2,2017Q4,103083.2,0.95,parametric,94378.3976108118,112123.47124411,17745.0736332979,True,17745.0736332979,1.95996398454005,0,False,,
SARIMA,2,2017Q3,2018Q1,90275.4,0.8,parametric,90769.3608763941,101530.472949939,10761.1120735451,False,15700.7208374863,1.2815515655446,0,False,,
SARIMA,2,2017Q3,2018Q1,90275.4,0.95,parametric,88117.1643055676,104586.390310811,16469.2260052438,True,16469.2260052438,1.95996398454005,0,False,,
SARIMA,2,2017Q4,2018Q2,89742.5,0.8,parametric,91291.4532997859,102052.894528841,10761.4412290552,False,26250.9742269147,1.2815515655446,0,False,,
SARIMA,2,2017Q4,2018Q2,89742.5,0.95,parametric,88638.1500624811,105107.75606689,16469.6060044091,True,16469.6060044091,1.95996398454005,0,False,,
SARIMA,2,2018Q1,2018Q3,94281.4,0.8,parametric,91311.9393017775,102169.410589142,10857.4712873645,True,10857.4712873645,1.2815515655446,0,False,,
SARIMA,2,2018Q1,2018Q3,94281.4,0.95,parametric,88636.5317909405,105253.294885435,16616.7630944946,True,16616.7630944946,1.95996398454005,0,False,,
SARIMA,2,2018Q2,2018Q4,106687.6,0.8,parametric,101319.856627949,113402.881678913,12083.0250509643,True,12083.0250509643,1.2815515655446,0,False,,
SARIMA,2,2018Q2,2018Q4,106687.6,0.95,parametric,98343.056919608,116835.5354491,18492.4785294922,True,18492.4785294922,1.95996398454005,0,False,,
SARIMA,2,2018Q3,2019Q1,97789.7,0.8,parametric,91663.4642041731,102543.475744294,10880.0115401205,True,10880.0115401205,1.2815515655446,0,False,,
SARIMA,2,2018Q3,2019Q1,97789.7,0.95,parametric,88982.1797655087,105633.400339581,16651.2205740725,True,16651.2205740725,1.95996398454005,0,False,,
SARIMA,2,2018Q4,2019Q2,97420,0.8,parametric,91567.611055341,102377.054046641,10809.4429913003,True,10809.4429913003,1.2815515655446,0,False,,
SARIMA,2,2018Q4,2019Q2,97420,0.95,parametric,88902.7304547841,105445.830718352,16543.1002635683,True,16543.1002635683,1.95996398454005,0,False,,
SARIMA,2,2019Q1,2019Q3,101464.5,0.8,parametric,96794.5937115377,108169.310025782,11374.716314244,True,11374.716314244,1.2815515655446,0,False,,
SARIMA,2,2019Q1,2019Q3,101464.5,0.95,parametric,93989.4946779414,111397.603018076,17408.1083401348,True,17408.1083401348,1.95996398454005,0,False,,
SARIMA,2,2019Q2,2019Q4,114974.8,0.8,parametric,109303.393419236,122078.985981444,12775.5925622079,True,12775.5925622079,1.2815515655446,0,False,,
SARIMA,2,2019Q2,2019Q4,114974.8,0.95,parametric,106151.684163467,125703.58669395,19551.9025304828,True,19551.9025304828,1.95996398454005,0,False,,
SARIMA,2,2019Q3,2020Q1,78579.7,0.8,parametric,99242.3548695069,110783.541307062,11541.1864375548,False,218167.735132624,1.2815515655446,0,False,,
SARIMA,2,2019Q3,2020Q1,78579.7,0.95,parametric,96394.2080797305,114056.847803576,17662.6397238459,False,730242.962913066,1.95996398454005,0,False,,
SARIMA,2,2019Q4,2020Q2,93676.5,0.8,parametric,99157.2281490925,110625.489495743,11468.26134665,False,66275.5428375747,1.2815515655446,0,False,,
SARIMA,2,2019Q4,2020Q2,93676.5,0.95,parametric,96326.0447095791,113876.957515557,17550.9128059778,False,123532.701189141,1.95996398454005,0,False,,
SARIMA,2,2020Q1,2020Q3,101067.8,0.8,parametric,80716.4936472907,92928.0685243219,12211.5748770312,False,93608.8896338125,1.2815515655446,0,False,,
SARIMA,2,2020Q1,2020Q3,101067.8,0.95,parametric,77762.0491332565,96458.7216554012,18696.6725221446,False,203059.806306098,1.95996398454005,0,False,,
SARIMA,2,2020Q2,2020Q4,118656.6,0.8,parametric,98850.9919504061,112986.032674338,14135.0407239316,False,70840.713980555,1.2815515655446,0,False,,
SARIMA,2,2020Q2,2020Q4,118656.6,0.95,parametric,95415.2483557034,117054.470840579,21639.2224848755,False,85724.3888617214,1.95996398454005,0,False,,
SARIMA,2,2020Q3,2021Q1,105220.8,0.8,parametric,82160.4496980246,94070.8650941033,11910.4153960787,False,123409.764455046,1.2815515655446,0,False,,
SARIMA,2,2020Q3,2021Q1,105220.8,0.95,parametric,79268.6419558913,97502.6743099049,18234.0323540136,False,326959.059957818,1.95996398454005,0,False,,
SARIMA,2,2020Q4,2021Q2,106683.5,0.8,parametric,93375.3633816218,107040.24378617,13664.8804045484,True,13664.8804045484,1.2815515655446,0,False,,
SARIMA,2,2020Q4,2021Q2,106683.5,0.95,parametric,90060.1424994281,110980.522377638,20920.3798782098,True,20920.3798782098,1.95996398454005,0,False,,
SARIMA,2,2021Q1,2021Q3,106152.9,0.8,parametric,107135.823660299,123702.385870682,16566.5622103831,False,26395.7988133714,1.2815515655446,0,False,,
SARIMA,2,2021Q1,2021Q3,106152.9,0.95,parametric,103135.208985064,128500.801321098,25365.5923360345,True,25365.5923360345,1.95996398454005,0,False,,
SARIMA,2,2021Q2,2021Q4,122766,0.8,parametric,120772.098014758,139287.468090531,18515.3700757724,True,18515.3700757724,1.2815515655446,0,False,,
SARIMA,2,2021Q2,2021Q4,122766,0.95,parametric,116297.571242094,144646.526739919,28348.9554978251,True,28348.9554978251,1.95996398454005,0,False,,
SARIMA,2,2021Q3,2022Q1,108659.1,0.8,parametric,98079.8280062434,113171.352408336,15091.524402093,True,15091.524402093,1.2815515655446,0,False,,
SARIMA,2,2021Q3,2022Q1,108659.1,0.95,parametric,94433.8686566432,117540.739750926,23106.8710942824,True,23106.8710942824,1.95996398454005,0,False,,
SARIMA,2,2021Q4,2022Q2,101772.6,0.8,parametric,101826.959636606,117441.185522362,15614.2258857558,False,16157.8222518191,1.2815515655446,0,False,,
SARIMA,2,2021Q4,2022Q2,101772.6,0.95,parametric,98053.607712904,121960.620693072,23907.0129801681,True,23907.0129801681,1.95996398454005,0,False,,
SARIMA,2,2022Q1,2022Q3,109872.9,0.8,parametric,107953.659411328,124464.83896011,16511.1795487819,True,16511.1795487819,1.2815515655446,0,False,,
SARIMA,2,2022Q1,2022Q3,109872.9,0.95,parametric,103962.671694408,129242.877417397,25280.2057229894,True,25280.2057229894,1.95996398454005,0,False,,
SARIMA,2,2022Q2,2022Q4,119427.9,0.8,parametric,115761.091330932,133692.001030076,17930.9096991442,True,17930.9096991442,1.2815515655446,0,False,,
SARIMA,2,2022Q2,2022Q4,119427.9,0.95,parametric,111431.642035391,138886.331196146,27454.6891607542,True,27454.6891607542,1.95996398454005,0,False,,
SARIMA,2,2022Q3,2023Q1,114922.4,0.8,parametric,100943.165535119,116462.863460404,15519.6979252847,True,15519.6979252847,1.2815515655446,0,False,,
SARIMA,2,2022Q3,2023Q1,114922.4,0.95,parametric,97193.5067889246,120955.920754134,23762.4139652095,True,23762.4139652095,1.95996398454005,0,False,,
SARIMA,2,2022Q4,2023Q2,112665.2,0.8,parametric,98265.9547688629,113421.644756433,15155.6899875697,True,15155.6899875697,1.2815515655446,0,False,,
SARIMA,2,2022Q4,2023Q2,112665.2,0.95,parametric,94605.2316390189,117810.463759266,23205.2321202476,True,23205.2321202476,1.95996398454005,0,False,,
SARIMA,2,2023Q1,2023Q3,114519.4,0.8,parametric,109300.53695254,126249.982983571,16949.4460310307,True,16949.4460310307,1.2815515655446,0,False,,
SARIMA,2,2023Q1,2023Q3,114519.4,0.95,parametric,105208.465306489,131160.462137282,25951.9968307925,True,25951.9968307925,1.95996398454005,0,False,,
SARIMA,2,2023Q2,2023Q4,129388.2,0.8,parametric,123214.237522135,142247.44850541,19033.2109832741,True,19033.2109832741,1.2815515655446,0,False,,
SARIMA,2,2023Q2,2023Q4,129388.2,0.95,parametric,118617.551379738,147759.844164656,29142.2927849179,True,29142.2927849179,1.95996398454005,0,False,,
SARIMA,2,2023Q3,2024Q1,120326.8,0.8,parametric,108663.823825654,125372.153490939,16708.3296652851,True,16708.3296652851,1.2815515655446,0,False,,
SARIMA,2,2023Q3,2024Q1,120326.8,0.95,parametric,104627.017254848,130209.36615634,25582.3489014923,True,25582.3489014923,1.95996398454005,0,False,,
SARIMA,2,2023Q4,2024Q2,115642.2,0.8,parametric,108108.447602858,124663.985687165,16555.5380843067,True,16555.5380843067,1.2815515655446,0,False,,
SARIMA,2,2023Q4,2024Q2,115642.2,0.95,parametric,104107.164982421,129455.354652104,25348.1896696825,True,25348.1896696825,1.95996398454005,0,False,,
SARIMA,2,2024Q1,2024Q3,117595,0.8,parametric,114471.796688387,131945.683502685,17473.8868142979,True,17473.8868142979,1.2815515655446,0,False,,
SARIMA,2,2024Q1,2024Q3,117595,0.95,parametric,110247.404144101,137001.497432878,26754.0932887768,True,26754.0932887768,1.95996398454005,0,False,,
SARIMA,2,2024Q2,2024Q4,134330.8,0.8,parametric,126510.98315943,145728.256360858,19217.2732014285,True,19217.2732014285,1.2815515655446,0,False,,
SARIMA,2,2024Q2,2024Q4,134330.8,0.95,parametric,121863.18367388,151286.257510382,29423.0738365011,True,29423.0738365011,1.95996398454005,0,False,,
SARIMA,2,2024Q3,2025Q1,124671.1,0.8,parametric,113289.041760141,130457.843928382,17168.8021682413,True,17168.8021682413,1.2815515655446,0,False,,
SARIMA,2,2024Q3,2025Q1,124671.1,0.95,parametric,109135.856253006,135422.441681106,26286.5854281001,True,26286.5854281001,1.95996398454005,0,False,,
SARIMA,2,2024Q4,2025Q2,120787.3,0.8,parametric,112015.662885192,128913.548594852,16897.8857096599,True,16897.8857096599,1.2815515655446,0,False,,
SARIMA,2,2024Q4,2025Q2,120787.3,0.95,parametric,107926.423414069,133797.972210504,25871.5487964354,True,25871.5487964354,1.95996398454005,0,False,,
SARIMA,2,2025Q1,2025Q3,120418.8,0.8,parametric,116763.925051025,134305.613721957,17541.6886709318,True,17541.6886709318,1.2815515655446,0,False,,
SARIMA,2,2025Q1,2025Q3,120418.8,0.95,parametric,112517.413625611,139374.432003412,26857.0183778015,True,26857.0183778015,1.95996398454005,0,False,,
SARIMA,2,2025Q2,2025Q4,135325.2,0.8,parametric,131022.705444953,150616.179523138,19593.4740781851,True,19593.4740781851,1.2815515655446,0,False,,
SARIMA,2,2025Q2,2025Q4,135325.2,0.95,parametric,126277.665922555,156275.768804651,29998.1028820965,True,29998.1028820965,1.95996398454005,0,False,,
SARIMA,2,2025Q3,2026Q1,127694.9,0.8,parametric,117899.009955536,135488.798271276,17589.7883157407,True,17589.7883157407,1.2815515655446,0,False,,
SARIMA,2,2025Q3,2026Q1,127694.9,0.95,parametric,113638.380309121,140568.66291825,26930.2826091289,True,26930.2826091289,1.95996398454005,0,False,,
SARIMA,2,2025Q4,2026Q2,121027.2,0.8,parametric,114214.563486893,131206.067130939,16991.5036440466,True,16991.5036440466,1.2815515655446,0,False,,
SARIMA,2,2025Q4,2026Q2,121027.2,0.95,parametric,110097.87130227,136112.020213811,26014.1489115405,True,26014.1489115405,1.95996398454005,0,False,,
SARIMA+CNY,1,2004Q4,2005Q1,15112.2,0.8,parametric,14729.7937908149,15471.1635715221,741.369780707211,True,741.369780707211,1.2815515655446,0,False,,
SARIMA+CNY,1,2004Q4,2005Q1,15112.2,0.95,parametric,14539.5824142733,15673.562184893,1133.97977061974,True,1133.97977061974,1.95996398454005,0,False,,
SARIMA+CNY,1,2005Q1,2005Q2,14497.5,0.8,parametric,14330.5651689819,15046.0580616856,715.492892703729,True,715.492892703729,1.2815515655446,0,False,,
SARIMA+CNY,1,2005Q1,2005Q2,14497.5,0.95,parametric,14146.9480787451,15241.3449451492,1094.3968664041,True,1094.3968664041,1.95996398454005,0,False,,
SARIMA+CNY,1,2005Q2,2005Q3,15470.9,0.8,parametric,15002.6412706127,15742.8065366147,740.165266001997,True,740.165266001997,1.2815515655446,0,False,,
SARIMA+CNY,1,2005Q2,2005Q3,15470.9,0.95,parametric,14812.6243352593,15944.7558863211,1132.13155106182,True,1132.13155106182,1.95996398454005,0,False,,
SARIMA+CNY,1,2005Q3,2005Q4,22096,0.8,parametric,17720.9606180187,18589.0176947212,868.057076702542,False,35937.8801294905,1.2815515655446,0,False,,
SARIMA+CNY,1,2005Q3,2005Q4,22096,0.95,parametric,17498.0635888068,18825.8117147619,1327.74812595508,False,132135.279535481,1.95996398454005,0,False,,
SARIMA+CNY,1,2005Q4,2006Q1,18440.2,0.8,parametric,20634.1517344328,22558.0061206598,1923.854386227,False,23863.371730555,1.2815515655446,0,False,,
SARIMA+CNY,1,2005Q4,2006Q1,18440.2,0.95,parametric,20152.9960184839,23096.5818031742,2943.58578469024,False,71455.426524048,1.95996398454005,0,False,,
SARIMA+CNY,1,2006Q1,2006Q2,18008,0.8,parametric,18176.8296630677,20002.7872136307,1825.95755056293,False,3514.25418124022,1.2815515655446,0,False,,
SARIMA+CNY,1,2006Q1,2006Q2,18008,0.95,parametric,17722.0759620449,20516.0646386712,2793.98867662634,True,2793.98867662634,1.95996398454005,0,False,,
SARIMA+CNY,1,2006Q2,2006Q3,18643.2,0.8,parametric,18369.0432482434,20230.6122691548,1861.56902091146,True,1861.56902091146,1.2815515655446,0,False,,
SARIMA+CNY,1,2006Q2,2006Q3,18643.2,0.95,parametric,17905.6595941584,20754.1637746641,2848.50418050565,True,2848.50418050565,1.95996398454005,0,False,,
SARIMA+CNY,1,2006Q3,2006Q4,21318.6,0.8,parametric,25385.4961298707,27945.7341100809,2560.2379802102,False,43229.1992789171,1.2815515655446,0,False,,
SARIMA+CNY,1,2006Q3,2006Q4,21318.6,0.95,parametric,24748.018214557,28665.5811769433,3917.56296238627,False,141094.291544666,1.95996398454005,0,False,,
SARIMA+CNY,1,2006Q4,2007Q1,21187.8,0.8,parametric,18683.0288928525,20742.3812349751,2059.3523421226,False,6513.53999237186,1.2815515655446,0,False,,
SARIMA+CNY,1,2006Q4,2007Q1,21187.8,0.95,parametric,18173.0421260218,21324.470896631,3151.42877060923,True,3151.42877060923,1.95996398454005,0,False,,
SARIMA+CNY,1,2007Q1,2007Q2,20856,0.8,parametric,18952.4703115642,21040.0214402224,2087.55112865825,True,2087.55112865825,1.2815515655446,0,False,,
SARIMA+CNY,1,2007Q1,2007Q2,20856,0.95,parametric,18435.476663765,21630.0554074771,3194.57874371211,True,3194.57874371211,1.95996398454005,0,False,,
SARIMA+CNY,1,2007Q2,2007Q3,21783.2,0.8,parametric,20568.1184495359,22820.1495236043,2252.03107406842,True,2252.03107406842,1.2815515655446,0,False,,
SARIMA+CNY,1,2007Q2,2007Q3,21783.2,0.95,parametric,20010.1794907522,23456.4381920978,3446.2587013456,True,3446.2587013456,1.95996398454005,0,False,,
SARIMA+CNY,1,2007Q3,2007Q4,25383,0.8,parametric,25222.1671183469,27953.2364670826,2731.06934873568,True,2731.06934873568,1.2815515655446,0,False,,
SARIMA+CNY,1,2007Q3,2007Q4,25383,0.95,parametric,24545.0735245629,28724.346698977,4179.27317441407,True,4179.27317441407,1.95996398454005,0,False,,
SARIMA+CNY,1,2007Q4,2008Q1,25555.2,0.8,parametric,22771.4250234701,25243.5436112005,2472.11858773042,False,5588.68247572563,1.2815515655446,0,False,,
SARIMA+CNY,1,2007Q4,2008Q1,25555.2,0.95,parametric,22158.6309186177,25941.6505821294,3783.01966351171,True,3783.01966351171,1.95996398454005,0,False,,
SARIMA+CNY,1,2008Q1,2008Q2,25487.5,0.8,parametric,22997.1443061951,25547.9163288789,2550.77202268374,True,2550.77202268374,1.2815515655446,0,False,,
SARIMA+CNY,1,2008Q1,2008Q2,25487.5,0.95,parametric,22365.7119842505,26269.1891477255,3903.47716347499,True,3903.47716347499,1.95996398454005,0,False,,
SARIMA+CNY,1,2008Q2,2008Q3,26843,0.8,parametric,25071.1201605442,27884.2939673889,2813.17380684469,True,2813.17380684469,1.2815515655446,0,False,,
SARIMA+CNY,1,2008Q2,2008Q3,26843,0.95,parametric,24375.2492515587,28680.3419909087,4305.09273935008,True,4305.09273935008,1.95996398454005,0,False,,
SARIMA+CNY,1,2008Q3,2008Q4,30602,0.8,parametric,30721.5884989788,34118.5419940115,3396.95349503265,False,4592.83848482086,1.2815515655446,0,False,,
SARIMA+CNY,1,2008Q3,2008Q4,30602,0.95,parametric,29880.5205406727,35078.9005130749,5198.37997240216,True,5198.37997240216,1.95996398454005,0,False,,
SARIMA+CNY,1,2008Q4,2009Q1,29398,0.8,parametric,28160.9113305018,31345.3387542093,3184.42742370754,True,3184.42742370754,1.2815515655446,0,False,,
SARIMA+CNY,1,2008Q4,2009Q1,29398,0.95,parametric,27373.6019243211,32246.8817849489,4873.27986062779,True,4873.27986062779,1.95996398454005,0,False,,
SARIMA+CNY,1,2009Q1,2009Q2,29313.2,0.8,parametric,27208.0895049129,30243.3045169898,3035.21501207687,True,3035.21501207687,1.2815515655446,0,False,,
SARIMA+CNY,1,2009Q1,2009Q2,29313.2,0.95,parametric,26457.0120249802,31101.869532571,4644.85750759073,True,4644.85750759073,1.95996398454005,0,False,,
SARIMA+CNY,1,2009Q2,2009Q3,30964.9,0.8,parametric,29006.547503223,32241.0024236811,3234.45492045807,True,3234.45492045807,1.2815515655446,0,False,,
SARIMA+CNY,1,2009Q2,2009Q3,30964.9,0.95,parametric,28206.145146703,33155.9014353066,4949.75628860358,True,4949.75628860358,1.95996398454005,0,False,,
SARIMA+CNY,1,2009Q3,2009Q4,35666.6,0.8,parametric,34611.2795050966,38438.46388833,3827.18438323338,True,3827.18438323338,1.2815515655446,0,False,,
SARIMA+CNY,1,2009Q3,2009Q4,35666.6,0.95,parametric,33663.6908220654,39520.4561620296,5856.76533996421,True,5856.76533996421,1.95996398454005,0,False,,
SARIMA+CNY,1,2009Q4,2010Q1,36374,0.8,parametric,32836.8077108579,36454.8089484339,3618.00123757598,True,3618.00123757598,1.2815515655446,0,False,,
SARIMA+CNY,1,2009Q4,2010Q1,36374,0.95,parametric,31940.8074768582,37477.4354857209,5536.62800886277,True,5536.62800886277,1.95996398454005,0,False,,
SARIMA+CNY,1,2010Q1,2010Q2,36295.4,0.8,parametric,33468.6614744699,37176.8923320296,3708.23085755967,True,3708.23085755967,1.2815515655446,0,False,,
SARIMA+CNY,1,2010Q1,2010Q2,36295.4,0.95,parametric,32550.6419357048,38225.3851273109,5674.74319160614,True,5674.74319160614,1.95996398454005,0,False,,
SARIMA+CNY,1,2010Q2,2010Q3,38359.1,0.8,parametric,36052.7253530949,40032.8025739554,3980.07722086056,True,3980.07722086056,1.2815515655446,0,False,,
SARIMA+CNY,1,2010Q2,2010Q3,38359.1,0.95,parametric,35067.1788666192,41157.9055675724,6090.72670095322,True,6090.72670095322,1.95996398454005,0,False,,
SARIMA+CNY,1,2010Q3,2010Q4,43525.2,0.8,parametric,42248.8259680167,46875.9611509087,4627.135182892,True,4627.135182892,1.2815515655446,0,False,,
SARIMA+CNY,1,2010Q3,2010Q4,43525.2,0.95,parametric,41102.4764426541,48183.3333694958,7080.85692684168,True,7080.85692684168,1.95996398454005,0,False,,
SARIMA+CNY,1,2010Q4,2011Q1,42921.8,0.8,parametric,40947.864432458,45413.7588370402,4465.89440458221,True,4465.89440458221,1.2815515655446,0,False,,
SARIMA+CNY,1,2010Q4,2011Q1,42921.8,0.95,parametric,39841.1688703433,46675.2480651163,6834.07919477301,True,6834.07919477301,1.95996398454005,0,False,,
SARIMA+CNY,1,2011Q1,2011Q2,42910.9,0.8,parametric,40506.7847219498,44888.5783183622,4381.79359641246,True,4381.79359641246,1.2815515655446,0,False,,
SARIMA+CNY,1,2011Q1,2011Q2,42910.9,0.95,parametric,39420.3727500379,46125.692162932,6705.31941289419,True,6705.31941289419,1.95996398454005,0,False,,
SARIMA+CNY,1,2011Q2,2011Q3,44978.1,0.8,parametric,42848.9118232202,47449.7075921309,4600.79576891066,True,4600.79576891066,1.2815515655446,0,False,,
SARIMA+CNY,1,2011Q2,2011Q3,44978.1,0.95,parametric,41707.6721989345,48748.0655107081,7040.39331177363,True,7040.39331177363,1.95996398454005,0,False,,
SARIMA+CNY,1,2011Q3,2011Q4,50415,0.8,parametric,49139.5726217638,54374.912448853,5235.33982708917,True,5235.33982708917,1.2815515655446,0,False,,
SARIMA+CNY,1,2011Q3,2011Q4,50415,0.95,parametric,47840.3073667066,55851.6469930114,8011.33962630481,True,8011.33962630481,1.95996398454005,0,False,,
SARIMA+CNY,1,2011Q4,2012Q1,49318.8,0.8,parametric,47346.4005661791,52374.0013007707,5027.60073459161,True,5027.60073459161,1.2815515655446,0,False,,
SARIMA+CNY,1,2011Q4,2012Q1,49318.8,0.95,parametric,46098.4357700545,53791.8565655692,7693.42079551474,True,7693.42079551474,1.95996398454005,0,False,,
SARIMA+CNY,1,2012Q1,2012Q2,48902.8,0.8,parametric,47072.5957878148,52037.0361257,4964.44033788523,True,4964.44033788523,1.2815515655446,0,False,,
SARIMA+CNY,1,2012Q1,2012Q2,48902.8,0.95,parametric,45839.7921921994,53436.5068076776,7596.7146154782,True,7596.7146154782,1.95996398454005,0,False,,
SARIMA+CNY,1,2012Q2,2012Q3,51200.4,0.8,parametric,48965.5155764267,54089.3421261168,5123.82654969009,True,5123.82654969009,1.2815515655446,0,False,,
SARIMA+CNY,1,2012Q2,2012Q3,51200.4,0.95,parametric,47692.5261789652,55533.0727178627,7840.54653889756,True,7840.54653889756,1.95996398454005,0,False,,
SARIMA+CNY,1,2012Q3,2012Q4,57744.7,0.8,parametric,55328.1634462187,61077.7095298462,5749.54608362749,True,5749.54608362749,1.2815515655446,0,False,,
SARIMA+CNY,1,2012Q3,2012Q4,57744.7,0.95,parametric,53899.1172870118,62697.084217413,8797.96693040126,True,8797.96693040126,1.95996398454005,0,False,,
SARIMA+CNY,1,2012Q4,2013Q1,55451,0.8,parametric,54383.00288735,59994.7290771165,5611.72618976648,True,5611.72618976648,1.2815515655446,0,False,,
SARIMA+CNY,1,2012Q4,2013Q1,55451,0.95,parametric,52987.6226362386,61574.6350242034,8587.01238796485,True,8587.01238796485,1.95996398454005,0,False,,
SARIMA+CNY,1,2013Q1,2013Q2,55313.3,0.8,parametric,52665.6245956005,58083.2341978404,5417.60960223984,True,5417.60960223984,1.2815515655446,0,False,,
SARIMA+CNY,1,2013Q1,2013Q2,55313.3,0.95,parametric,51318.2614351661,59608.2120090222,8289.95057385613,True,8289.95057385613,1.95996398454005,0,False,,
SARIMA+CNY,1,2013Q2,2013Q3,58052.7,0.8,parametric,55135.9864197237,60768.2696171927,5632.28319746909,True,5632.28319746909,1.2815515655446,0,False,,
SARIMA+CNY,1,2013Q2,2013Q3,58052.7,0.95,parametric,53734.6519966782,62353.0322401784,8618.38024350021,True,8618.38024350021,1.95996398454005,0,False,,
SARIMA+CNY,1,2013Q3,2013Q4,65563,0.8,parametric,62500.5291102186,68840.9370921425,6340.40798192395,True,6340.40798192395,1.2815515655446,0,False,,
SARIMA+CNY,1,2013Q3,2013Q4,65563,0.95,parametric,60922.3626814733,70624.2306326477,9701.86795117441,True,9701.86795117441,1.95996398454005,0,False,,
SARIMA+CNY,1,2013Q4,2014Q1,62081.2,0.8,parametric,60834.9724751162,66963.9704663596,6128.99799124336,True,6128.99799124336,1.2815515655446,0,False,,
SARIMA+CNY,1,2013Q4,2014Q1,62081.2,0.95,parametric,59308.808670816,68687.1207067434,9378.31203592742,True,9378.31203592742,1.95996398454005,0,False,,
SARIMA+CNY,1,2014Q1,2014Q2,62117.5,0.8,parametric,59386.4715337659,65350.9975630463,5964.52602928036,True,5964.52602928036,1.2815515655446,0,False,,
SARIMA+CNY,1,2014Q1,2014Q2,62117.5,0.95,parametric,57900.9928781482,67027.6097794815,9126.61690133335,True,9126.61690133335,1.95996398454005,0,False,,
SARIMA+CNY,1,2014Q2,2014Q3,64952.1,0.8,parametric,62025.0366150278,68213.1761760028,6188.13956097492,True,6188.13956097492,1.2815515655446,0,False,,
SARIMA+CNY,1,2014Q2,2014Q3,64952.1,0.95,parametric,60483.2682878501,69951.9862221769,9468.71793432681,True,9468.71793432681,1.95996398454005,0,False,,
SARIMA+CNY,1,2014Q3,2014Q4,73243.3,0.8,parametric,69926.1582266092,76855.8885899807,6929.73036337156,True,6929.73036337156,1.2815515655446,0,False,,
SARIMA+CNY,1,2014Q3,2014Q4,73243.3,0.95,parametric,68198.9524488822,78802.3398191906,10603.3873703084,True,10603.3873703084,1.95996398454005,0,False,,
SARIMA+CNY,1,2014Q4,2015Q1,70715.3,0.8,parametric,67727.4515752727,74394.4401786034,6666.98860333065,True,6666.98860333065,1.2815515655446,0,False,,
SARIMA+CNY,1,2014Q4,2015Q1,70715.3,0.95,parametric,66065.09236514,76266.3861395664,10201.2937744264,True,10201.2937744264,1.95996398454005,0,False,,
SARIMA+CNY,1,2015Q1,2015Q2,70861.8,0.8,parametric,67026.80484995,73581.5262330439,6554.72138309381,True,6554.72138309381,1.2815515655446,0,False,,
SARIMA+CNY,1,2015Q1,2015Q2,70861.8,0.95,parametric,65391.8235300017,75421.2733816934,10029.4498516917,True,10029.4498516917,1.95996398454005,0,False,,
SARIMA+CNY,1,2015Q2,2015Q3,74502.8,0.8,parametric,70637.9341527439,77505.2889422579,6867.35478951405,True,6867.35478951405,1.2815515655446,0,False,,
SARIMA+CNY,1,2015Q2,2015Q3,74502.8,0.95,parametric,68924.3983867296,79432.1550124216,10507.7566256921,True,10507.7566256921,1.95996398454005,0,False,,
SARIMA+CNY,1,2015Q3,2015Q4,84850.9,0.8,parametric,80043.5942023275,87777.039679316,7733.44547698851,True,7733.44547698851,1.2815515655446,0,False,,
SARIMA+CNY,1,2015Q3,2015Q4,84850.9,0.95,parametric,78113.2730905852,89946.1700475024,11832.8969569172,True,11832.8969569172,1.95996398454005,0,False,,
SARIMA+CNY,1,2015Q4,2016Q1,78024.4,0.8,parametric,77959.8745223591,85447.8748283729,7488.00030601387,True,7488.00030601387,1.2815515655446,0,False,,
SARIMA+CNY,1,2015Q4,2016Q1,78024.4,0.95,parametric,76090.2010602367,87547.4832107307,11457.282150494,True,11457.282150494,1.95996398454005,0,False,,
SARIMA+CNY,1,2016Q1,2016Q2,78113.9,0.8,parametric,75391.9449810298,82658.6311851209,7266.68620409114,True,7266.68620409114,1.2815515655446,0,False,,
SARIMA+CNY,1,2016Q1,2016Q2,78113.9,0.95,parametric,73577.8869022984,84696.5744312671,11118.6875289687,True,11118.6875289687,1.95996398454005,0,False,,
SARIMA+CNY,1,2016Q2,2016Q3,82343.5,0.8,parametric,78174.1557389103,85666.7356291502,7492.57989023988,True,7492.57989023988,1.2815515655446,0,False,,
SARIMA+CNY,1,2016Q2,2016Q3,82343.5,0.95,parametric,76303.1153542586,87767.3827814879,11464.2674272293,True,11464.2674272293,1.95996398454005,0,False,,
SARIMA+CNY,1,2016Q3,2016Q4,93834.2,0.8,parametric,88812.7108902388,97279.5340856327,8466.82319539397,True,8466.82319539397,1.2815515655446,0,False,,
SARIMA+CNY,1,2016Q3,2016Q4,93834.2,0.95,parametric,86697.7523610083,99652.6311352225,12954.8787742143,True,12954.8787742143,1.95996398454005,0,False,,
SARIMA+CNY,1,2016Q4,2017Q1,85823.4,0.8,parametric,84414.5419887212,92416.5669339213,8002.02494520012,True,8002.02494520012,1.2815515655446,0,False,,
SARIMA+CNY,1,2016Q4,2017Q1,85823.4,0.95,parametric,82415.0578642412,94658.6991754311,12243.6413111899,True,12243.6413111899,1.95996398454005,0,False,,
SARIMA+CNY,1,2017Q1,2017Q2,86545.3,0.8,parametric,82944.9891233595,90791.7827343333,7846.79361097388,True,7846.79361097388,1.2815515655446,0,False,,
SARIMA+CNY,1,2017Q1,2017Q2,86545.3,0.95,parametric,80984.0731191173,92990.1787023351,12006.1055832178,True,12006.1055832178,1.95996398454005,0,False,,
SARIMA+CNY,1,2017Q2,2017Q3,90809.7,0.8,parametric,86928.6894416691,95104.9063759816,8176.21693431251,True,8176.21693431251,1.2815515655446,0,False,,
SARIMA+CNY,1,2017Q2,2017Q3,90809.7,0.95,parametric,84884.7988499454,97394.880859072,12510.0820091266,True,12510.0820091266,1.95996398454005,0,False,,
SARIMA+CNY,1,2017Q3,2017Q4,103083.2,0.8,parametric,98348.8782574452,107544.108500659,9195.23024321345,True,9195.23024321345,1.2815515655446,0,False,,
SARIMA+CNY,1,2017Q3,2017Q4,103083.2,0.95,parametric,96049.5014964089,110118.66037256,14069.1588761512,True,14069.1588761512,1.95996398454005,0,False,,
SARIMA+CNY,1,2017Q4,2018Q1,90275.4,0.8,parametric,92386.7934959969,100976.33325221,8589.53975621326,False,29703.4747161819,1.2815515655446,0,False,,
SARIMA+CNY,1,2017Q4,2018Q1,90275.4,0.95,parametric,90238.2206887503,103380.580611536,13142.3599227854,True,13142.3599227854,1.95996398454005,0,False,,
SARIMA+CNY,1,2018Q1,2018Q2,89742.5,0.8,parametric,87841.2046980146,96126.7819756712,8285.57727765654,True,8285.57727765654,1.2815515655446,0,False,,
SARIMA+CNY,1,2018Q1,2018Q2,89742.5,0.95,parametric,85770.3003864619,98447.7411696129,12677.4407831511,True,12677.4407831511,1.95996398454005,0,False,,
SARIMA+CNY,1,2018Q2,2018Q3,94281.4,0.8,parametric,90488.6250571114,98995.8851816983,8507.26012458692,True,8507.26012458692,1.2815515655446,0,False,,
SARIMA+CNY,1,2018Q2,2018Q3,94281.4,0.95,parametric,88361.9282123352,101378.520338277,13016.5921259413,True,13016.5921259413,1.95996398454005,0,False,,
SARIMA+CNY,1,2018Q3,2018Q4,106687.6,0.8,parametric,102123.250054983,111671.601616595,9548.35156161163,True,9548.35156161163,1.2815515655446,0,False,,
SARIMA+CNY,1,2018Q3,2018Q4,106687.6,0.95,parametric,99735.5742836755,114345.026615028,14609.4523313522,True,14609.4523313522,1.95996398454005,0,False,,
SARIMA+CNY,1,2018Q4,2019Q1,97789.7,0.8,parametric,92511.0800699136,101116.073692863,8604.99362294941,True,8604.99362294941,1.2815515655446,0,False,,
SARIMA+CNY,1,2018Q4,2019Q1,97789.7,0.95,parametric,90358.6947067284,103524.704735019,13166.0100282901,True,13166.0100282901,1.95996398454005,0,False,,
SARIMA+CNY,1,2019Q1,2019Q2,97420,0.8,parametric,93370.8543893908,102014.032112517,8643.17772312627,True,8643.17772312627,1.2815515655446,0,False,,
SARIMA+CNY,1,2019Q1,2019Q2,97420,0.95,parametric,91208.3519036843,104432.731644038,13224.3797403541,True,13224.3797403541,1.95996398454005,0,False,,
SARIMA+CNY,1,2019Q2,2019Q3,101464.5,0.8,parametric,97841.1740870025,106849.145388811,9007.97130180859,True,9007.97130180859,1.2815515655446,0,False,,
SARIMA+CNY,1,2019Q2,2019Q3,101464.5,0.95,parametric,95586.7403192426,109369.205395213,13782.46507597,True,13782.46507597,1.95996398454005,0,False,,
SARIMA+CNY,1,2019Q3,2019Q4,114974.8,0.8,parametric,109937.186415067,120005.7388911,10068.5524760325,True,10068.5524760325,1.2815515655446,0,False,,
SARIMA+CNY,1,2019Q3,2019Q4,114974.8,0.95,parametric,107416.607833753,122821.727043992,15405.1192102386,True,15405.1192102386,1.95996398454005,0,False,,
SARIMA+CNY,1,2019Q4,2020Q1,78579.7,0.8,parametric,100133.318185185,109256.828378191,9123.51019300646,False,224659.692044853,1.2815515655446,0,False,,
SARIMA+CNY,1,2019Q4,2020Q1,78579.7,0.95,parametric,97848.6930759005,111807.816905753,13959.1238298526,False,784718.846865872,1.95996398454005,0,False,,
SARIMA+CNY,1,2020Q1,2020Q2,93676.5,0.8,parametric,80425.6795817793,89945.1606215537,9519.48103977444,False,46832.874824237,1.2815515655446,0,False,,
SARIMA+CNY,1,2020Q1,2020Q2,93676.5,0.95,parametric,78079.2403702828,92648.1947541334,14568.9543838505,False,55701.1642185159,1.95996398454005,0,False,,
SARIMA+CNY,1,2020Q2,2020Q3,101067.8,0.8,parametric,86991.7132981055,97409.5512281041,10417.8379299985,False,47000.3256489577,1.2815515655446,0,False,,
SARIMA+CNY,1,2020Q2,2020Q3,101067.8,0.95,parametric,84425.8880268994,100369.968868228,15944.0808413282,False,43857.3261122253,1.95996398454005,0,False,,
SARIMA+CNY,1,2020Q3,2020Q4,118656.6,0.8,parametric,105539.12416437,118256.933652691,12717.8094883211,False,16714.472961413,1.2815515655446,0,False,,
SARIMA+CNY,1,2020Q3,2020Q4,118656.6,0.95,parametric,102408.173615892,121872.432281442,19464.2586655507,True,19464.2586655507,1.95996398454005,0,False,,
SARIMA+CNY,1,2020Q4,2021Q1,105220.8,0.8,parametric,88252.6770238207,98918.4527602467,10665.775736426,False,73689.248133959,1.2815515655446,0,False,,
SARIMA+CNY,1,2020Q4,2021Q1,105220.8,0.95,parametric,85627.4374011358,101951.179763209,16323.7423620731,False,147108.551833717,1.95996398454005,0,False,,
SARIMA+CNY,1,2021Q1,2021Q2,106683.5,0.8,parametric,102126.252436633,114708.128752522,12581.8763158886,True,12581.8763158886,1.2815515655446,0,False,,
SARIMA+CNY,1,2021Q1,2021Q2,106683.5,0.95,parametric,99033.5363722775,118290.346307306,19256.8099350282,True,19256.8099350282,1.95996398454005,0,False,,
SARIMA+CNY,1,2021Q2,2021Q3,106152.9,0.8,parametric,106893.141762662,120000.733347241,13107.5915845793,False,20510.009211198,1.2815515655446,0,False,,
SARIMA+CNY,1,2021Q2,2021Q3,106152.9,0.95,parametric,103670.141145539,123731.435682164,20061.2945366251,True,20061.2945366251,1.95996398454005,0,False,,
SARIMA+CNY,1,2021Q3,2021Q4,122766,0.8,parametric,116782.499864317,131181.390294385,14398.8904300677,True,14398.8904300677,1.2815515655446,0,False,,
SARIMA+CNY,1,2021Q3,2021Q4,122766,0.95,parametric,113243.345454106,135281.156105226,22037.8106511195,True,22037.8106511195,1.95996398454005,0,False,,
SARIMA+CNY,1,2021Q4,2022Q1,108659.1,0.8,parametric,97758.1654815803,109757.120260888,11998.9547793082,True,11998.9547793082,1.2815515655446,0,False,,
SARIMA+CNY,1,2021Q4,2022Q1,108659.1,0.95,parametric,94807.9641195102,113172.504281606,18364.5401620961,True,18364.5401620961,1.95996398454005,0,False,,
SARIMA+CNY,1,2022Q1,2022Q2,101772.6,0.8,parametric,106418.679886269,119488.797972086,13070.118085817,False,59530.9169485085,1.2815515655446,0,False,,
SARIMA+CNY,1,2022Q1,2022Q2,101772.6,0.95,parametric,103205.25073029,123209.236462371,20003.9857320814,False,77310.0149436627,1.95996398454005,0,False,,
SARIMA+CNY,1,2022Q2,2022Q3,109872.9,0.8,parametric,102431.903156032,115256.200958482,12824.2978024508,True,12824.2978024508,1.2815515655446,0,False,,
SARIMA+CNY,1,2022Q2,2022Q3,109872.9,0.95,parametric,99283.1914640956,118911.487842137,19628.2963780415,True,19628.2963780415,1.95996398454005,0,False,,
SARIMA+CNY,1,2022Q3,2022Q4,119427.9,0.8,parametric,118260.999266118,133000.501073326,14739.5018072081,True,14739.5018072081,1.2815515655446,0,False,,
SARIMA+CNY,1,2022Q3,2022Q4,119427.9,0.95,parametric,114640.89138402,137200.365157127,22559.4737731069,True,22559.4737731069,1.95996398454005,0,False,,
SARIMA+CNY,1,2022Q4,2023Q1,114922.4,0.8,parametric,97134.0696720032,109256.696747535,12122.627075532,False,68779.65960018,1.2815515655446,0,False,,
SARIMA+CNY,1,2022Q4,2023Q1,114922.4,0.95,parametric,94156.9662558513,112711.23121332,18554.2649574685,False,107001.016424676,1.95996398454005,0,False,,
SARIMA+CNY,1,2023Q1,2023Q2,112665.2,0.8,parametric,106365.44684452,119922.498619055,13557.0517745353,True,13557.0517745353,1.2815515655446,0,False,,
SARIMA+CNY,1,2023Q1,2023Q2,112665.2,0.95,parametric,103041.104566215,123791.473373912,20750.3688076968,True,20750.3688076968,1.95996398454005,0,False,,
SARIMA+CNY,1,2023Q2,2023Q3,114519.4,0.8,parametric,111400.707394857,125538.97842777,14138.271032913,True,14138.271032913,1.2815515655446,0,False,,
SARIMA+CNY,1,2023Q2,2023Q3,114519.4,0.95,parametric,107932.770603809,129572.611953201,21639.8413493927,True,21639.8413493927,1.95996398454005,0,False,,
SARIMA+CNY,1,2023Q3,2023Q4,129388.2,0.8,parametric,122350.976404508,137842.704683928,15491.7282794202,True,15491.7282794202,1.2815515655446,0,False,,
SARIMA+CNY,1,2023Q3,2023Q4,129388.2,0.95,parametric,118550.412217193,142261.753400052,23711.3411828587,True,23711.3411828587,1.95996398454005,0,False,,
SARIMA+CNY,1,2023Q4,2024Q1,120326.8,0.8,parametric,111037.507260921,125032.273893399,13994.7666324781,True,13994.7666324781,1.2815515655446,0,False,,
SARIMA+CNY,1,2023Q4,2024Q1,120326.8,0.95,parametric,107603.054718018,129023.028729714,21419.9740116966,True,21419.9740116966,1.95996398454005,0,False,,
SARIMA+CNY,1,2024Q1,2024Q2,115642.2,0.8,parametric,110882.969360865,124813.24120872,13930.2718478547,True,13930.2718478547,1.2815515655446,0,False,,
SARIMA+CNY,1,2024Q1,2024Q2,115642.2,0.95,parametric,107463.553505226,128784.712112687,21321.1586074612,True,21321.1586074612,1.95996398454005,0,False,,
SARIMA+CNY,1,2024Q2,2024Q3,117595,0.8,parametric,113634.474511794,127856.213893989,14221.7393821948,True,14221.7393821948,1.2815515655446,0,False,,
SARIMA+CNY,1,2024Q2,2024Q3,117595,0.95,parametric,110142.563780181,131909.710290631,21767.1465104499,True,21767.1465104499,1.95996398454005,0,False,,
SARIMA+CNY,1,2024Q3,2024Q4,134330.8,0.8,parametric,125451.795474139,141106.667139792,15654.8716656528,True,15654.8716656528,1.2815515655446,0,False,,
SARIMA+CNY,1,2024Q3,2024Q4,134330.8,0.95,parametric,121607.20198607,145567.733299927,23960.5313138569,True,23960.5313138569,1.95996398454005,0,False,,
SARIMA+CNY,1,2024Q4,2025Q1,124671.1,0.8,parametric,114678.099501988,128925.723099166,14247.6235971775,True,14247.6235971775,1.2815515655446,0,False,,
SARIMA+CNY,1,2024Q4,2025Q1,124671.1,0.95,parametric,111178.010792105,132984.542506151,21806.5317140463,True,21806.5317140463,1.95996398454005,0,False,,
SARIMA+CNY,1,2025Q1,2025Q2,120787.3,0.8,parametric,115121.373364377,129384.076101065,14262.7027366879,True,14262.7027366879,1.2815515655446,0,False,,
SARIMA+CNY,1,2025Q1,2025Q2,120787.3,0.95,parametric,111616.885667821,133446.408606703,21829.5229388814,True,21829.5229388814,1.95996398454005,0,False,,
SARIMA+CNY,1,2025Q2,2025Q3,120418.8,0.8,parametric,117588.591907746,132097.270868011,14508.6789602651,True,14508.6789602651,1.2815515655446,0,False,,
SARIMA+CNY,1,2025Q2,2025Q3,120418.8,0.95,parametric,114022.632256232,136228.499280033,22205.8670238007,True,22205.8670238007,1.95996398454005,0,False,,
SARIMA+CNY,1,2025Q3,2025Q4,135325.2,0.8,parametric,129610.117805854,145573.71912682,15963.6013209669,True,15963.6013209669,1.2815515655446,0,False,,
SARIMA+CNY,1,2025Q3,2025Q4,135325.2,0.95,parametric,125686.075560597,150118.673061493,24432.5975008956,True,24432.5975008956,1.95996398454005,0,False,,
SARIMA+CNY,1,2025Q4,2026Q1,127694.9,0.8,parametric,120317.338099141,135085.360897752,14768.0227986114,True,14768.0227986114,1.2815515655446,0,False,,
SARIMA+CNY,1,2025Q4,2026Q1,127694.9,0.95,parametric,116686.303955603,139288.935276957,22602.6313213543,True,22602.6313213543,1.95996398454005,0,False,,
SARIMA+CNY,1,2026Q1,2026Q2,121027.2,0.8,parametric,115697.885738891,129839.648131432,14141.7623925414,True,14141.7623925414,1.2815515655446,0,False,,
SARIMA+CNY,1,2026Q1,2026Q2,121027.2,0.95,parametric,112219.813509341,133863.818733202,21644.0052238606,True,21644.0052238606,1.95996398454005,0,False,,
SARIMA+CNY,2,2004Q3,2005Q1,15112.2,0.8,parametric,14575.8617888607,15643.286099636,1067.42431077529,True,1067.42431077529,1.2815515655446,0,False,,
SARIMA+CNY,2,2004Q3,2005Q1,15112.2,0.95,parametric,14305.7324210839,15938.6719533388,1632.93953225491,True,1632.93953225491,1.95996398454005,0,False,,
SARIMA+CNY,2,2004Q4,2005Q2,14497.5,0.8,parametric,14147.4883829772,15210.3539657684,1062.86558279122,True,1062.86558279122,1.2815515655446,0,False,,
SARIMA+CNY,2,2004Q4,2005Q2,14497.5,0.95,parametric,13878.8152190184,15504.8037340249,1625.98851500656,True,1625.98851500656,1.95996398454005,0,False,,
SARIMA+CNY,2,2005Q1,2005Q3,15470.9,0.8,parametric,15053.2035841052,16126.9732952863,1073.76971118109,True,1073.76971118109,1.2815515655446,0,False,,
SARIMA+CNY,2,2005Q1,2005Q3,15470.9,0.95,parametric,14781.1610503962,16423.7850722062,1642.62402181001,True,1642.62402181001,1.95996398454005,0,False,,
SARIMA+CNY,2,2005Q2,2005Q4,22096,0.8,parametric,17398.6241890277,18679.2341798539,1280.60999082615,False,35448.2681922871,1.2815515655446,0,False,,
SARIMA+CNY,2,2005Q2,2005Q4,22096,0.95,parametric,17074.6162437577,19033.6913576569,1959.07511389922,False,124451.420807622,1.95996398454005,0,False,,
SARIMA+CNY,2,2005Q3,2006Q1,18440.2,0.8,parametric,17126.5927975043,18324.9597175068,1198.36692000253,False,2350.76974493445,1.2815515655446,0,False,,
SARIMA+CNY,2,2005Q3,2006Q1,18440.2,0.95,parametric,16822.7371118857,18655.9488521442,1833.21174025852,True,1833.21174025852,1.95996398454005,0,False,,
SARIMA+CNY,2,2005Q4,2006Q2,18008,0.8,parametric,19427.2956571256,22037.5008064643,2610.20514933874,False,16803.1617205946,1.2815515655446,0,False,,
SARIMA+CNY,2,2005Q4,2006Q2,18008,0.95,parametric,18789.7456903518,22785.2495061262,3995.50381577437,False,35265.3314298473,1.95996398454005,0,False,,
SARIMA+CNY,2,2006Q1,2006Q3,18643.2,0.8,parametric,18587.2626017781,20711.5571057719,2124.29450399384,True,2124.29450399384,1.2815515655446,0,False,,
SARIMA+CNY,2,2006Q1,2006Q3,18643.2,0.95,parametric,18062.422496749,21313.3731583344,3250.95066158536,True,3250.95066158536,1.95996398454005,0,False,,
SARIMA+CNY,2,2006Q2,2006Q4,21318.6,0.8,parametric,25735.504786715,28834.0426682906,3098.53788157557,False,47267.5857487258,1.2815515655446,0,False,,
SARIMA+CNY,2,2006Q2,2006Q4,21318.6,0.95,parametric,24972.6418236992,29714.8635033846,4742.2216796854,False,150903.894627655,1.95996398454005,0,False,,
SARIMA+CNY,2,2006Q3,2007Q1,21187.8,0.8,parametric,21033.3586909058,23557.2343134126,2523.87562250682,True,2523.87562250682,1.2815515655446,0,False,,
SARIMA+CNY,2,2006Q3,2007Q1,21187.8,0.95,parametric,20411.8339259753,24274.5341196011,3862.70019362577,True,3862.70019362577,1.95996398454005,0,False,,
SARIMA+CNY,2,2006Q4,2007Q2,20856,0.8,parametric,17714.3929631258,20535.2079807757,2820.81501764997,False,6028.73520989268,1.2815515655446,0,False,,
SARIMA+CNY,2,2006Q4,2007Q2,20856,0.95,parametric,17034.9456429902,21354.2650134998,4319.31937050962,True,4319.31937050962,1.95996398454005,0,False,,
SARIMA+CNY,2,2007Q1,2007Q3,21783.2,0.8,parametric,19637.699277253,22362.9998924399,2725.30061518697,True,2725.30061518697,1.2815515655446,0,False,,
SARIMA+CNY,2,2007Q1,2007Q3,21783.2,0.95,parametric,18973.6979845452,23145.6127942316,4171.91480968645,True,4171.91480968645,1.95996398454005,0,False,,
SARIMA+CNY,2,2007Q2,2007Q4,25383,0.8,parametric,24760.6258055811,28235.817287931,3475.19148234996,True,3475.19148234996,1.2815515655446,0,False,,
SARIMA+CNY,2,2007Q2,2007Q4,25383,0.95,parametric,23914.668922855,29234.630361663,5319.96143880796,True,5319.96143880796,1.95996398454005,0,False,,
SARIMA+CNY,2,2007Q3,2008Q1,25555.2,0.8,parametric,23272.7385961724,26504.2028184212,3231.46422224872,True,3231.46422224872,1.2815515655446,0,False,,
SARIMA+CNY,2,2007Q3,2008Q1,25555.2,0.95,parametric,22485.4462949067,27432.2055165422,4946.75922163553,True,4946.75922163553,1.95996398454005,0,False,,
SARIMA+CNY,2,2007Q4,2008Q2,25487.5,0.8,parametric,21665.6837428392,24682.3756809213,3016.69193808204,False,11067.9351288695,1.2815515655446,0,False,,
SARIMA+CNY,2,2007Q4,2008Q2,25487.5,0.95,parametric,20930.8772534566,25548.8835488953,4618.00629543873,True,4618.00629543873,1.95996398454005,0,False,,
SARIMA+CNY,2,2008Q1,2008Q3,26843,0.8,parametric,23824.2540989719,27157.2738460916,3333.01974711978,True,3333.01974711978,1.2815515655446,0,False,,
SARIMA+CNY,2,2008Q1,2008Q3,26843,0.95,parametric,23012.699368883,28114.9891359335,5102.28976705057,True,5102.28976705057,1.95996398454005,0,False,,
SARIMA+CNY,2,2008Q2,2008Q4,30602,0.8,parametric,29887.6108644671,34198.0688041779,4310.45793971083,True,4310.45793971083,1.2815515655446,0,False,,
SARIMA+CNY,2,2008Q2,2008Q4,30602,0.95,parametric,28840.6097183642,35439.5618787741,6598.95216040991,True,6598.95216040991,1.95996398454005,0,False,,
SARIMA+CNY,2,2008Q3,2009Q1,29398,0.8,parametric,28803.9009366598,32909.2219058066,4105.32096914685,True,4105.32096914685,1.2815515655446,0,False,,
SARIMA+CNY,2,2008Q3,2009Q1,29398,0.95,parametric,27805.7761867674,34090.541523114,6284.76533634662,True,6284.76533634662,1.95996398454005,0,False,,
SARIMA+CNY,2,2008Q4,2009Q2,29313.2,0.8,parametric,27070.3281079492,30974.9943133124,3904.66620536316,True,3904.66620536316,1.2815515655446,0,False,,
SARIMA+CNY,2,2008Q4,2009Q2,29313.2,0.95,parametric,26121.9032135031,32099.6235362278,5977.72032272475,True,5977.72032272475,1.95996398454005,0,False,,
SARIMA+CNY,2,2009Q1,2009Q3,30964.9,0.8,parametric,28101.6828645939,32120.7464332243,4019.06356863036,True,4019.06356863036,1.2815515655446,0,False,,
SARIMA+CNY,2,2009Q1,2009Q3,30964.9,0.95,parametric,27124.8001968012,33277.5549715183,6152.75477471707,True,6152.75477471707,1.95996398454005,0,False,,
SARIMA+CNY,2,2009Q2,2009Q4,35666.6,0.8,parametric,33795.2112859662,38613.9269832729,4818.71569730672,True,4818.71569730672,1.2815515655446,0,False,,
SARIMA+CNY,2,2009Q2,2009Q4,35666.6,0.95,parametric,32623.6782189627,40000.5729648859,7376.89474592327,True,7376.89474592327,1.95996398454005,0,False,,
SARIMA+CNY,2,2009Q3,2010Q1,36374,0.8,parametric,32897.6243170552,37553.4944745141,4655.87015745888,True,4655.87015745888,1.2815515655446,0,False,,
SARIMA+CNY,2,2009Q3,2010Q1,36374,0.95,parametric,31765.0073073623,38892.5064949957,7127.49918763333,True,7127.49918763333,1.95996398454005,0,False,,
SARIMA+CNY,2,2009Q4,2010Q2,36295.4,0.8,parametric,31809.1869149313,36277.5884360458,4468.40152111444,False,4646.51716065689,1.2815515655446,0,False,,
SARIMA+CNY,2,2009Q4,2010Q2,36295.4,0.95,parametric,30721.5312647142,37561.9490266272,6840.41776191295,True,6840.41776191295,1.95996398454005,0,False,,
SARIMA+CNY,2,2010Q1,2010Q3,38359.1,0.8,parametric,34797.5201474261,39688.7351719421,4891.21502451597,True,4891.21502451597,1.2815515655446,0,False,,
SARIMA+CNY,2,2010Q1,2010Q3,38359.1,0.95,parametric,33607.0056108277,41094.6925103781,7487.68689955046,True,7487.68689955046,1.95996398454005,0,False,,
SARIMA+CNY,2,2010Q2,2010Q4,43525.2,0.8,parametric,41362.2587962683,47180.6766593594,5818.41786309111,True,5818.41786309111,1.2815515655446,0,False,,
SARIMA+CNY,2,2010Q2,2010Q4,43525.2,0.95,parametric,39946.1502594848,48853.2523282168,8907.10206873199,True,8907.10206873199,1.95996398454005,0,False,,
SARIMA+CNY,2,2010Q3,2011Q1,42921.8,0.8,parametric,41040.0110094519,46768.3565014694,5728.34549201749,True,5728.34549201749,1.2815515655446,0,False,,
SARIMA+CNY,2,2010Q3,2011Q1,42921.8,0.95,parametric,39644.9678206274,48414.0603770555,8769.09255642809,True,8769.09255642809,1.95996398454005,0,False,,
SARIMA+CNY,2,2010Q4,2011Q2,42910.9,0.8,parametric,40109.4420037798,45672.2648401748,5562.82283639495,True,5562.82283639495,1.2815515655446,0,False,,
SARIMA+CNY,2,2010Q4,2011Q2,42910.9,0.95,parametric,38754.0301534875,47269.6401002156,8515.6099467281,True,8515.6099467281,1.95996398454005,0,False,,
SARIMA+CNY,2,2011Q1,2011Q3,44978.1,0.8,parametric,42070.5043895487,47860.787908643,5790.28351909429,True,5790.28351909429,1.2815515655446,0,False,,
SARIMA+CNY,2,2011Q1,2011Q3,44978.1,0.95,parametric,40658.8276168594,49522.5171461389,8863.68952927946,True,8863.68952927946,1.95996398454005,0,False,,
SARIMA+CNY,2,2011Q2,2011Q4,50415,0.8,parametric,48565.0652118349,55196.4887250065,6631.42351317167,True,6631.42351317167,1.2815515655446,0,False,,
SARIMA+CNY,2,2011Q2,2011Q4,50415,0.95,parametric,46947.3259262525,57098.4826399936,10151.1567137411,True,10151.1567137411,1.95996398454005,0,False,,
SARIMA+CNY,2,2011Q3,2012Q1,49318.8,0.8,parametric,47595.1098333986,54043.0868408421,6447.97700744357,True,6447.97700744357,1.2815515655446,0,False,,
SARIMA+CNY,2,2011Q3,2012Q1,49318.8,0.95,parametric,46021.1692239288,55891.3799301814,9870.21070625256,True,9870.21070625256,1.95996398454005,0,False,,
SARIMA+CNY,2,2011Q4,2012Q2,48902.8,0.8,parametric,46778.0077679654,53103.8715552795,6325.86378731411,True,6325.86378731411,1.2815515655446,0,False,,
SARIMA+CNY,2,2011Q4,2012Q2,48902.8,0.95,parametric,45233.6616364504,54916.9186453868,9683.25700893636,True,9683.25700893636,1.95996398454005,0,False,,
SARIMA+CNY,2,2012Q1,2012Q3,51200.4,0.8,parametric,48786.1348535534,55347.4785696546,6561.34371610119,True,6561.34371610119,1.2815515655446,0,False,,
SARIMA+CNY,2,2012Q1,2012Q3,51200.4,0.95,parametric,47183.6300290857,57227.2534274881,10043.6233984023,True,10043.6233984023,1.95996398454005,0,False,,
SARIMA+CNY,2,2012Q2,2012Q4,57744.7,0.8,parametric,54823.5319630618,62123.0927757868,7299.56081272501,True,7299.56081272501,1.2815515655446,0,False,,
SARIMA+CNY,2,2012Q2,2012Q4,57744.7,0.95,parametric,53039.3703410664,64212.8166404836,11173.4462994172,True,11173.4462994172,1.95996398454005,0,False,,
SARIMA+CNY,2,2012Q3,2013Q1,55451,0.8,parametric,53953.3342523954,61087.1375065076,7133.8032541122,True,7133.8032541122,1.2815515655446,0,False,,
SARIMA+CNY,2,2012Q3,2013Q1,55451,0.95,parametric,52208.7729984055,63128.3701785388,10919.5971801333,True,10919.5971801333,1.95996398454005,0,False,,
SARIMA+CNY,2,2012Q4,2013Q2,55313.3,0.8,parametric,53150.9524254478,60127.1042744911,6976.15184904334,True,6976.15184904334,1.2815515655446,0,False,,
SARIMA+CNY,2,2012Q4,2013Q2,55313.3,0.95,parametric,51444.0056565374,62122.1621059227,10678.1564493853,True,10678.1564493853,1.95996398454005,0,False,,
SARIMA+CNY,2,2013Q1,2013Q3,58052.7,0.8,parametric,54427.0112865738,61548.7243612731,7121.71307469928,True,7121.71307469928,1.2815515655446,0,False,,
SARIMA+CNY,2,2013Q1,2013Q3,58052.7,0.95,parametric,52684.0497476695,63584.958474712,10900.9087270425,True,10900.9087270425,1.95996398454005,0,False,,
SARIMA+CNY,2,2013Q2,2013Q4,65563,0.8,parametric,61563.8485556936,69561.8573628608,7998.00880716713,True,7998.00880716713,1.2815515655446,0,False,,
SARIMA+CNY,2,2013Q2,2013Q4,65563,0.95,parametric,59605.3839272075,71847.4635977494,12242.0796705419,True,12242.0796705419,1.95996398454005,0,False,,
SARIMA+CNY,2,2013Q3,2014Q1,62081.2,0.8,parametric,60091.1440166808,67846.7243607787,7755.58034409783,True,7755.58034409783,1.2815515655446,0,False,,
SARIMA+CNY,2,2013Q3,2014Q1,62081.2,0.95,parametric,58191.1247122774,70062.0121157998,11870.8874035223,True,11870.8874035223,1.95996398454005,0,False,,
SARIMA+CNY,2,2013Q4,2014Q2,62117.5,0.8,parametric,59892.1588134921,67564.5125342011,7672.35372070903,True,7672.35372070903,1.2815515655446,0,False,,
SARIMA+CNY,2,2013Q4,2014Q2,62117.5,0.95,parametric,58011.5018280037,69754.865627374,11743.3637993703,True,11743.3637993703,1.95996398454005,0,False,,
SARIMA+CNY,2,2014Q1,2014Q3,64952.1,0.8,parametric,61386.5644281395,69223.7185914077,7837.15416326828,True,7837.15416326828,1.2815515655446,0,False,,
SARIMA+CNY,2,2014Q1,2014Q3,64952.1,0.95,parametric,59465.0370539255,71460.5837614009,11995.5467074754,True,11995.5467074754,1.95996398454005,0,False,,
SARIMA+CNY,2,2014Q2,2014Q4,73243.3,0.8,parametric,69131.1088872114,77900.4349091694,8769.32602195803,True,8769.32602195803,1.2815515655446,0,False,,
SARIMA+CNY,2,2014Q2,2014Q4,73243.3,0.95,parametric,66980.0283729363,80402.2270352291,13422.1986622927,True,13422.1986622927,1.95996398454005,0,False,,
SARIMA+CNY,2,2014Q3,2015Q1,70715.3,0.8,parametric,66936.8797809874,75369.8433901074,8432.96360912007,True,8432.96360912007,1.2815515655446,0,False,,
SARIMA+CNY,2,2014Q3,2015Q1,70715.3,0.95,parametric,64867.2860809926,77774.5216566685,12907.2355756759,True,12907.2355756759,1.95996398454005,0,False,,
SARIMA+CNY,2,2014Q4,2015Q2,70861.8,0.8,parametric,66382.7149568777,74690.7009564048,8307.98599952711,True,8307.98599952711,1.2815515655446,0,False,,
SARIMA+CNY,2,2014Q4,2015Q2,70861.8,0.95,parametric,64342.8270383479,77058.6519079023,12715.8248695544,True,12715.8248695544,1.95996398454005,0,False,,
SARIMA+CNY,2,2015Q1,2015Q3,74502.8,0.8,parametric,69300.2282666564,77911.9931323574,8611.76486570103,True,8611.76486570103,1.2815515655446,0,False,,
SARIMA+CNY,2,2015Q1,2015Q3,74502.8,0.95,parametric,67184.6845303528,80365.3235335683,13180.6390032155,True,13180.6390032155,1.95996398454005,0,False,,
SARIMA+CNY,2,2015Q2,2015Q4,84850.9,0.8,parametric,78666.9363534373,88380.2722258659,9713.33587242861,True,9713.33587242861,1.2815515655446,0,False,,
SARIMA+CNY,2,2015Q2,2015Q4,84850.9,0.95,parametric,76279.7030192657,91146.2023958805,14866.4993766148,True,14866.4993766148,1.95996398454005,0,False,,
SARIMA+CNY,2,2015Q3,2016Q1,78024.4,0.8,parametric,76307.5288179854,85674.0001389215,9366.47132093609,True,9366.47132093609,1.2815515655446,0,False,,
SARIMA+CNY,2,2015Q3,2016Q1,78024.4,0.95,parametric,74004.5869728555,88340.0813648319,14335.4943919764,True,14335.4943919764,1.95996398454005,0,False,,
SARIMA+CNY,2,2015Q4,2016Q2,78113.9,0.8,parametric,77082.8932177373,86492.8378692297,9409.94465149243,True,9409.94465149243,1.2815515655446,0,False,,
SARIMA+CNY,2,2015Q4,2016Q2,78113.9,0.95,parametric,74768.3757814887,89170.2958087202,14401.9200272316,True,14401.9200272316,1.95996398454005,0,False,,
SARIMA+CNY,2,2016Q1,2016Q3,82343.5,0.8,parametric,77869.4197492457,87377.7118824727,9508.29213322708,True,9508.29213322708,1.2815515655446,0,False,,
SARIMA+CNY,2,2016Q1,2016Q3,82343.5,0.95,parametric,75530.7522922434,90083.1981254297,14552.4458331863,True,14552.4458331863,1.95996398454005,0,False,,
SARIMA+CNY,2,2016Q2,2016Q4,93834.2,0.8,parametric,87305.9541210867,97919.9797007148,10614.0255796281,True,10614.0255796281,1.2815515655446,0,False,,
SARIMA+CNY,2,2016Q2,2016Q4,93834.2,0.95,parametric,84694.5242886047,100939.196802816,16244.6725142111,True,16244.6725142111,1.95996398454005,0,False,,
SARIMA+CNY,2,2016Q3,2017Q1,85823.4,0.8,parametric,82807.7265764318,92854.5105034639,10046.7839270322,True,10046.7839270322,1.2815515655446,0,False,,
SARIMA+CNY,2,2016Q3,2017Q1,85823.4,0.95,parametric,80335.5106078023,95711.9816502726,15376.4710424703,True,15376.4710424703,1.95996398454005,0,False,,
SARIMA+CNY,2,2016Q4,2017Q2,86545.3,0.8,parametric,83726.015878245,93825.2183028389,10099.2024245938,True,10099.2024245938,1.2815515655446,0,False,,
SARIMA+CNY,2,2016Q4,2017Q2,86545.3,0.95,parametric,81239.899482111,96696.4726382152,15456.5731561042,True,15456.5731561042,1.95996398454005,0,False,,
SARIMA+CNY,2,2017Q1,2017Q3,90809.7,0.8,parametric,86086.5185839574,96431.1444616946,10344.6258777372,True,10344.6258777372,1.2815515655446,0,False,,
SARIMA+CNY,2,2017Q1,2017Q3,90809.7,0.95,parametric,83539.3209592961,99371.426705979,15832.1057466829,True,15832.1057466829,1.95996398454005,0,False,,
SARIMA+CNY,2,2017Q2,2017Q4,103083.2,0.8,parametric,97291.8446332108,108916.084991451,11624.24035824,True,11624.24035824,1.2815515655446,0,False,,
SARIMA+CNY,2,2017Q2,2017Q4,103083.2,0.95,parametric,94428.4358787609,112218.811213299,17790.3753345385,True,17790.3753345385,1.95996398454005,0,False,,
SARIMA+CNY,2,2017Q3,2018Q1,90275.4,0.8,parametric,91150.6724012765,101978.434881599,10827.7624803225,False,19580.4864930879,1.2815515655446,0,False,,
SARIMA+CNY,2,2017Q3,2018Q1,90275.4,0.95,parametric,88482.4088278166,105053.682794464,16571.2739666476,True,16571.2739666476,1.95996398454005,0,False,,
SARIMA+CNY,2,2017Q4,2018Q2,89742.5,0.8,parametric,91259.7239068266,102037.967895033,10778.2439882062,False,25950.4830564727,1.2815515655446,0,False,,
SARIMA+CNY,2,2017Q4,2018Q2,89742.5,0.95,parametric,88602.620789097,105097.98350412,16495.3627150232,True,16495.3627150232,1.95996398454005,0,False,,
SARIMA+CNY,2,2018Q1,2018Q3,94281.4,0.8,parametric,91119.0784489165,101972.91343695,10853.8349880334,True,10853.8349880334,1.2815515655446,0,False,,
SARIMA+CNY,2,2018Q1,2018Q3,94281.4,0.95,parametric,88444.8914039333,105056.128755819,16611.2373518853,True,16611.2373518853,1.95996398454005,0,False,,
SARIMA+CNY,2,2018Q2,2018Q4,106687.6,0.8,parametric,101228.887166593,113322.646387771,12093.759221178,True,12093.759221178,1.2815515655446,0,False,,
SARIMA+CNY,2,2018Q2,2018Q4,106687.6,0.95,parametric,98249.8067573486,116758.75773414,18508.9509767915,True,18508.9509767915,1.95996398454005,0,False,,
SARIMA+CNY,2,2018Q3,2019Q1,97789.7,0.8,parametric,91505.4108690927,102382.55634209,10877.1454729974,True,10877.1454729974,1.2815515655446,0,False,,
SARIMA+CNY,2,2018Q3,2019Q1,97789.7,0.95,parametric,88825.0995162647,105471.966087643,16646.8665713785,True,16646.8665713785,1.95996398454005,0,False,,
SARIMA+CNY,2,2018Q4,2019Q2,97420,0.8,parametric,91508.317972002,102328.591350646,10820.2733786443,True,10820.2733786443,1.2815515655446,0,False,,
SARIMA+CNY,2,2018Q4,2019Q2,97420,0.95,parametric,88841.0652690888,105400.776618108,16559.7113490192,True,16559.7113490192,1.95996398454005,0,False,,
SARIMA+CNY,2,2019Q1,2019Q3,101464.5,0.8,parametric,96843.0148975032,108245.779202002,11402.764304499,True,11402.764304499,1.2815515655446,0,False,,
SARIMA+CNY,2,2019Q1,2019Q3,101464.5,0.95,parametric,94031.3712885021,111482.449571946,17451.0782834437,True,17451.0782834437,1.95996398454005,0,False,,
SARIMA+CNY,2,2019Q2,2019Q4,114974.8,0.8,parametric,109307.975691102,122104.377276261,12796.4015851587,True,12796.4015851587,1.2815515655446,0,False,,
SARIMA+CNY,2,2019Q2,2019Q4,114974.8,0.95,parametric,106151.468836846,125735.257828649,19583.7889918025,True,19583.7889918025,1.95996398454005,0,False,,
SARIMA+CNY,2,2019Q3,2020Q1,78579.7,0.8,parametric,98918.3142231517,110439.165492064,11520.8512689122,False,214906.993500429,1.2815515655446,0,False,,
SARIMA+CNY,2,2019Q3,2020Q1,78579.7,0.95,parametric,96075.4720007558,113707.024771116,17631.5527703604,False,717462.432800592,1.95996398454005,0,False,,
SARIMA+CNY,2,2019Q4,2020Q2,93676.5,0.8,parametric,99133.5645781921,110618.512602302,11484.9480241099,False,66055.5938060309,1.2815515655446,0,False,,
SARIMA+CNY,2,2019Q4,2020Q2,93676.5,0.95,parametric,96298.580726221,113875.068354127,17576.4876279063,False,122459.716676746,1.95996398454005,0,False,,
SARIMA+CNY,2,2020Q1,2020Q3,101067.8,0.8,parametric,81461.0354220116,93717.0333585976,12255.997936586,False,85763.6643506097,1.2815515655446,0,False,,
SARIMA+CNY,2,2020Q1,2020Q3,101067.8,0.95,parametric,78494.4551039603,97258.9282129483,18764.4731089881,False,171119.344591055,1.95996398454005,0,False,,
SARIMA+CNY,2,2020Q2,2020Q4,118656.6,0.8,parametric,99339.3407492054,113535.082814512,14195.7420653061,False,65410.913920191,1.2815515655446,0,False,,
SARIMA+CNY,2,2020Q2,2020Q4,118656.6,0.95,parametric,95888.6644255589,117620.788090711,21732.1236651525,False,63164.6000366938,1.95996398454005,0,False,,
SARIMA+CNY,2,2020Q3,2021Q1,105220.8,0.8,parametric,83759.6646702201,95890.4848198685,12130.8201496484,False,105433.971950964,1.2815515655446,0,False,,
SARIMA+CNY,2,2020Q3,2021Q1,105220.8,0.95,parametric,80814.1178180669,99385.5414181286,18571.4236000618,False,251981.766874916,1.95996398454005,0,False,,
SARIMA+CNY,2,2020Q4,2021Q2,106683.5,0.8,parametric,93760.2813870036,107473.446083745,13713.1646967417,True,13713.1646967417,1.2815515655446,0,False,,
SARIMA+CNY,2,2020Q4,2021Q2,106683.5,0.95,parametric,90433.1861784687,111427.463437555,20994.2772590862,True,20994.2772590862,1.95996398454005,0,False,,
SARIMA+CNY,2,2021Q1,2021Q3,106152.9,0.8,parametric,106584.912068541,122881.729913181,16296.8178446403,False,20616.9385300455,1.2815515655446,0,False,,
SARIMA+CNY,2,2021Q1,2021Q3,106152.9,0.95,parametric,102645.635184309,127597.616343931,24951.9811596217,True,24951.9811596217,1.95996398454005,0,False,,
SARIMA+CNY,2,2021Q2,2021Q4,122766,0.8,parametric,120715.986884997,139031.646626999,18315.6597420023,True,18315.6597420023,1.2815515655446,0,False,,
SARIMA+CNY,2,2021Q2,2021Q4,122766,0.95,parametric,116285.809984753,144328.37878521,28042.5688004572,True,28042.5688004572,1.95996398454005,0,False,,
SARIMA+CNY,2,2021Q3,2022Q1,108659.1,0.8,parametric,97045.6320284729,111822.436423598,14776.8043951247,True,14776.8043951247,1.2815515655446,0,False,,
SARIMA+CNY,2,2021Q3,2022Q1,108659.1,0.95,parametric,93472.5108903953,116097.009851554,22624.4989611591,True,22624.4989611591,1.95996398454005,0,False,,
SARIMA+CNY,2,2021Q4,2022Q2,101772.6,0.8,parametric,101691.175674408,117121.805155726,15430.6294813184,True,15430.6294813184,1.2815515655446,0,False,,
SARIMA+CNY,2,2021Q4,2022Q2,101772.6,0.95,parametric,97958.8585747824,121584.247067378,23625.3884925958,True,23625.3884925958,1.95996398454005,0,False,,
SARIMA+CNY,2,2022Q1,2022Q3,109872.9,0.8,parametric,108567.563342771,125015.534288446,16447.9709456747,True,16447.9709456747,1.2815515655446,0,False,,
SARIMA+CNY,2,2022Q1,2022Q3,109872.9,0.95,parametric,104588.640646909,129771.568439371,25182.9277924612,True,25182.9277924612,1.95996398454005,0,False,,
SARIMA+CNY,2,2022Q2,2022Q4,119427.9,0.8,parametric,115890.63196378,133650.431247744,17759.7992839645,True,17759.7992839645,1.2815515655446,0,False,,
SARIMA+CNY,2,2022Q2,2022Q4,119427.9,0.95,parametric,111598.55182214,138790.626640192,27192.0748180519,True,27192.0748180519,1.95996398454005,0,False,,
SARIMA+CNY,2,2022Q3,2023Q1,114922.4,0.8,parametric,99186.5086128955,114291.337748669,15104.8291357738,False,21415.4516490807,1.2815515655446,0,False,,
SARIMA+CNY,2,2022Q3,2023Q1,114922.4,0.95,parametric,95534.1110555321,118660.849310654,23126.7382551216,True,23126.7382551216,1.95996398454005,0,False,,
SARIMA+CNY,2,2022Q4,2023Q2,112665.2,0.8,parametric,98101.4123302996,113085.666100685,14984.2537703857,True,14984.2537703857,1.2815515655446,0,False,,
SARIMA+CNY,2,2022Q4,2023Q2,112665.2,0.95,parametric,94479.0911336605,117421.361971987,22942.2708383267,True,22942.2708383267,1.95996398454005,0,False,,
SARIMA+CNY,2,2023Q1,2023Q3,114519.4,0.8,parametric,110253.681267546,127259.151142354,17005.4698748083,True,17005.4698748083,1.2815515655446,0,False,,
SARIMA+CNY,2,2023Q1,2023Q3,114519.4,0.95,parametric,106146.178759206,132183.655148403,26037.4763891966,True,26037.4763891966,1.95996398454005,0,False,,
SARIMA+CNY,2,2023Q2,2023Q4,129388.2,0.8,parametric,123503.310159069,142466.147695866,18962.8375367972,True,18962.8375367972,1.2815515655446,0,False,,
SARIMA+CNY,2,2023Q2,2023Q4,129388.2,0.95,parametric,118921.240953228,147955.408848874,29034.1678956453,True,29034.1678956453,1.95996398454005,0,False,,
SARIMA+CNY,2,2023Q3,2024Q1,120326.8,0.8,parametric,110000.77790887,126818.053722954,16817.275814084,True,16817.275814084,1.2815515655446,0,False,,
SARIMA+CNY,2,2023Q3,2024Q1,120326.8,0.95,parametric,105935.657916141,131684.503941598,25748.8460254574,True,25748.8460254574,1.95996398454005,0,False,,
SARIMA+CNY,2,2023Q4,2024Q2,115642.2,0.8,parametric,108192.843855684,124658.594793875,16465.7509381905,True,16465.7509381905,1.2815515655446,0,False,,
SARIMA+CNY,2,2023Q4,2024Q2,115642.2,0.95,parametric,104211.152559765,129421.540310361,25210.3877505963,True,25210.3877505963,1.95996398454005,0,False,,
SARIMA+CNY,2,2024Q1,2024Q3,117595,0.8,parametric,113604.826618013,130821.798336577,17216.9717185638,True,17216.9717185638,1.2815515655446,0,False,,
SARIMA+CNY,2,2024Q1,2024Q3,117595,0.95,parametric,109439.995155503,135800.332380919,26360.3372254167,True,26360.3372254167,1.95996398454005,0,False,,
SARIMA+CNY,2,2024Q2,2024Q4,134330.8,0.8,parametric,126055.281876621,145072.626955603,19017.3450789821,True,19017.3450789821,1.2815515655446,0,False,,
SARIMA+CNY,2,2024Q2,2024Q4,134330.8,0.95,parametric,121453.170840027,150569.727879378,29116.5570393511,True,29116.5570393511,1.95996398454005,0,False,,
SARIMA+CNY,2,2024Q3,2025Q1,124671.1,0.8,parametric,112685.808538062,129638.956685063,16953.1481470016,True,16953.1481470016,1.2815515655446,0,False,,
SARIMA+CNY,2,2024Q3,2025Q1,124671.1,0.95,parametric,108582.26286797,134538.277857132,25956.0149891624,True,25956.0149891624,1.95996398454005,0,False,,
SARIMA+CNY,2,2024Q4,2025Q2,120787.3,0.8,parametric,112043.630526531,128815.159771697,16771.5292451663,True,16771.5292451663,1.2815515655446,0,False,,
SARIMA+CNY,2,2024Q4,2025Q2,120787.3,0.95,parametric,107982.323280052,133660.007761125,25677.6844810737,True,25677.6844810737,1.95996398454005,0,False,,
SARIMA+CNY,2,2025Q1,2025Q3,120418.8,0.8,parametric,117050.787232655,134514.5015531,17463.7143204454,True,17463.7143204454,1.2815515655446,0,False,,
SARIMA+CNY,2,2025Q1,2025Q3,120418.8,0.95,parametric,112820.705068649,139557.967585985,26737.2625173361,True,26737.2625173361,1.95996398454005,0,False,,
SARIMA+CNY,2,2025Q2,2025Q4,135325.2,0.8,parametric,131065.325277526,150528.729196602,19463.4039190755,True,19463.4039190755,1.2815515655446,0,False,,
SARIMA+CNY,2,2025Q2,2025Q4,135325.2,0.95,parametric,126349.038221007,156147.582392005,29798.5441709978,True,29798.5441709978,1.95996398454005,0,False,,
SARIMA+CNY,2,2025Q3,2026Q1,127694.9,0.8,parametric,120114.829782689,137913.288915938,17798.4591332485,True,17798.4591332485,1.2815515655446,0,False,,
SARIMA+CNY,2,2025Q3,2026Q1,127694.9,0.95,parametric,115801.205074308,143050.594441387,27249.389367079,True,27249.389367079,1.95996398454005,0,False,,
SARIMA+CNY,2,2025Q4,2026Q2,121027.2,0.8,parametric,114290.224544876,131181.226741247,16891.0021963712,True,16891.0021963712,1.2815515655446,0,False,,
SARIMA+CNY,2,2025Q4,2026Q2,121027.2,0.95,parametric,110195.640198883,136055.581085334,25859.9408864513,True,25859.9408864513,1.95996398454005,0,False,,
SARIMA-W40,1,2004Q4,2005Q1,15112.2,0.8,parametric,14780.9385757757,15528.061414356,747.122838580295,True,747.122838580295,1.2815515655446,0,False,,
SARIMA-W40,1,2004Q4,2005Q1,15112.2,0.95,parametric,14589.2761165224,15732.0568980485,1142.78078152607,True,1142.78078152607,1.95996398454005,0,False,,
SARIMA-W40,1,2005Q1,2005Q2,14497.5,0.8,parametric,14283.2503452727,14998.4868529945,715.236507721844,True,715.236507721844,1.2815515655446,0,False,,
SARIMA-W40,1,2005Q1,2005Q2,14497.5,0.95,parametric,14099.7154460269,15193.7209897359,1094.00554370908,True,1094.00554370908,1.95996398454005,0,False,,
SARIMA-W40,1,2005Q2,2005Q3,15470.9,0.8,parametric,15013.5752013702,15744.1811056217,730.605904251513,True,730.605904251513,1.2815515655446,0,False,,
SARIMA-W40,1,2005Q2,2005Q3,15470.9,0.95,parametric,14825.9358542724,15943.4419072524,1117.50605297998,True,1117.50605297998,1.95996398454005,0,False,,
SARIMA-W40,1,2005Q3,2005Q4,22096,0.8,parametric,17716.7377927354,18573.2190185773,856.481225841988,False,36084.2910400685,1.2815515655446,0,False,,
SARIMA-W40,1,2005Q3,2005Q4,22096,0.95,parametric,17496.7275630558,18806.7654441841,1310.03788112826,False,132879.420113766,1.95996398454005,0,False,,
SARIMA-W40,1,2005Q4,2006Q1,18440.2,0.8,parametric,20545.1191295001,22595.9174384474,2050.79830894726,False,23099.9896039483,1.2815515655446,0,False,,
SARIMA-W40,1,2005Q4,2006Q1,18440.2,0.95,parametric,20034.180040104,23172.1894624064,3138.00942230243,False,66897.2110264611,1.95996398454005,0,False,,
SARIMA-W40,1,2006Q1,2006Q2,18008,0.8,parametric,18410.4381954356,20299.1046297195,1888.66643428392,False,5913.04838863999,1.2815515655446,0,False,,
SARIMA-W40,1,2006Q1,2006Q2,18008,0.95,parametric,17940.6488917658,20830.6518600704,2890.00296830464,True,2890.00296830464,1.95996398454005,0,False,,
SARIMA-W40,1,2006Q2,2006Q3,18643.2,0.8,parametric,18355.9792806253,20205.467750467,1849.48846984169,True,1849.48846984169,1.2815515655446,0,False,,
SARIMA-W40,1,2006Q2,2006Q3,18643.2,0.95,parametric,17895.4459379413,20725.4487353434,2830.00279740209,True,2830.00279740209,1.95996398454005,0,False,,
SARIMA-W40,1,2006Q3,2006Q4,21318.6,0.8,parametric,25333.7533368286,27993.6153229615,2659.86198613296,False,42811.3953544188,1.2815515655446,0,False,,
SARIMA-W40,1,2006Q3,2006Q4,21318.6,0.95,parametric,24673.0582367098,28743.2282935568,4070.17005684704,False,138248.499525239,1.95996398454005,0,False,,
SARIMA-W40,1,2006Q4,2007Q1,21187.8,0.8,parametric,18772.8182373702,20898.2138292567,2125.39559188644,False,5021.25729931955,1.2815515655446,0,False,,
SARIMA-W40,1,2006Q4,2007Q1,21187.8,0.95,parametric,18247.3824732119,21499.9806289081,3252.59815569616,True,3252.59815569616,1.95996398454005,0,False,,
SARIMA-W40,1,2007Q1,2007Q2,20856,0.8,parametric,18700.6520935315,20728.619457848,2027.9673643165,False,3301.77278583681,1.2815515655446,0,False,,
SARIMA-W40,1,2007Q1,2007Q2,20856,0.95,parametric,18197.9207022229,21301.2633258189,3103.34262359601,True,3103.34262359601,1.95996398454005,0,False,,
SARIMA-W40,1,2007Q2,2007Q3,21783.2,0.8,parametric,20411.8201486125,22690.8431336368,2279.02298502432,True,2279.02298502432,1.2815515655446,0,False,,
SARIMA-W40,1,2007Q2,2007Q3,21783.2,0.95,parametric,19847.8971171712,23335.5406031137,3487.64348594249,True,3487.64348594249,1.95996398454005,0,False,,
SARIMA-W40,1,2007Q3,2007Q4,25383,0.8,parametric,25124.926690406,27887.0177032759,2762.09101286998,True,2762.09101286998,1.2815515655446,0,False,,
SARIMA-W40,1,2007Q3,2007Q4,25383,0.95,parametric,24440.795674395,28667.6131474269,4226.8174730319,True,4226.8174730319,1.95996398454005,0,False,,
SARIMA-W40,1,2007Q4,2008Q1,25555.2,0.8,parametric,22875.4988033448,25434.7118253896,2559.21302204486,False,3764.0947681486,1.2815515655446,0,False,,
SARIMA-W40,1,2007Q4,2008Q1,25555.2,0.95,parametric,22242.3269324958,26158.7612524061,3916.43431991026,True,3916.43431991026,1.95996398454005,0,False,,
SARIMA-W40,1,2008Q1,2008Q2,25487.5,0.8,parametric,22585.1432046421,25190.9487197071,2605.805515065,False,5571.3183179936,1.2815515655446,0,False,,
SARIMA-W40,1,2008Q1,2008Q2,25487.5,0.95,parametric,21941.7412545706,25929.6278127821,3987.88655821151,True,3987.88655821151,1.95996398454005,0,False,,
SARIMA-W40,1,2008Q2,2008Q3,26843,0.8,parametric,24854.9362576995,27850.5695318561,2995.63327415659,True,2995.63327415659,1.2815515655446,0,False,,
SARIMA-W40,1,2008Q2,2008Q3,26843,0.95,parametric,24117.4614010728,28702.19709045,4584.73568937719,True,4584.73568937719,1.95996398454005,0,False,,
SARIMA-W40,1,2008Q3,2008Q4,30602,0.8,parametric,30581.633269272,34255.3272847669,3673.6940154949,True,3673.6940154949,1.2815515655446,0,False,,
SARIMA-W40,1,2008Q3,2008Q4,30602,0.95,parametric,29677.0255743883,35299.489630986,5622.46405659777,True,5622.46405659777,1.95996398454005,0,False,,
SARIMA-W40,1,2008Q4,2009Q1,29398,0.8,parametric,28059.9950602129,31494.5871255839,3434.59206537103,True,3434.59206537103,1.2815515655446,0,False,,
SARIMA-W40,1,2008Q4,2009Q1,29398,0.95,parametric,27215.3628724166,32472.0255728436,5256.66270042703,True,5256.66270042703,1.95996398454005,0,False,,
SARIMA-W40,1,2009Q1,2009Q2,29313.2,0.8,parametric,26700.4204684546,29935.6123386035,3235.19187014891,True,3235.19187014891,1.2815515655446,0,False,,
SARIMA-W40,1,2009Q1,2009Q2,29313.2,0.95,parametric,25904.262574883,30855.6722705696,4951.40969568657,True,4951.40969568657,1.95996398454005,0,False,,
SARIMA-W40,1,2009Q2,2009Q3,30964.9,0.8,parametric,28687.484906313,32242.6387470326,3555.15384071961,True,3555.15384071961,1.2815515655446,0,False,,
SARIMA-W40,1,2009Q2,2009Q3,30964.9,0.95,parametric,27813.9653790517,33255.2442555293,5441.27887647755,True,5441.27887647755,1.95996398454005,0,False,,
SARIMA-W40,1,2009Q3,2009Q4,35666.6,0.8,parametric,34624.8907325657,38932.4576456488,4307.56691308306,True,4307.56691308306,1.2815515655446,0,False,,
SARIMA-W40,1,2009Q3,2009Q4,35666.6,0.95,parametric,33566.7890738113,40159.6974011007,6592.9083272894,True,6592.9083272894,1.95996398454005,0,False,,
SARIMA-W40,1,2009Q4,2010Q1,36374,0.8,parametric,32544.0414157202,36634.8717232757,4090.83030755547,True,4090.83030755547,1.2815515655446,0,False,,
SARIMA-W40,1,2009Q4,2010Q1,36374,0.95,parametric,31539.9199964604,37801.1986953576,6261.27869889724,True,6261.27869889724,1.95996398454005,0,False,,
SARIMA-W40,1,2010Q1,2010Q2,36295.4,0.8,parametric,32882.5735503908,37072.5670383474,4189.99348795665,True,4189.99348795665,1.2815515655446,0,False,,
SARIMA-W40,1,2010Q1,2010Q2,36295.4,0.95,parametric,31855.1197048815,38268.3042359891,6413.18453110762,True,6413.18453110762,1.95996398454005,0,False,,
SARIMA-W40,1,2010Q2,2010Q3,38359.1,0.8,parametric,35661.9213222179,40282.6974250321,4620.77610281415,True,4620.77610281415,1.2815515655446,0,False,,
SARIMA-W40,1,2010Q2,2010Q3,38359.1,0.95,parametric,34530.2163062961,41602.9362073897,7072.7199010936,True,7072.7199010936,1.95996398454005,0,False,,
SARIMA-W40,1,2010Q3,2010Q4,43525.2,0.8,parametric,42111.2084550185,47575.3887305347,5464.18027551618,True,5464.18027551618,1.2815515655446,0,False,,
SARIMA-W40,1,2010Q3,2010Q4,43525.2,0.95,parametric,40773.0797908187,49136.761864411,8363.68207359232,True,8363.68207359232,1.95996398454005,0,False,,
SARIMA-W40,1,2010Q4,2011Q1,42921.8,0.8,parametric,40489.4612055065,45792.7435889118,5303.28238340525,True,5303.28238340525,1.2815515655446,0,False,,
SARIMA-W40,1,2010Q4,2011Q1,42921.8,0.95,parametric,39191.6368265531,47309.1624940948,8117.52566754165,True,8117.52566754165,1.95996398454005,0,False,,
SARIMA-W40,1,2011Q1,2011Q2,42910.9,0.8,parametric,39786.3781543292,44948.8888559163,5162.5107015871,True,5162.5107015871,1.2815515655446,0,False,,
SARIMA-W40,1,2011Q1,2011Q2,42910.9,0.95,parametric,38522.1254966351,46424.0606296402,7901.93513300503,True,7901.93513300503,1.95996398454005,0,False,,
SARIMA-W40,1,2011Q2,2011Q3,44978.1,0.8,parametric,42287.516641668,47776.8112894425,5489.29464777448,True,5489.29464777448,1.2815515655446,0,False,,
SARIMA-W40,1,2011Q2,2011Q3,44978.1,0.95,parametric,40943.2780953809,49345.4065349023,8402.12843952137,True,8402.12843952137,1.95996398454005,0,False,,
SARIMA-W40,1,2011Q3,2011Q4,50415,0.8,parametric,48969.6726631666,55327.358040351,6357.68537718445,True,6357.68537718445,1.2815515655446,0,False,,
SARIMA-W40,1,2011Q3,2011Q4,50415,0.95,parametric,47412.7972561038,57144.1207722671,9731.32351616329,True,9731.32351616329,1.95996398454005,0,False,,
SARIMA-W40,1,2011Q4,2012Q1,49318.8,0.8,parametric,47411.225666518,53273.9878327396,5862.76216622163,True,5862.76216622163,1.2815515655446,0,False,,
SARIMA-W40,1,2011Q4,2012Q1,49318.8,0.95,parametric,45970.4935072744,54943.6141879502,8973.1206806758,True,8973.1206806758,1.95996398454005,0,False,,
SARIMA-W40,1,2012Q1,2012Q2,48902.8,0.8,parametric,46551.9956126932,52180.057575098,5628.0619624048,True,5628.0619624048,1.2815515655446,0,False,,
SARIMA-W40,1,2012Q1,2012Q2,48902.8,0.95,parametric,45166.7570100934,53780.3900944939,8613.63308440051,True,8613.63308440051,1.95996398454005,0,False,,
SARIMA-W40,1,2012Q2,2012Q3,51200.4,0.8,parametric,48367.0502620009,54564.3700473288,6197.31978532784,True,6197.31978532784,1.2815515655446,0,False,,
SARIMA-W40,1,2012Q2,2012Q3,51200.4,0.95,parametric,46847.9798307653,56333.6484972709,9485.66866650568,True,9485.66866650568,1.95996398454005,0,False,,
SARIMA-W40,1,2012Q3,2012Q4,57744.7,0.8,parametric,55241.4450254913,62313.9468706337,7072.50184514245,True,7072.50184514245,1.2815515655446,0,False,,
SARIMA-W40,1,2012Q3,2012Q4,57744.7,0.95,parametric,53507.7516078965,64332.9679707097,10825.2163628132,True,10825.2163628132,1.95996398454005,0,False,,
SARIMA-W40,1,2012Q4,2013Q1,55451,0.8,parametric,53618.7321543809,60461.636177036,6842.90402265514,True,6842.90402265514,1.2815515655446,0,False,,
SARIMA-W40,1,2012Q4,2013Q1,55451,0.95,parametric,51940.9315762901,62414.6733107876,10473.7417344975,True,10473.7417344975,1.95996398454005,0,False,,
SARIMA-W40,1,2013Q1,2013Q2,55313.3,0.8,parametric,52180.4593260443,58804.4734048774,6624.0140788331,True,6624.0140788331,1.2815515655446,0,False,,
SARIMA-W40,1,2013Q1,2013Q2,55313.3,0.95,parametric,50555.7019037556,60694.3295641339,10138.6276603782,True,10138.6276603782,1.95996398454005,0,False,,
SARIMA-W40,1,2013Q2,2013Q3,58052.7,0.8,parametric,54559.3141257654,61486.0673528325,6926.75322706713,True,6926.75322706713,1.2815515655446,0,False,,
SARIMA-W40,1,2013Q2,2013Q3,58052.7,0.95,parametric,52860.3133862179,63462.311291098,10601.9979048801,True,10601.9979048801,1.95996398454005,0,False,,
SARIMA-W40,1,2013Q3,2013Q4,65563,0.8,parametric,62278.9738722369,70184.7451436357,7905.77127139881,True,7905.77127139881,1.2815515655446,0,False,,
SARIMA-W40,1,2013Q3,2013Q4,65563,0.95,parametric,60339.8199158261,72440.2876098682,12100.4676940421,True,12100.4676940421,1.95996398454005,0,False,,
SARIMA-W40,1,2013Q4,2014Q1,62081.2,0.8,parametric,60468.0501790996,68064.9663544253,7596.91617532571,True,7596.91617532571,1.2815515655446,0,False,,
SARIMA-W40,1,2013Q4,2014Q1,62081.2,0.95,parametric,58603.2664400212,70230.8258733406,11627.5594333194,True,11627.5594333194,1.95996398454005,0,False,,
SARIMA-W40,1,2014Q1,2014Q2,62117.5,0.8,parametric,58687.488176928,66195.8513442376,7508.36316730958,True,7508.36316730958,1.2815515655446,0,False,,
SARIMA-W40,1,2014Q1,2014Q2,62117.5,0.95,parametric,56846.8562677301,68339.1923175165,11492.3360497864,True,11492.3360497864,1.95996398454005,0,False,,
SARIMA-W40,1,2014Q2,2014Q3,64952.1,0.8,parametric,61244.0663117255,68951.6900170956,7707.62370537005,True,7707.62370537005,1.2815515655446,0,False,,
SARIMA-W40,1,2014Q2,2014Q3,64952.1,0.95,parametric,59352.3402342698,71149.3743809325,11797.0341466627,True,11797.0341466627,1.95996398454005,0,False,,
SARIMA-W40,1,2014Q3,2014Q4,73243.3,0.8,parametric,69072.7487226931,77884.5053803213,8811.75665762824,True,8811.75665762824,1.2815515655446,0,False,,
SARIMA-W40,1,2014Q3,2014Q4,73243.3,0.95,parametric,66912.1476101277,80399.4052152036,13487.257605076,True,13487.257605076,1.95996398454005,0,False,,
SARIMA-W40,1,2014Q4,2015Q1,70715.3,0.8,parametric,66215.6797182288,74590.0820905108,8374.40237228206,True,8374.40237228206,1.2815515655446,0,False,,
SARIMA-W40,1,2014Q4,2015Q1,70715.3,0.95,parametric,64161.0289311272,76978.7060485485,12817.6771174212,True,12817.6771174212,1.95996398454005,0,False,,
SARIMA-W40,1,2015Q1,2015Q2,70861.8,0.8,parametric,66463.9127293737,74813.7667199373,8349.8539905636,True,8349.8539905636,1.2815515655446,0,False,,
SARIMA-W40,1,2015Q1,2015Q2,70861.8,0.95,parametric,64414.3022293488,77194.2796884645,12779.9774591156,True,12779.9774591156,1.95996398454005,0,False,,
SARIMA-W40,1,2015Q2,2015Q3,74502.8,0.8,parametric,70213.0112575543,77753.1242122822,7540.11295472794,True,7540.11295472794,1.2815515655446,0,False,,
SARIMA-W40,1,2015Q2,2015Q3,74502.8,0.95,parametric,68342.6841285317,79880.9858764071,11538.3017478753,True,11538.3017478753,1.95996398454005,0,False,,
SARIMA-W40,1,2015Q3,2015Q4,84850.9,0.8,parametric,81099.7733393732,87451.9096023904,6352.13626301721,True,6352.13626301721,1.2815515655446,0,False,,
SARIMA-W40,1,2015Q3,2015Q4,84850.9,0.95,parametric,79497.1080032817,89214.9441028275,9717.83609954578,True,9717.83609954578,1.95996398454005,0,False,,
SARIMA-W40,1,2015Q4,2016Q1,78024.4,0.8,parametric,80417.1064200089,83408.041727328,2990.93530731913,False,26917.9995074079,1.2815515655446,0,False,,
SARIMA-W40,1,2015Q4,2016Q1,78024.4,0.95,parametric,79643.564827432,84218.1459657718,4574.58113833984,False,69341.1742356193,1.95996398454005,0,False,,
SARIMA-W40,1,2016Q1,2016Q2,78113.9,0.8,parametric,75925.2764410798,79088.1328005243,3162.85635944453,True,3162.85635944453,1.2815515655446,0,False,,
SARIMA-W40,1,2016Q1,2016Q2,78113.9,0.95,parametric,75109.500443837,79947.1213442394,4837.62090040241,True,4837.62090040241,1.95996398454005,0,False,,
SARIMA-W40,1,2016Q2,2016Q3,82343.5,0.8,parametric,80312.5418184072,83611.7940556053,3299.2522371981,True,3299.2522371981,1.2815515655446,0,False,,
SARIMA-W40,1,2016Q2,2016Q3,82343.5,0.95,parametric,79461.2862247483,84507.5133519729,5046.22712722463,True,5046.22712722463,1.95996398454005,0,False,,
SARIMA-W40,1,2016Q3,2016Q4,93834.2,0.8,parametric,91264.2831727435,95203.4950651699,3939.21189242644,True,3939.21189242644,1.2815515655446,0,False,,
SARIMA-W40,1,2016Q3,2016Q4,93834.2,0.95,parametric,90249.1985866504,96274.3034700783,6025.10488342791,True,6025.10488342791,1.95996398454005,0,False,,
SARIMA-W40,1,2016Q4,2017Q1,85823.4,0.8,parametric,86893.7891247244,90369.69101576,3475.90189103562,False,14179.7931382798,1.2815515655446,0,False,,
SARIMA-W40,1,2016Q4,2017Q1,85823.4,0.95,parametric,85996.3645088708,91312.753966244,5316.38945737318,False,12234.9698122054,1.95996398454005,0,False,,
SARIMA-W40,1,2017Q1,2017Q2,86545.3,0.8,parametric,83923.9458692632,87506.1107723785,3582.16490311529,True,3582.16490311529,1.2815515655446,0,False,,
SARIMA-W40,1,2017Q1,2017Q2,86545.3,0.95,parametric,83000.5981001066,88479.5805306542,5478.98243054768,True,5478.98243054768,1.95996398454005,0,False,,
SARIMA-W40,1,2017Q2,2017Q3,90809.7,0.8,parametric,89232.968687527,93028.089477675,3795.12079014796,True,3795.12079014796,1.2815515655446,0,False,,
SARIMA-W40,1,2017Q2,2017Q3,90809.7,0.95,parametric,88254.6376403405,94059.3357739586,5804.69813361803,True,5804.69813361803,1.95996398454005,0,False,,
SARIMA-W40,1,2017Q3,2017Q4,103083.2,0.8,parametric,101029.00503559,105245.718150865,4216.71311527485,True,4216.71311527485,1.2815515655446,0,False,,
SARIMA-W40,1,2017Q3,2017Q4,103083.2,0.95,parametric,99941.4674623455,106390.975228017,6449.50776567159,True,6449.50776567159,1.95996398454005,0,False,,
SARIMA-W40,1,2017Q4,2018Q1,90275.4,0.8,parametric,93179.4672348153,96873.6738786348,3694.20664381952,False,32734.8789919723,1.2815515655446,0,False,,
SARIMA-W40,1,2017Q4,2018Q1,90275.4,0.95,parametric,92225.4724197669,97875.7504218078,5650.27800204087,False,83653.1747927187,1.95996398454005,0,False,,
SARIMA-W40,1,2018Q1,2018Q2,89742.5,0.8,parametric,88686.9823077257,92681.5858561879,3994.60354846217,True,3994.60354846217,1.2815515655446,0,False,,
SARIMA-W40,1,2018Q1,2018Q2,89742.5,0.95,parametric,87658.8008580045,93768.6813488862,6109.88049088174,True,6109.88049088174,1.95996398454005,0,False,,
SARIMA-W40,1,2018Q2,2018Q3,94281.4,0.8,parametric,92033.4330515617,96189.8606627616,4156.42761119991,True,4156.42761119991,1.2815515655446,0,False,,
SARIMA-W40,1,2018Q2,2018Q3,94281.4,0.95,parametric,90963.6777345967,97321.0771817589,6357.39944716218,True,6357.39944716218,1.95996398454005,0,False,,
SARIMA-W40,1,2018Q3,2018Q4,106687.6,0.8,parametric,104507.032547954,109254.696163966,4747.66361601214,True,4747.66361601214,1.2815515655446,0,False,,
SARIMA-W40,1,2018Q3,2018Q4,106687.6,0.95,parametric,103285.307015342,110547.03149915,7261.72448380763,True,7261.72448380763,1.95996398454005,0,False,,
SARIMA-W40,1,2018Q4,2019Q1,97789.7,0.8,parametric,91952.5144066694,95435.0164108299,3482.50200416041,False,27029.3378958618,1.2815515655446,0,False,,
SARIMA-W40,1,2018Q4,2019Q1,97789.7,0.95,parametric,91052.2144895345,96378.6522998429,5326.43781030837,False,61768.3458165917,1.95996398454005,0,False,,
SARIMA-W40,1,2019Q1,2019Q2,97420,0.8,parametric,95733.0800948383,99756.6644733498,4023.58437851159,True,4023.58437851159,1.2815515655446,0,False,,
SARIMA-W40,1,2019Q1,2019Q2,97420,0.95,parametric,94695.5371164746,100849.660298929,6154.12318245455,True,6154.12318245455,1.95996398454005,0,False,,
SARIMA-W40,1,2019Q2,2019Q3,101464.5,0.8,parametric,100144.603338787,104354.695831127,4210.09249234026,True,4210.09249234026,1.2815515655446,0,False,,
SARIMA-W40,1,2019Q2,2019Q3,101464.5,0.95,parametric,99058.9736231237,105498.363634452,6439.39001132861,True,6439.39001132861,1.95996398454005,0,False,,
SARIMA-W40,1,2019Q3,2019Q4,114974.8,0.8,parametric,112287.459421012,116970.183451917,4682.72403090444,True,4682.72403090444,1.2815515655446,0,False,,
SARIMA-W40,1,2019Q3,2019Q4,114974.8,0.95,parametric,111079.706881508,118241.982235658,7162.27535414971,True,7162.27535414971,1.95996398454005,0,False,,
SARIMA-W40,1,2019Q4,2020Q1,78579.7,0.8,parametric,102717.867244339,106653.695176067,3935.8279317284,False,245317.500375114,1.2815515655446,0,False,,
SARIMA-W40,1,2019Q4,2020Q1,78579.7,0.95,parametric,101700.649493645,107720.453672205,6019.8041785604,False,930857.783924363,1.95996398454005,0,False,,
SARIMA-W40,1,2020Q1,2020Q2,93676.5,0.8,parametric,77608.5584445119,88180.0097646602,10571.4513201483,False,65536.3536735461,1.2815515655446,0,False,,
SARIMA-W40,1,2020Q1,2020Q2,93676.5,0.95,parametric,75029.1630844807,91211.5124322079,16182.3493477272,False,114781.852059411,1.95996398454005,0,False,,
SARIMA-W40,1,2020Q2,2020Q3,101067.8,0.8,parametric,83045.860238865,94496.9967730646,11451.1365341996,False,77159.1688035532,1.2815515655446,0,False,,
SARIMA-W40,1,2020Q2,2020Q3,101067.8,0.95,parametric,80254.4661671325,97783.7715681213,17529.3054009888,False,148890.442676137,1.95996398454005,0,False,,
SARIMA-W40,1,2020Q3,2020Q4,118656.6,0.8,parametric,103413.858695697,117837.51807928,14423.6593835831,False,22614.4785907817,1.2815515655446,0,False,,
SARIMA-W40,1,2020Q3,2020Q4,118656.6,0.95,parametric,99901.0097516836,121981.073804882,22080.064053198,True,22080.064053198,1.95996398454005,0,False,,
SARIMA-W40,1,2020Q4,2021Q1,105220.8,0.8,parametric,80758.8915096961,92224.57084782,11465.6793381239,False,141427.970859924,1.2815515655446,0,False,,
SARIMA-W40,1,2020Q4,2021Q1,105220.8,0.95,parametric,77970.3798683552,95522.8655317886,17552.4856634334,False,405469.864391889,1.95996398454005,0,False,,
SARIMA-W40,1,2021Q1,2021Q2,106683.5,0.8,parametric,99497.4055712807,114996.664656973,15499.2590856919,True,15499.2590856919,1.2815515655446,0,False,,
SARIMA-W40,1,2021Q1,2021Q2,106683.5,0.95,parametric,95756.9157880653,119488.704168826,23731.7883807612,True,23731.7883807612,1.95996398454005,0,False,,
SARIMA-W40,1,2021Q2,2021Q3,106152.9,0.8,parametric,104663.768587592,120967.072758413,16303.3041708213,True,16303.3041708213,1.2815515655446,0,False,,
SARIMA-W40,1,2021Q2,2021Q3,106152.9,0.95,parametric,100729.22017211,125692.12477047,24962.9045983596,True,24962.9045983596,1.95996398454005,0,False,,
SARIMA-W40,1,2021Q3,2021Q4,122766,0.8,parametric,115013.863798406,133207.804664322,18193.9408659165,True,18193.9408659165,1.2815515655446,0,False,,
SARIMA-W40,1,2021Q3,2021Q4,122766,0.95,parametric,110628.948743141,138487.66056811,27858.7118249688,True,27858.7118249688,1.95996398454005,0,False,,
SARIMA-W40,1,2021Q4,2022Q1,108659.1,0.8,parametric,98486.3853127703,113942.431417059,15456.0461042889,True,15456.0461042889,1.2815515655446,0,False,,
SARIMA-W40,1,2021Q4,2022Q1,108659.1,0.95,parametric,94758.7324454247,118424.739487492,23666.0070420676,True,23666.0070420676,1.95996398454005,0,False,,
SARIMA-W40,1,2022Q1,2022Q2,101772.6,0.8,parametric,103759.003713003,119913.972363819,16154.9686508156,False,36019.0057808444,1.2815515655446,0,False,,
SARIMA-W40,1,2022Q1,2022Q2,101772.6,0.95,parametric,99860.0988922762,124595.854017332,24735.7551250557,True,24735.7551250557,1.95996398454005,0,False,,
SARIMA-W40,1,2022Q2,2022Q3,109872.9,0.8,parametric,102186.328830693,118869.491828872,16683.1629981783,True,16683.1629981783,1.2815515655446,0,False,,
SARIMA-W40,1,2022Q2,2022Q3,109872.9,0.95,parametric,98176.8251603313,123724.076024313,25547.2508639815,True,25547.2508639815,1.95996398454005,0,False,,
SARIMA-W40,1,2022Q3,2022Q4,119427.9,0.8,parametric,115920.633164366,134826.818927988,18906.1857636219,True,18906.1857636219,1.2815515655446,0,False,,
SARIMA-W40,1,2022Q3,2022Q4,119427.9,0.95,parametric,111376.446982614,140327.786000478,28951.3390178636,True,28951.3390178636,1.95996398454005,0,False,,
SARIMA-W40,1,2022Q4,2023Q1,114922.4,0.8,parametric,98880.1296385053,115017.861853509,16137.7322150036,True,16137.7322150036,1.2815515655446,0,False,,
SARIMA-W40,1,2022Q4,2023Q1,114922.4,0.95,parametric,95001.5878475393,119713.589514633,24712.0016670938,True,24712.0016670938,1.95996398454005,0,False,,
SARIMA-W40,1,2023Q1,2023Q2,112665.2,0.8,parametric,103975.451998053,121190.297627347,17214.8456292943,True,17214.8456292943,1.2815515655446,0,False,,
SARIMA-W40,1,2023Q1,2023Q2,112665.2,0.95,parametric,99843.4381320963,126205.749815132,26362.3116830361,True,26362.3116830361,1.95996398454005,0,False,,
SARIMA-W40,1,2023Q2,2023Q3,114519.4,0.8,parametric,108909.33130876,126919.74019479,18010.4088860297,True,18010.4088860297,1.2815515655446,0,False,,
SARIMA-W40,1,2023Q2,2023Q3,114519.4,0.95,parametric,104585.893598659,132166.428558138,27580.5349594794,True,27580.5349594794,1.95996398454005,0,False,,
SARIMA-W40,1,2023Q3,2023Q4,129388.2,0.8,parametric,120540.092517536,140516.21879878,19976.1262812444,True,19976.1262812444,1.2815515655446,0,False,,
SARIMA-W40,1,2023Q3,2023Q4,129388.2,0.95,parametric,115745.710752494,146336.636615748,30590.9258632539,True,30590.9258632539,1.95996398454005,0,False,,
SARIMA-W40,1,2023Q4,2024Q1,120326.8,0.8,parametric,107919.83746058,125105.346163689,17185.5087031087,True,17185.5087031087,1.2815515655446,0,False,,
SARIMA-W40,1,2023Q4,2024Q1,120326.8,0.95,parametric,103780.389329227,130095.374576058,26314.9852468309,True,26314.9852468309,1.95996398454005,0,False,,
SARIMA-W40,1,2024Q1,2024Q2,115642.2,0.8,parametric,110735.066059549,128455.204714035,17720.1386544867,True,17720.1386544867,1.2815515655446,0,False,,
SARIMA-W40,1,2024Q1,2024Q2,115642.2,0.95,parametric,106468.689280011,133602.617594844,27133.9283148333,True,27133.9283148333,1.95996398454005,0,False,,
SARIMA-W40,1,2024Q2,2024Q3,117595,0.8,parametric,113662.62658139,131916.350467713,18253.7238863227,True,18253.7238863227,1.2815515655446,0,False,,
SARIMA-W40,1,2024Q2,2024Q3,117595,0.95,parametric,109269.178260786,137220.386588854,27951.2083280682,True,27951.2083280682,1.95996398454005,0,False,,
SARIMA-W40,1,2024Q3,2024Q4,134330.8,0.8,parametric,125319.879614006,145585.513937323,20265.6343233176,True,20265.6343233176,1.2815515655446,0,False,,
SARIMA-W40,1,2024Q3,2024Q4,134330.8,0.95,parametric,120445.205692131,151477.669661703,31032.4639695722,True,31032.4639695722,1.95996398454005,0,False,,
SARIMA-W40,1,2024Q4,2025Q1,124671.1,0.8,parametric,111991.349998047,129165.530827429,17174.1808293821,True,17174.1808293821,1.2815515655446,0,False,,
SARIMA-W40,1,2024Q4,2025Q1,124671.1,0.95,parametric,107841.045243822,134136.516739732,26295.4714959095,True,26295.4714959095,1.95996398454005,0,False,,
SARIMA-W40,1,2025Q1,2025Q2,120787.3,0.8,parametric,113910.531850235,131426.059196059,17515.5273458239,True,17515.5273458239,1.2815515655446,0,False,,
SARIMA-W40,1,2025Q1,2025Q2,120787.3,0.95,parametric,109678.712168673,136496.973806369,26818.2616376965,True,26818.2616376965,1.95996398454005,0,False,,
SARIMA-W40,1,2025Q2,2025Q3,120418.8,0.8,parametric,117746.900102731,135738.322087622,17991.4219848907,True,17991.4219848907,1.2815515655446,0,False,,
SARIMA-W40,1,2025Q2,2025Q3,120418.8,0.95,parametric,113397.753828874,140944.296613519,27546.542784645,True,27546.542784645,1.95996398454005,0,False,,
SARIMA-W40,1,2025Q3,2025Q4,135325.2,0.8,parametric,130881.931695183,150820.537308072,19938.6056128893,True,19938.6056128893,1.2815515655446,0,False,,
SARIMA-W40,1,2025Q3,2025Q4,135325.2,0.95,parametric,126060.854391733,156588.525101099,30527.6707093654,True,30527.6707093654,1.95996398454005,0,False,,
SARIMA-W40,1,2025Q4,2026Q1,127694.9,0.8,parametric,115951.940394616,133569.188912214,17617.2485175979,True,17617.2485175979,1.2815515655446,0,False,,
SARIMA-W40,1,2025Q4,2026Q1,127694.9,0.95,parametric,111691.195712287,138664.525279162,26973.3295668749,True,26973.3295668749,1.95996398454005,0,False,,
SARIMA-W40,1,2026Q1,2026Q2,121027.2,0.8,parametric,116379.800953172,133882.631442679,17502.830489507,True,17502.830489507,1.2815515655446,0,False,,
SARIMA-W40,1,2026Q1,2026Q2,121027.2,0.95,parametric,112143.080064011,138940.663922305,26797.5838582937,True,26797.5838582937,1.95996398454005,0,False,,
SARIMA-W40,2,2004Q3,2005Q1,15112.2,0.8,parametric,14623.1866017723,15683.8141861479,1060.62758437563,True,1060.62758437563,1.2815515655446,0,False,,
SARIMA-W40,2,2004Q3,2005Q1,15112.2,0.95,parametric,14354.6652562578,15977.1988672171,1622.5336109593,True,1622.5336109593,1.95996398454005,0,False,,
SARIMA-W40,2,2004Q4,2005Q2,14497.5,0.8,parametric,14158.5851165302,15205.0594219007,1046.47430537055,True,1046.47430537055,1.2815515655446,0,False,,
SARIMA-W40,2,2004Q4,2005Q2,14497.5,0.95,parametric,13893.8642464,15494.7625951263,1600.89834872628,True,1600.89834872628,1.95996398454005,0,False,,
SARIMA-W40,2,2005Q1,2005Q3,15470.9,0.8,parametric,14999.1920315276,16072.3003404153,1073.1083088877,True,1073.1083088877,1.2815515655446,0,False,,
SARIMA-W40,2,2005Q1,2005Q3,15470.9,0.95,parametric,14727.3514919893,16368.9662275938,1641.61473560457,True,1641.61473560457,1.95996398454005,0,False,,
SARIMA-W40,2,2005Q2,2005Q4,22096,0.8,parametric,17419.4335191431,18658.3050166421,1238.87149749904,False,35615.821331078,1.2815515655446,0,False,,
SARIMA-W40,2,2005Q2,2005Q4,22096,0.95,parametric,17105.5224595295,19000.7118804035,1895.18942087404,False,125706.714204734,1.95996398454005,0,False,,
SARIMA-W40,2,2005Q3,2006Q1,18440.2,0.8,parametric,17101.1563357392,18281.9155438019,1180.75920806274,False,2763.60377004377,1.2815515655446,0,False,,
SARIMA-W40,2,2005Q3,2006Q1,18440.2,0.95,parametric,16801.599999924,18607.8644791418,1806.2644792178,True,1806.2644792178,1.95996398454005,0,False,,
SARIMA-W40,2,2005Q4,2006Q2,18008,0.8,parametric,19351.5028939406,22138.6871114445,2787.1842175039,False,16222.2131569095,1.2815515655446,0,False,,
SARIMA-W40,2,2005Q4,2006Q2,18008,0.95,parametric,18674.4283555011,22941.3644985261,4266.93614302504,False,30924.0703630682,1.95996398454005,0,False,,
SARIMA-W40,2,2006Q1,2006Q3,18643.2,0.8,parametric,18583.7497344283,20674.0414219733,2090.29168754505,True,2090.29168754505,1.2815515655446,0,False,,
SARIMA-W40,2,2006Q1,2006Q3,18643.2,0.95,parametric,18066.7729627362,21265.6246125189,3198.85164978272,True,3198.85164978272,1.95996398454005,0,False,,
SARIMA-W40,2,2006Q2,2006Q4,21318.6,0.8,parametric,25810.9197573275,28662.8429881179,2851.92323079048,False,47775.1208040651,1.2815515655446,0,False,,
SARIMA-W40,2,2006Q2,2006Q4,21318.6,0.95,parametric,25104.7661533228,29469.0791328191,4364.31297949636,False,155810.959112407,1.95996398454005,0,False,,
SARIMA-W40,2,2006Q3,2007Q1,21187.8,0.8,parametric,21005.7879677725,23547.6249015381,2541.83693376564,True,2541.83693376564,1.2815515655446,0,False,,
SARIMA-W40,2,2006Q3,2007Q1,21187.8,0.95,parametric,20380.202649764,24270.4365764526,3890.23392668863,True,3890.23392668863,1.95996398454005,0,False,,
SARIMA-W40,2,2006Q4,2007Q2,20856,0.8,parametric,17481.7661481558,20338.0941204877,2856.32797233194,False,8035.38676745506,1.2815515655446,0,False,,
SARIMA-W40,2,2006Q4,2007Q2,20856,0.95,parametric,16795.3463402906,21169.3047651315,4373.95842484089,True,4373.95842484089,1.95996398454005,0,False,,
SARIMA-W40,2,2007Q1,2007Q3,21783.2,0.8,parametric,19406.9971200649,21930.3815343943,2523.38441432937,True,2523.38441432937,1.2815515655446,0,False,,
SARIMA-W40,2,2007Q1,2007Q3,21783.2,0.95,parametric,18789.1371860649,22651.537804278,3862.40061821312,True,3862.40061821312,1.95996398454005,0,False,,
SARIMA-W40,2,2007Q2,2007Q4,25383,0.8,parametric,24602.8335005722,27963.5270112575,3360.69351068532,True,3360.69351068532,1.2815515655446,0,False,,
SARIMA-W40,2,2007Q2,2007Q4,25383,0.95,parametric,23783.0139891223,28927.4521497311,5144.43816060885,True,5144.43816060885,1.95996398454005,0,False,,
SARIMA-W40,2,2007Q3,2008Q1,25555.2,0.8,parametric,23256.3391448277,26388.1248882159,3131.78574338827,True,3131.78574338827,1.2815515655446,0,False,,
SARIMA-W40,2,2007Q3,2008Q1,25555.2,0.95,parametric,22491.5241747345,27285.4421527287,4793.91797799428,True,4793.91797799428,1.95996398454005,0,False,,
SARIMA-W40,2,2007Q4,2008Q2,25487.5,0.8,parametric,21516.3842967362,24465.435906803,2949.05161006676,False,13169.6925420371,1.2815515655446,0,False,,
SARIMA-W40,2,2007Q4,2008Q2,25487.5,0.95,parametric,20797.1702979157,25311.5069702871,4514.33667237143,False,11554.0578608864,1.95996398454005,0,False,,
SARIMA-W40,2,2008Q1,2008Q3,26843,0.8,parametric,23494.3554610866,26763.8915422751,3269.53608118854,False,4060.62065843723,1.2815515655446,0,False,,
SARIMA-W40,2,2008Q1,2008Q3,26843,0.95,parametric,22697.9271713299,27702.9870027263,5005.0598313964,True,5005.0598313964,1.95996398454005,0,False,,
SARIMA-W40,2,2008Q2,2008Q4,30602,0.8,parametric,29733.9438418978,34157.8945094657,4423.95066756783,True,4423.95066756783,1.2815515655446,0,False,,
SARIMA-W40,2,2008Q2,2008Q4,30602,0.95,parametric,28662.1212492971,35435.2320356201,6773.11078632298,True,6773.11078632298,1.95996398454005,0,False,,
SARIMA-W40,2,2008Q3,2009Q1,29398,0.8,parametric,28733.3290542417,32992.7414516453,4259.41239740357,True,4259.41239740357,1.2815515655446,0,False,,
SARIMA-W40,2,2008Q3,2009Q1,29398,0.95,parametric,27701.0553344312,34222.2086879604,6521.15335352917,True,6521.15335352917,1.95996398454005,0,False,,
SARIMA-W40,2,2008Q4,2009Q2,29313.2,0.8,parametric,26677.5327591773,30678.9410327523,4001.40827357499,True,4001.40827357499,1.2815515655446,0,False,,
SARIMA-W40,2,2008Q4,2009Q2,29313.2,0.95,parametric,25708.7371769605,31835.0313663629,6126.2941894024,True,6126.2941894024,1.95996398454005,0,False,,
SARIMA-W40,2,2009Q1,2009Q3,30964.9,0.8,parametric,27584.0634909565,31704.5549679176,4120.49147696115,True,4120.49147696115,1.2815515655446,0,False,,
SARIMA-W40,2,2009Q1,2009Q3,30964.9,0.95,parametric,26586.0944824714,32894.6569329375,6308.56245046606,True,6308.56245046606,1.95996398454005,0,False,,
SARIMA-W40,2,2009Q2,2009Q4,35666.6,0.8,parametric,33812.0299065117,38966.54724197,5154.51733545828,True,5154.51733545828,1.2815515655446,0,False,,
SARIMA-W40,2,2009Q2,2009Q4,35666.6,0.95,parametric,32565.7613093237,40457.7693788405,7892.00806951677,True,7892.00806951677,1.95996398454005,0,False,,
SARIMA-W40,2,2009Q3,2010Q1,36374,0.8,parametric,32747.3307414618,37769.8145127089,5022.48377124707,True,5022.48377124707,1.2815515655446,0,False,,
SARIMA-W40,2,2009Q3,2010Q1,36374,0.95,parametric,31533.6118038919,39223.5629582618,7689.95115436999,True,7689.95115436999,1.95996398454005,0,False,,
SARIMA-W40,2,2009Q4,2010Q2,36295.4,0.8,parametric,31382.9744509685,36219.9345282667,4836.96007729826,False,5591.61479463107,1.2815515655446,0,False,,
SARIMA-W40,2,2009Q4,2010Q2,36295.4,0.95,parametric,30214.5814041343,37620.5536231857,7405.97221905138,True,7405.97221905138,1.95996398454005,0,False,,
SARIMA-W40,2,2010Q1,2010Q3,38359.1,0.8,parametric,34308.9084910461,39624.7087084848,5315.8002174387,True,5315.8002174387,1.2815515655446,0,False,,
SARIMA-W40,2,2010Q1,2010Q3,38359.1,0.95,parametric,33025.4304258712,41164.6566761711,8139.2262502999,True,8139.2262502999,1.95996398454005,0,False,,
SARIMA-W40,2,2010Q2,2010Q4,43525.2,0.8,parametric,41257.2743881155,47822.8705180717,6565.59612995617,True,6565.59612995617,1.2815515655446,0,False,,
SARIMA-W40,2,2010Q2,2010Q4,43525.2,0.95,parametric,39675.7363798185,49729.1662618016,10053.4298819831,True,10053.4298819831,1.95996398454005,0,False,,
SARIMA-W40,2,2010Q3,2011Q1,42921.8,0.8,parametric,40692.7773874595,47184.1663577474,6491.38897028788,True,6491.38897028788,1.2815515655446,0,False,,
SARIMA-W40,2,2010Q3,2011Q1,42921.8,0.95,parametric,39129.4479896493,49069.3039757825,9939.85598613315,True,9939.85598613315,1.95996398454005,0,False,,
SARIMA-W40,2,2010Q4,2011Q2,42910.9,0.8,parametric,39409.3882016931,45735.7257591798,6326.33755748667,True,6326.33755748667,1.2815515655446,0,False,,
SARIMA-W40,2,2010Q4,2011Q2,42910.9,0.95,parametric,37886.6594762702,47573.9216929012,9687.26221663099,True,9687.26221663099,1.95996398454005,0,False,,
SARIMA-W40,2,2011Q1,2011Q3,44978.1,0.8,parametric,41321.3506658269,47881.8693838916,6560.51871806464,True,6560.51871806464,1.2815515655446,0,False,,
SARIMA-W40,2,2011Q1,2011Q3,44978.1,0.95,parametric,39740.7111976297,49786.3137251835,10045.6025275538,True,10045.6025275538,1.95996398454005,0,False,,
SARIMA-W40,2,2011Q2,2011Q4,50415,0.8,parametric,48331.0816983727,56015.1200771312,7684.03837875849,True,7684.03837875849,1.2815515655446,0,False,,
SARIMA-W40,2,2011Q2,2011Q4,50415,0.95,parametric,46479.9757687493,58245.9715181739,11765.9957494246,True,11765.9957494246,1.95996398454005,0,False,,
SARIMA-W40,2,2011Q3,2012Q1,49318.8,0.8,parametric,47433.3549291867,54982.7267883802,7549.37185919357,True,7549.37185919357,1.2815515655446,0,False,,
SARIMA-W40,2,2011Q3,2012Q1,49318.8,0.95,parametric,45614.8621872128,57174.6810069031,11559.8188196903,True,11559.8188196903,1.95996398454005,0,False,,
SARIMA-W40,2,2011Q4,2012Q2,48902.8,0.8,parametric,46640.9132623923,53167.6647603318,6526.75149793954,True,6526.75149793954,1.2815515655446,0,False,,
SARIMA-W40,2,2011Q4,2012Q2,48902.8,0.95,parametric,45051.7511059707,55043.1088598007,9991.35775383005,True,9991.35775383005,1.95996398454005,0,False,,
SARIMA-W40,2,2012Q1,2012Q3,51200.4,0.8,parametric,48593.9976046613,55173.9383388384,6579.94073417703,True,6579.94073417703,1.2815515655446,0,False,,
SARIMA-W40,2,2012Q1,2012Q3,51200.4,0.95,parametric,46987.7820308151,57059.9869072121,10072.204876397,True,10072.204876397,1.95996398454005,0,False,,
SARIMA-W40,2,2012Q2,2012Q4,57744.7,0.8,parametric,54684.7385412328,63227.5750462129,8542.83650498008,True,8542.83650498008,1.2815515655446,0,False,,
SARIMA-W40,2,2012Q2,2012Q4,57744.7,0.95,parametric,52623.5761057938,65704.0753567801,13080.4992509863,True,13080.4992509863,1.95996398454005,0,False,,
SARIMA-W40,2,2012Q3,2013Q1,55451,0.8,parametric,53476.5387272291,61843.5282005056,8366.98947327655,True,8366.98947327655,1.2815515655446,0,False,,
SARIMA-W40,2,2012Q3,2013Q1,55451,0.95,parametric,51458.0745413096,64269.3660872965,12811.2915459869,True,12811.2915459869,1.95996398454005,0,False,,
SARIMA-W40,2,2012Q4,2013Q2,55313.3,0.8,parametric,52470.7253999205,60606.493434134,8135.76803421348,True,8135.76803421348,1.2815515655446,0,False,,
SARIMA-W40,2,2012Q4,2013Q2,55313.3,0.95,parametric,50506.5026066478,62963.5098514218,12457.007244774,True,12457.007244774,1.95996398454005,0,False,,
SARIMA-W40,2,2013Q1,2013Q3,58052.7,0.8,parametric,53955.438674135,62317.3576544441,8361.91898030907,True,8361.91898030907,1.2815515655446,0,False,,
SARIMA-W40,2,2013Q1,2013Q3,58052.7,0.95,parametric,51936.5315213479,64739.7943367943,12803.2628154463,True,12803.2628154463,1.95996398454005,0,False,,
SARIMA-W40,2,2013Q2,2013Q4,65563,0.8,parametric,61454.4647119162,70992.1679645015,9537.70325258525,True,9537.70325258525,1.2815515655446,0,False,,
SARIMA-W40,2,2013Q2,2013Q4,65563,0.95,parametric,59151.9592992452,73755.5565814124,14603.5972821671,True,14603.5972821671,1.95996398454005,0,False,,
SARIMA-W40,2,2013Q3,2014Q1,62081.2,0.8,parametric,59990.2083981579,69303.1430822295,9312.93468407152,True,9312.93468407152,1.2815515655446,0,False,,
SARIMA-W40,2,2013Q3,2014Q1,62081.2,0.95,parametric,57742.0164076264,72001.4688576271,14259.4524500007,True,14259.4524500007,1.95996398454005,0,False,,
SARIMA-W40,2,2013Q4,2014Q2,62117.5,0.8,parametric,58804.6347137406,67900.3142917789,9095.67957803822,True,9095.67957803822,1.2815515655446,0,False,,
SARIMA-W40,2,2013Q4,2014Q2,62117.5,0.95,parametric,56608.1983331622,70534.8924086344,13926.6940754722,True,13926.6940754722,1.95996398454005,0,False,,
SARIMA-W40,2,2014Q1,2014Q3,64952.1,0.8,parametric,60557.3523926824,70050.4834194426,9493.13102676017,True,9493.13102676017,1.2815515655446,0,False,,
SARIMA-W40,2,2014Q1,2014Q3,64952.1,0.95,parametric,58267.6007122741,72803.2690183406,14535.6683060665,True,14535.6683060665,1.95996398454005,0,False,,
SARIMA-W40,2,2014Q2,2014Q4,73243.3,0.8,parametric,70032.0558954575,80929.8347796703,10897.7788842128,True,10897.7788842128,1.2815515655446,0,False,,
SARIMA-W40,2,2014Q2,2014Q4,73243.3,0.95,parametric,67401.8167307197,84087.9814195994,16686.1646888797,True,16686.1646888797,1.95996398454005,0,False,,
SARIMA-W40,2,2014Q3,2015Q1,70715.3,0.8,parametric,65825.2479759406,76144.2043381373,10318.9563621967,True,10318.9563621967,1.2815515655446,0,False,,
SARIMA-W40,2,2014Q3,2015Q1,70715.3,0.95,parametric,63336.3068251926,79136.460329495,15800.1535043024,True,15800.1535043024,1.95996398454005,0,False,,
SARIMA-W40,2,2014Q4,2015Q2,70861.8,0.8,parametric,65292.1509624712,75472.4059006689,10180.2549381977,True,10180.2549381977,1.2815515655446,0,False,,
SARIMA-W40,2,2014Q4,2015Q2,70861.8,0.95,parametric,62835.5104486875,78423.1031844878,15587.5927358003,True,15587.5927358003,1.95996398454005,0,False,,
SARIMA-W40,2,2015Q1,2015Q3,74502.8,0.8,parametric,68621.5722635795,79267.3518554406,10645.7795918612,True,10645.7795918612,1.2815515655446,0,False,,
SARIMA-W40,2,2015Q1,2015Q3,74502.8,0.95,parametric,66051.4763757944,82351.6840493224,16300.207673528,True,16300.207673528,1.95996398454005,0,False,,
SARIMA-W40,2,2015Q2,2015Q4,84850.9,0.8,parametric,78850.4748175297,87625.9991676673,8775.5243501376,True,8775.5243501376,1.2815515655446,0,False,,
SARIMA-W40,2,2015Q2,2015Q4,84850.9,0.95,parametric,76678.603828379,90107.9479250228,13429.3440966439,True,13429.3440966439,1.95996398454005,0,False,,
SARIMA-W40,2,2015Q3,2016Q1,78024.4,0.8,parametric,76046.5922431989,86947.2683517097,10900.6761085108,True,10900.6761085108,1.2815515655446,0,False,,
SARIMA-W40,2,2015Q3,2016Q1,78024.4,0.95,parametric,73397.531078719,90085.3661673037,16687.8350885847,True,16687.8350885847,1.95996398454005,0,False,,
SARIMA-W40,2,2015Q4,2016Q2,78113.9,0.8,parametric,79640.022194294,84415.2876753626,4775.26548106869,False,20036.4874240084,1.2815515655446,0,False,,
SARIMA-W40,2,2015Q4,2016Q2,78113.9,0.95,parametric,78421.9405214548,85726.4604688575,7304.51994740267,False,19626.1408055962,1.95996398454005,0,False,,
SARIMA-W40,2,2016Q1,2016Q3,82343.5,0.8,parametric,78685.9099077815,83756.1650640094,5070.25515622788,True,5070.25515622788,1.2815515655446,0,False,,
SARIMA-W40,2,2016Q1,2016Q3,82343.5,0.95,parametric,77396.0489143095,85152.0219816988,7755.97306738938,True,7755.97306738938,1.95996398454005,0,False,,
SARIMA-W40,2,2016Q2,2016Q4,93834.2,0.8,parametric,90013.0797649521,95649.6686367052,5636.58887175305,True,5636.58887175305,1.2815515655446,0,False,,
SARIMA-W40,2,2016Q2,2016Q4,93834.2,0.95,parametric,88577.5831611881,97199.776119648,8622.19295845987,True,8622.19295845987,1.95996398454005,0,False,,
SARIMA-W40,2,2016Q3,2017Q1,85823.4,0.8,parametric,84600.9491750698,90176.1434854247,5575.1943103549,True,5575.1943103549,1.2815515655446,0,False,,
SARIMA-W40,2,2016Q3,2017Q1,85823.4,0.95,parametric,83183.8738941555,91712.3352721161,8528.46137796059,True,8528.46137796059,1.95996398454005,0,False,,
SARIMA-W40,2,2016Q4,2017Q2,86545.3,0.8,parametric,86073.2816321211,91313.8092931076,5240.5276609865,True,5240.5276609865,1.2815515655446,0,False,,
SARIMA-W40,2,2016Q4,2017Q2,86545.3,0.95,parametric,84737.2617290019,92753.5190991123,8016.25737011037,True,8016.25737011037,1.95996398454005,0,False,,
SARIMA-W40,2,2017Q1,2017Q3,90809.7,0.8,parametric,87363.1637429135,92977.6818454018,5614.51810248826,True,5614.51810248826,1.2815515655446,0,False,,
SARIMA-W40,2,2017Q1,2017Q3,90809.7,0.95,parametric,85934.697987309,94523.2209310371,8588.52294372814,True,8588.52294372814,1.95996398454005,0,False,,
SARIMA-W40,2,2017Q2,2017Q4,103083.2,0.8,parametric,100325.74045996,106733.988957717,6408.24849775726,True,6408.24849775726,1.2815515655446,0,False,,
SARIMA-W40,2,2017Q2,2017Q4,103083.2,0.95,parametric,98694.9482341527,108497.614781895,9802.66654774229,True,9802.66654774229,1.95996398454005,0,False,,
SARIMA-W40,2,2017Q3,2018Q1,90275.4,0.8,parametric,92515.5824980368,98121.601861151,5606.0193631142,False,28007.8443434819,1.2815515655446,0,False,,
SARIMA-W40,2,2017Q3,2018Q1,90275.4,0.95,parametric,91086.1360597063,99661.4583131994,8575.32225349311,False,41004.7646417454,1.95996398454005,0,False,,
SARIMA-W40,2,2017Q4,2018Q2,89742.5,0.8,parametric,92928.0872840644,98292.3776472872,5364.29036322281,False,37220.1632038668,1.2815515655446,0,False,,
SARIMA-W40,2,2017Q4,2018Q2,89742.5,0.95,parametric,91557.9155124392,99763.3312012695,8205.41568883025,False,80822.0361863999,1.95996398454005,0,False,,
SARIMA-W40,2,2018Q1,2018Q3,94281.4,0.8,parametric,92124.4550838722,98214.8569749522,6090.40189108008,True,6090.40189108008,1.2815515655446,0,False,,
SARIMA-W40,2,2018Q1,2018Q3,94281.4,0.95,parametric,90576.6218611128,99893.2174113515,9316.59555023865,True,9316.59555023865,1.95996398454005,0,False,,
SARIMA-W40,2,2018Q2,2018Q4,106687.6,0.8,parametric,103215.342686164,110194.957732045,6979.61504588147,True,6979.61504588147,1.2815515655446,0,False,,
SARIMA-W40,2,2018Q2,2018Q4,106687.6,0.95,parametric,101443.122921714,112120.072775932,10676.9498542181,True,10676.9498542181,1.95996398454005,0,False,,
SARIMA-W40,2,2018Q3,2019Q1,97789.7,0.8,parametric,91546.8345276981,97791.677175899,6244.84264820085,True,6244.84264820085,1.2815515655446,0,False,,
SARIMA-W40,2,2018Q3,2019Q1,97789.7,0.95,parametric,89961.7445467272,99514.7274401515,9552.98289342437,True,9552.98289342437,1.95996398454005,0,False,,
SARIMA-W40,2,2018Q4,2019Q2,97420,0.8,parametric,90633.0881604422,95753.2749223122,5120.18676186999,False,21787.4375387483,1.2815515655446,0,False,,
SARIMA-W40,2,2018Q4,2019Q2,97420,0.95,parametric,89324.2960357741,97156.265348112,7831.96931233797,False,18381.3553878571,1.95996398454005,0,False,,
SARIMA-W40,2,2019Q1,2019Q3,101464.5,0.8,parametric,99501.7867097807,105726.637799546,6224.85108976539,True,6224.85108976539,1.2815515655446,0,False,,
SARIMA-W40,2,2019Q1,2019Q3,101464.5,0.95,parametric,97916.4180760049,107438.46201264,9522.0439366354,True,9522.0439366354,1.95996398454005,0,False,,
SARIMA-W40,2,2019Q2,2019Q4,114974.8,0.8,parametric,112063.355601993,119033.404335754,6970.04873376107,True,6970.04873376107,1.2815515655446,0,False,,
SARIMA-W40,2,2019Q2,2019Q4,114974.8,0.95,parametric,110287.810994155,120949.745927049,10661.9349328936,True,10661.9349328936,1.95996398454005,0,False,,
SARIMA-W40,2,2019Q3,2020Q1,78579.7,0.8,parametric,101560.600698671,107625.528774265,6064.92807559443,False,235873.935062302,1.2815515655446,0,False,,
SARIMA-W40,2,2019Q3,2020Q1,78579.7,0.95,parametric,100013.323830055,109290.571838206,9277.24800815051,False,866622.20121037,1.95996398454005,0,False,,
SARIMA-W40,2,2019Q4,2020Q2,93676.5,0.8,parametric,101561.380917632,107111.474152201,5550.09323456827,False,84398.9024108929,1.2815515655446,0,False,,
SARIMA-W40,2,2019Q4,2020Q2,93676.5,0.95,parametric,100141.118581407,108630.594316535,8489.47573512806,False,267074.218991398,1.95996398454005,0,False,,
SARIMA-W40,2,2020Q1,2020Q3,101067.8,0.8,parametric,78544.2298187448,92597.2704587903,14053.0406400455,False,98758.3360521428,1.2815515655446,0,False,,
SARIMA-W40,2,2020Q1,2020Q3,101067.8,0.95,parametric,75195.8097164893,96720.5661981035,21524.7564816142,False,195414.108557476,1.95996398454005,0,False,,
SARIMA-W40,2,2020Q2,2020Q4,118656.6,0.8,parametric,97423.5945077443,112330.729997897,14907.1354901525,False,78165.8355111849,1.2815515655446,0,False,,
SARIMA-W40,2,2020Q2,2020Q4,118656.6,0.95,parametric,93820.4612119965,116644.741975268,22824.2807632718,False,103298.60175254,1.95996398454005,0,False,,
SARIMA-W40,2,2020Q3,2021Q1,105220.8,0.8,parametric,78016.26417761,89905.7429286553,11889.4787510453,False,165040.049464493,1.2815515655446,0,False,,
SARIMA-W40,2,2020Q3,2021Q1,105220.8,0.95,parametric,75141.5259912508,93345.3253560881,18203.7993648373,False,493222.785121311,1.95996398454005,0,False,,
SARIMA-W40,2,2020Q4,2021Q2,106683.5,0.8,parametric,90158.5284724319,104016.745096356,13858.2166239241,False,40525.7656603647,1.2815515655446,0,False,,
SARIMA-W40,2,2020Q4,2021Q2,106683.5,0.95,parametric,86810.2243460755,108028.71142221,21218.4870761344,True,21218.4870761344,1.95996398454005,0,False,,
SARIMA-W40,2,2021Q1,2021Q3,106152.9,0.8,parametric,103802.263526026,122426.236555273,18623.9730292473,True,18623.9730292473,1.2815515655446,0,False,,
SARIMA-W40,2,2021Q1,2021Q3,106152.9,0.95,parametric,99365.9378869491,127892.120173699,28526.1822867498,True,28526.1822867498,1.95996398454005,0,False,,
SARIMA-W40,2,2021Q2,2021Q4,122766,0.8,parametric,117688.938930057,138752.525207046,21063.5862769881,True,21063.5862769881,1.2815515655446,0,False,,
SARIMA-W40,2,2021Q2,2021Q4,122766,0.95,parametric,112670.274218289,144932.969931767,32262.6957134778,True,32262.6957134778,1.95996398454005,0,False,,
SARIMA-W40,2,2021Q3,2022Q1,108659.1,0.8,parametric,97763.9430032761,115286.448103605,17522.505100329,True,17522.505100329,1.2815515655446,0,False,,
SARIMA-W40,2,2021Q3,2022Q1,108659.1,0.95,parametric,93589.5702496112,120428.566039898,26838.995790287,True,26838.995790287,1.95996398454005,0,False,,
SARIMA-W40,2,2021Q4,2022Q2,101772.6,0.8,parametric,101544.519933288,119611.770255054,18067.2503217659,True,18067.2503217659,1.2815515655446,0,False,,
SARIMA-W40,2,2021Q4,2022Q2,101772.6,0.95,parametric,97237.2896050414,124910.102268939,27672.8126638975,True,27672.8126638975,1.95996398454005,0,False,,
SARIMA-W40,2,2022Q1,2022Q3,109872.9,0.8,parametric,107307.980931644,126385.049136796,19077.0682051516,True,19077.0682051516,1.2815515655446,0,False,,
SARIMA-W40,2,2022Q1,2022Q3,109872.9,0.95,parametric,102759.647065838,131979.0874148,29219.4403489622,True,29219.4403489622,1.95996398454005,0,False,,
SARIMA-W40,2,2022Q2,2022Q4,119427.9,0.8,parametric,115102.723965174,136303.7531711,21201.0292059256,True,21201.0292059256,1.2815515655446,0,False,,
SARIMA-W40,2,2022Q2,2022Q4,119427.9,0.95,parametric,110065.678642017,142541.557643031,32475.879001014,True,32475.879001014,1.95996398454005,0,False,,
SARIMA-W40,2,2022Q3,2023Q1,114922.4,0.8,parametric,100209.040461915,118617.074077836,18408.0336159214,True,18408.0336159214,1.2815515655446,0,False,,
SARIMA-W40,2,2022Q3,2023Q1,114922.4,0.95,parametric,95834.386344619,124031.713762909,28197.3274182898,True,28197.3274182898,1.95996398454005,0,False,,
SARIMA-W40,2,2022Q4,2023Q2,112665.2,0.8,parametric,98886.9495661591,117208.684818927,18321.7352527679,True,18321.7352527679,1.2815515655446,0,False,,
SARIMA-W40,2,2022Q4,2023Q2,112665.2,0.95,parametric,94536.5591594091,122602.402789604,28065.8436301945,True,28065.8436301945,1.95996398454005,0,False,,
SARIMA-W40,2,2023Q1,2023Q3,114519.4,0.8,parametric,107812.954837541,127888.79600744,20075.8411698992,True,20075.8411698992,1.2815515655446,0,False,,
SARIMA-W40,2,2023Q1,2023Q3,114519.4,0.95,parametric,103048.475788885,133801.775160898,30753.2993720136,True,30753.2993720136,1.95996398454005,0,False,,
SARIMA-W40,2,2023Q2,2023Q4,129388.2,0.8,parametric,121228.035837095,143729.607792446,22501.5719553507,True,22501.5719553507,1.2815515655446,0,False,,
SARIMA-W40,2,2023Q2,2023Q4,129388.2,0.95,parametric,115886.138921454,150354.979521097,34468.8405996439,True,34468.8405996439,1.95996398454005,0,False,,
SARIMA-W40,2,2023Q3,2024Q1,120326.8,0.8,parametric,107120.590681084,126921.863028861,19801.2723477764,True,19801.2723477764,1.2815515655446,0,False,,
SARIMA-W40,2,2023Q3,2024Q1,120326.8,0.95,parametric,102417.793123866,132749.833044655,30332.0399207897,True,30332.0399207897,1.95996398454005,0,False,,
SARIMA-W40,2,2023Q4,2024Q2,115642.2,0.8,parametric,108130.858858551,127318.274193394,19187.4153348426,True,19187.4153348426,1.2815515655446,0,False,,
SARIMA-W40,2,2023Q4,2024Q2,115642.2,0.95,parametric,103555.383193254,132943.685904076,29388.3027108222,True,29388.3027108222,1.95996398454005,0,False,,
SARIMA-W40,2,2024Q1,2024Q3,117595,0.8,parametric,114636.580874798,135051.264172268,20414.6832974705,True,20414.6832974705,1.2815515655446,0,False,,
SARIMA-W40,2,2024Q1,2024Q3,117595,0.95,parametric,109770.14205202,141038.490778221,31268.3487262006,True,31268.3487262006,1.95996398454005,0,False,,
SARIMA-W40,2,2024Q2,2024Q4,134330.8,0.8,parametric,127279.864991698,149787.378880397,22507.513888699,True,22507.513888699,1.2815515655446,0,False,,
SARIMA-W40,2,2024Q2,2024Q4,134330.8,0.95,parametric,121910.872574146,156384.061230978,34473.1886568329,True,34473.1886568329,1.95996398454005,0,False,,
SARIMA-W40,2,2024Q3,2025Q1,124671.1,0.8,parametric,111852.893866624,131462.928759386,19610.0348927629,True,19610.0348927629,1.2815515655446,0,False,,
SARIMA-W40,2,2024Q3,2025Q1,124671.1,0.95,parametric,107171.18489275,137205.808003657,30034.6231109072,True,30034.6231109072,1.95996398454005,0,False,,
SARIMA-W40,2,2024Q4,2025Q2,120787.3,0.8,parametric,112140.342163945,130497.865315186,18357.5231512416,True,18357.5231512416,1.2815515655446,0,False,,
SARIMA-W40,2,2024Q4,2025Q2,120787.3,0.95,parametric,107729.507998311,135840.918055049,28111.4100567378,True,28111.4100567378,1.95996398454005,0,False,,
SARIMA-W40,2,2025Q1,2025Q3,120418.8,0.8,parametric,118087.428311561,137312.684909211,19225.2565976504,True,19225.2565976504,1.2815515655446,0,False,,
SARIMA-W40,2,2025Q1,2025Q3,120418.8,0.95,parametric,113465.808136076,142905.621542292,29439.8134062153,True,29439.8134062153,1.95996398454005,0,False,,
SARIMA-W40,2,2025Q2,2025Q4,135325.2,0.8,parametric,132599.009984658,153815.349469887,21216.3394852291,True,21216.3394852291,1.2815515655446,0,False,,
SARIMA-W40,2,2025Q2,2025Q4,135325.2,0.95,parametric,127490.818777825,159978.289069539,32487.4702917143,True,32487.4702917143,1.95996398454005,0,False,,
SARIMA-W40,2,2025Q3,2026Q1,127694.9,0.8,parametric,116561.482623874,134963.471303872,18401.988679998,True,18401.988679998,1.2815515655446,0,False,,
SARIMA-W40,2,2025Q3,2026Q1,127694.9,0.95,parametric,112125.648312078,140302.799154914,28177.1508428365,True,28177.1508428365,1.95996398454005,0,False,,
SARIMA-W40,2,2025Q4,2026Q2,121027.2,0.8,parametric,115551.641538471,133590.368012831,18038.7264743593,True,18038.7264743593,1.2815515655446,0,False,,
SARIMA-W40,2,2025Q4,2026Q2,121027.2,0.95,parametric,111199.103098806,138819.341950042,27620.238851236,True,27620.238851236,1.95996398454005,0,False,,
SARIMA-W60,1,2004Q4,2005Q1,15112.2,0.8,parametric,14778.8924189191,15527.2088559957,748.316437076632,True,748.316437076632,1.2815515655446,0,False,,
SARIMA-W60,1,2004Q4,2005Q1,15112.2,0.95,parametric,14586.9339624518,15731.5409694415,1144.60700698972,True,1144.60700698972,1.95996398454005,0,False,,
SARIMA-W60,1,2005Q1,2005Q2,14497.5,0.8,parametric,14280.6458202858,14997.0956023319,716.449782046126,True,716.449782046126,1.2815515655446,0,False,,
SARIMA-W60,1,2005Q1,2005Q2,14497.5,0.95,parametric,14096.8100646011,15192.6719341755,1095.86186957435,True,1095.86186957435,1.95996398454005,0,False,,
SARIMA-W60,1,2005Q2,2005Q3,15470.9,0.8,parametric,15004.0301610876,15746.9183916814,742.888230593833,True,742.888230593833,1.2815515655446,0,False,,
SARIMA-W60,1,2005Q2,2005Q3,15470.9,0.95,parametric,14813.3346298316,15949.632165682,1136.29753585039,True,1136.29753585039,1.95996398454005,0,False,,
SARIMA-W60,1,2005Q3,2005Q4,22096,0.8,parametric,17719.957124053,18590.1414938526,870.184369799605,False,35928.7694312734,1.2815515655446,0,False,,
SARIMA-W60,1,2005Q3,2005Q4,22096,0.95,parametric,17496.5304943628,18827.533281943,1331.00278758017,False,132069.67150986,1.95996398454005,0,False,,
SARIMA-W60,1,2005Q4,2006Q1,18440.2,0.8,parametric,20603.429090062,22526.2771179779,1922.84802791589,False,23555.1389285357,1.2815515655446,0,False,,
SARIMA-W60,1,2005Q4,2006Q1,18440.2,0.95,parametric,20122.5504224462,23064.5988465572,2942.04842411097,False,70236.0653219607,1.95996398454005,0,False,,
SARIMA-W60,1,2006Q1,2006Q2,18008,0.8,parametric,18175.7609767386,20001.1897729816,1825.42879624298,False,3503.03856362915,1.2815515655446,0,False,,
SARIMA-W60,1,2006Q1,2006Q2,18008,0.95,parametric,17721.1328339113,20514.3118090304,2793.17897511913,True,2793.17897511913,1.95996398454005,0,False,,
SARIMA-W60,1,2006Q2,2006Q3,18643.2,0.8,parametric,18370.1144677122,20232.0478936071,1861.93342589487,True,1861.93342589487,1.2815515655446,0,False,,
SARIMA-W60,1,2006Q2,2006Q3,18643.2,0.95,parametric,17906.643855491,20755.7060229256,2849.06216743464,True,2849.06216743464,1.95996398454005,0,False,,
SARIMA-W60,1,2006Q3,2006Q4,21318.6,0.8,parametric,25385.9185805354,27946.033127384,2560.1145468486,False,43233.3003522022,1.2815515655446,0,False,,
SARIMA-W60,1,2006Q3,2006Q4,21318.6,0.95,parametric,24748.4689760079,28665.8428167199,3917.37384071199,False,141112.13288103,1.95996398454005,0,False,,
SARIMA-W60,1,2006Q4,2007Q1,21187.8,0.8,parametric,18736.4028022984,20817.4192231051,2081.01642080669,False,5784.82418975588,1.2815515655446,0,False,,
SARIMA-W60,1,2006Q4,2007Q1,21187.8,0.95,parametric,18221.3012977264,21405.9108894201,3184.60959169364,True,3184.60959169364,1.95996398454005,0,False,,
SARIMA-W60,1,2007Q1,2007Q2,20856,0.8,parametric,18988.5651586357,21075.3823830689,2086.81722443322,True,2086.81722443322,1.2815515655446,0,False,,
SARIMA-W60,1,2007Q1,2007Q2,20856,0.95,parametric,18471.6793061611,21665.1266509692,3193.44734480814,True,3193.44734480814,1.95996398454005,0,False,,
SARIMA-W60,1,2007Q2,2007Q3,21783.2,0.8,parametric,20560.4236227659,22818.9722723327,2258.54864956676,True,2258.54864956676,1.2815515655446,0,False,,
SARIMA-W60,1,2007Q2,2007Q3,21783.2,0.95,parametric,20000.9855266196,23457.2309414897,3456.24541487006,True,3456.24541487006,1.95996398454005,0,False,,
SARIMA-W60,1,2007Q3,2007Q4,25383,0.8,parametric,25221.6057536665,27937.9856075993,2716.3798539328,True,2716.3798539328,1.2815515655446,0,False,,
SARIMA-W60,1,2007Q3,2007Q4,25383,0.95,parametric,24547.9282540799,28704.6976532273,4156.76939914739,True,4156.76939914739,1.95996398454005,0,False,,
SARIMA-W60,1,2007Q4,2008Q1,25555.2,0.8,parametric,22775.9708209597,25256.916180798,2480.94535983824,False,5463.78355185837,1.2815515655446,0,False,,
SARIMA-W60,1,2007Q4,2008Q1,25555.2,0.95,parametric,22161.1186541338,25957.66012263,3796.54146849613,True,3796.54146849613,1.95996398454005,0,False,,
SARIMA-W60,1,2008Q1,2008Q2,25487.5,0.8,parametric,23015.6653800226,25534.9152859834,2519.24990596078,True,2519.24990596078,1.2815515655446,0,False,,
SARIMA-W60,1,2008Q1,2008Q2,25487.5,0.95,parametric,22391.5111659602,26246.6906040201,3855.17943805996,True,3855.17943805996,1.95996398454005,0,False,,
SARIMA-W60,1,2008Q2,2008Q3,26843,0.8,parametric,25073.2718008476,27877.3137398292,2804.04193898158,True,2804.04193898158,1.2815515655446,0,False,,
SARIMA-W60,1,2008Q2,2008Q3,26843,0.95,parametric,24379.5103826682,28670.6112430032,4291.10086033496,True,4291.10086033496,1.95996398454005,0,False,,
SARIMA-W60,1,2008Q3,2008Q4,30602,0.8,parametric,30740.7355567243,34135.6489361545,3394.91337943021,False,4782.26894667346,1.2815515655446,0,False,,
SARIMA-W60,1,2008Q3,2008Q4,30602,0.95,parametric,29900.1071583494,35095.3577338762,5195.25057552682,True,5195.25057552682,1.95996398454005,0,False,,
SARIMA-W60,1,2008Q4,2009Q1,29398,0.8,parametric,28162.159999503,31343.5442900908,3181.38429058773,True,3181.38429058773,1.2815515655446,0,False,,
SARIMA-W60,1,2008Q4,2009Q1,29398,0.95,parametric,27375.5517770879,32244.1686814812,4868.61690439333,True,4868.61690439333,1.95996398454005,0,False,,
SARIMA-W60,1,2009Q1,2009Q2,29313.2,0.8,parametric,26869.2836839688,29702.9622293819,2833.67854541312,True,2833.67854541312,1.2815515655446,0,False,,
SARIMA-W60,1,2009Q1,2009Q2,29313.2,0.95,parametric,26165.6045939156,30501.7724903271,4336.16789641149,True,4336.16789641149,1.95996398454005,0,False,,
SARIMA-W60,1,2009Q2,2009Q3,30964.9,0.8,parametric,28866.2880367734,31945.813975181,3079.52593840762,True,3079.52593840762,1.2815515655446,0,False,,
SARIMA-W60,1,2009Q2,2009Q3,30964.9,0.95,parametric,28102.098516983,32814.526901593,4712.42838461004,True,4712.42838461004,1.95996398454005,0,False,,
SARIMA-W60,1,2009Q3,2009Q4,35666.6,0.8,parametric,35090.3308069874,38834.8817435094,3744.55093652199,True,3744.55093652199,1.2815515655446,0,False,,
SARIMA-W60,1,2009Q3,2009Q4,35666.6,0.95,parametric,34161.1299817886,39891.2110915668,5730.0811097782,True,5730.0811097782,1.95996398454005,0,False,,
SARIMA-W60,1,2009Q4,2010Q1,36374,0.8,parametric,32697.7847871928,36245.9397456169,3548.15495842411,False,4828.75750225538,1.2815515655446,0,False,,
SARIMA-W60,1,2009Q4,2010Q1,36374,0.95,parametric,31818.2357191007,37247.8834990929,5429.64777999222,True,5429.64777999222,1.95996398454005,0,False,,
SARIMA-W60,1,2010Q1,2010Q2,36295.4,0.8,parametric,33208.6506998553,36772.343900086,3563.69320023069,True,3563.69320023069,1.2815515655446,0,False,,
SARIMA-W60,1,2010Q1,2010Q2,36295.4,0.95,parametric,32324.6362912513,37777.9942515058,5453.35796025451,True,5453.35796025451,1.95996398454005,0,False,,
SARIMA-W60,1,2010Q2,2010Q3,38359.1,0.8,parametric,36014.2967406698,39912.973822791,3898.67708212124,True,3898.67708212124,1.2815515655446,0,False,,
SARIMA-W60,1,2010Q2,2010Q3,38359.1,0.95,parametric,35047.7118600617,41013.7383232313,5966.02646316963,True,5966.02646316963,1.95996398454005,0,False,,
SARIMA-W60,1,2010Q3,2010Q4,43525.2,0.8,parametric,42581.1400133184,47196.06288812,4614.9228748016,True,4614.9228748016,1.2815515655446,0,False,,
SARIMA-W60,1,2010Q3,2010Q4,43525.2,0.95,parametric,41437.0621349559,48499.1468596681,7062.08472471219,True,7062.08472471219,1.95996398454005,0,False,,
SARIMA-W60,1,2010Q4,2011Q1,42921.8,0.8,parametric,40921.6870743501,45371.6189839051,4449.93190955504,True,4449.93190955504,1.2815515655446,0,False,,
SARIMA-W60,1,2010Q4,2011Q1,42921.8,0.95,parametric,39818.7431981185,46628.3725952389,6809.62939712036,True,6809.62939712036,1.95996398454005,0,False,,
SARIMA-W60,1,2011Q1,2011Q2,42910.9,0.8,parametric,40289.34038693,44584.4479154662,4295.10752853625,True,4295.10752853625,1.2815515655446,0,False,,
SARIMA-W60,1,2011Q1,2011Q2,42910.9,0.95,parametric,39223.4554670648,45796.0160990372,6572.56063197232,True,6572.56063197232,1.95996398454005,0,False,,
SARIMA-W60,1,2011Q2,2011Q3,44978.1,0.8,parametric,42762.4148440636,47325.2535403916,4562.83869632798,True,4562.83869632798,1.2815515655446,0,False,,
SARIMA-W60,1,2011Q2,2011Q3,44978.1,0.95,parametric,41630.1516465833,48612.4129855484,6982.2613389651,True,6982.2613389651,1.95996398454005,0,False,,
SARIMA-W60,1,2011Q3,2011Q4,50415,0.8,parametric,49338.8028098502,54589.5436472059,5250.74083735565,True,5250.74083735565,1.2815515655446,0,False,,
SARIMA-W60,1,2011Q3,2011Q4,50415,0.95,parametric,48035.6264402642,56070.5236734785,8034.89723321432,True,8034.89723321432,1.95996398454005,0,False,,
SARIMA-W60,1,2011Q4,2012Q1,49318.8,0.8,parametric,47777.7231053844,52798.637423834,5020.91431844958,True,5020.91431844958,1.2815515655446,0,False,,
SARIMA-W60,1,2011Q4,2012Q1,49318.8,0.95,parametric,46530.6250841099,54213.7285845099,7683.10350039999,True,7683.10350039999,1.95996398454005,0,False,,
SARIMA-W60,1,2012Q1,2012Q2,48902.8,0.8,parametric,46993.4189950711,51942.3940780327,4948.97508296167,True,4948.97508296167,1.2815515655446,0,False,,
SARIMA-W60,1,2012Q1,2012Q2,48902.8,0.95,parametric,45764.3480830654,53337.3857764913,7573.03769342598,True,7573.03769342598,1.95996398454005,0,False,,
SARIMA-W60,1,2012Q2,2012Q3,51200.4,0.8,parametric,48839.2974874185,54055.3110780637,5216.01359064518,True,5216.01359064518,1.2815515655446,0,False,,
SARIMA-W60,1,2012Q2,2012Q3,51200.4,0.95,parametric,47545.0226401809,55526.8095778629,7981.78693768205,True,7981.78693768205,1.95996398454005,0,False,,
SARIMA-W60,1,2012Q3,2012Q4,57744.7,0.8,parametric,55520.3592824018,61439.9608380268,5919.60155562507,True,5919.60155562507,1.2815515655446,0,False,,
SARIMA-W60,1,2012Q3,2012Q4,57744.7,0.95,parametric,54051.3475015701,63109.7809342285,9058.43343265844,True,9058.43343265844,1.95996398454005,0,False,,
SARIMA-W60,1,2012Q4,2013Q1,55451,0.8,parametric,54099.3286479292,59871.5429056144,5772.21425768516,True,5772.21425768516,1.2815515655446,0,False,,
SARIMA-W60,1,2012Q4,2013Q1,55451,0.95,parametric,52666.955744808,61499.8575578148,8832.90181300676,True,8832.90181300676,1.95996398454005,0,False,,
SARIMA-W60,1,2013Q1,2013Q2,55313.3,0.8,parametric,52713.1831624939,58357.2826563613,5644.09949386732,True,5644.09949386732,1.2815515655446,0,False,,
SARIMA-W60,1,2013Q1,2013Q2,55313.3,0.95,parametric,51312.9058671305,59949.7938685387,8636.8880014082,True,8636.8880014082,1.95996398454005,0,False,,
SARIMA-W60,1,2013Q2,2013Q3,58052.7,0.8,parametric,55036.9062587461,60925.0268924104,5888.12063366425,True,5888.12063366425,1.2815515655446,0,False,,
SARIMA-W60,1,2013Q2,2013Q3,58052.7,0.95,parametric,53576.0149062235,62586.3084396684,9010.29353344491,True,9010.29353344491,1.95996398454005,0,False,,
SARIMA-W60,1,2013Q3,2013Q4,65563,0.8,parametric,62556.2606789118,69221.8647790134,6665.60410010161,True,6665.60410010161,1.2815515655446,0,False,,
SARIMA-W60,1,2013Q3,2013Q4,65563,0.95,parametric,60902.0567104346,71102.0489568201,10199.9922463855,True,10199.9922463855,1.95996398454005,0,False,,
SARIMA-W60,1,2013Q4,2014Q1,62081.2,0.8,parametric,60864.1503281518,67314.6673343575,6450.51700620568,True,6450.51700620568,1.2815515655446,0,False,,
SARIMA-W60,1,2013Q4,2014Q1,62081.2,0.95,parametric,59262.7950185789,69133.5943679914,9870.79934941254,True,9870.79934941254,1.95996398454005,0,False,,
SARIMA-W60,1,2014Q1,2014Q2,62117.5,0.8,parametric,59243.3965278847,65558.8937719006,6315.49724401595,True,6315.49724401595,1.2815515655446,0,False,,
SARIMA-W60,1,2014Q1,2014Q2,62117.5,0.95,parametric,57676.1228811339,67340.3714681492,9664.24858701528,True,9664.24858701528,1.95996398454005,0,False,,
SARIMA-W60,1,2014Q2,2014Q3,64952.1,0.8,parametric,61777.7709187065,68367.0744780153,6589.30355930884,True,6589.30355930884,1.2815515655446,0,False,,
SARIMA-W60,1,2014Q2,2014Q3,64952.1,0.95,parametric,60142.604305108,70225.8492841199,10083.2449790118,True,10083.2449790118,1.95996398454005,0,False,,
SARIMA-W60,1,2014Q3,2014Q4,73243.3,0.8,parametric,69873.7064310242,77325.0832602263,7451.37682920213,True,7451.37682920213,1.2815515655446,0,False,,
SARIMA-W60,1,2014Q3,2014Q4,73243.3,0.95,parametric,68024.5900817018,79427.0154511806,11402.4253694788,True,11402.4253694788,1.95996398454005,0,False,,
SARIMA-W60,1,2014Q4,2015Q1,70715.3,0.8,parametric,67293.8642990435,74462.1882243414,7168.32392529793,True,7168.32392529793,1.2815515655446,0,False,,
SARIMA-W60,1,2014Q4,2015Q1,70715.3,0.95,parametric,65514.8683167892,76484.1404480784,10969.2721312892,True,10969.2721312892,1.95996398454005,0,False,,
SARIMA-W60,1,2015Q1,2015Q2,70861.8,0.8,parametric,67004.9100087612,74130.0442065298,7125.13419776857,True,7125.13419776857,1.2815515655446,0,False,,
SARIMA-W60,1,2015Q1,2015Q2,70861.8,0.95,parametric,65236.4431244068,76139.6039255502,10903.1608011434,True,10903.1608011434,1.95996398454005,0,False,,
SARIMA-W60,1,2015Q2,2015Q3,74502.8,0.8,parametric,70405.3750069998,77889.067555513,7483.69254851324,True,7483.69254851324,1.2815515655446,0,False,,
SARIMA-W60,1,2015Q2,2015Q3,74502.8,0.95,parametric,68547.8671203875,79999.7029894522,11451.8358690647,True,11451.8358690647,1.95996398454005,0,False,,
SARIMA-W60,1,2015Q3,2015Q4,84850.9,0.8,parametric,79849.2494767321,88336.1750445694,8486.92556783739,True,8486.92556783739,1.2815515655446,0,False,,
SARIMA-W60,1,2015Q3,2015Q4,84850.9,0.95,parametric,77742.7226096417,90729.7434689959,12987.0208593542,True,12987.0208593542,1.95996398454005,0,False,,
SARIMA-W60,1,2015Q4,2016Q1,78024.4,0.8,parametric,77735.0932202683,85990.5002313918,8255.40701112345,True,8255.40701112345,1.2815515655446,0,False,,
SARIMA-W60,1,2015Q4,2016Q1,78024.4,0.95,parametric,75685.927316643,88318.6582834516,12632.7309668086,True,12632.7309668086,1.95996398454005,0,False,,
SARIMA-W60,1,2016Q1,2016Q2,78113.9,0.8,parametric,75228.8485499648,83285.3579278865,8056.5093779217,True,8056.5093779217,1.2815515655446,0,False,,
SARIMA-W60,1,2016Q1,2016Q2,78113.9,0.95,parametric,73230.0873495789,85558.5703192885,12328.4829697095,True,12328.4829697095,1.95996398454005,0,False,,
SARIMA-W60,1,2016Q2,2016Q3,82343.5,0.8,parametric,77732.8771816209,86045.8990742332,8313.02189261223,True,8313.02189261223,1.2815515655446,0,False,,
SARIMA-W60,1,2016Q2,2016Q3,82343.5,0.95,parametric,75670.2982955986,88391.2903130258,12720.9920174273,True,12720.9920174273,1.95996398454005,0,False,,
SARIMA-W60,1,2016Q3,2016Q4,93834.2,0.8,parametric,88732.3105811301,97981.4572167605,9249.14663563044,True,9249.14663563044,1.2815515655446,0,False,,
SARIMA-W60,1,2016Q3,2016Q4,93834.2,0.95,parametric,86433.8663703843,100586.974273411,14153.1079030269,True,14153.1079030269,1.95996398454005,0,False,,
SARIMA-W60,1,2016Q4,2017Q1,85823.4,0.8,parametric,84914.7226125793,93638.8214868023,8724.09887422301,True,8724.09887422301,1.2815515655446,0,False,,
SARIMA-W60,1,2016Q4,2017Q1,85823.4,0.95,parametric,82744.8715423374,96094.348859461,13349.4773171237,True,13349.4773171237,1.95996398454005,0,False,,
SARIMA-W60,1,2017Q1,2017Q2,86545.3,0.8,parametric,83099.8411825363,91622.3613076581,8522.52012512175,True,8522.52012512175,1.2815515655446,0,False,,
SARIMA-W60,1,2017Q1,2017Q2,86545.3,0.95,parametric,80979.9028021089,94020.9040759317,13041.0012738228,True,13041.0012738228,1.95996398454005,0,False,,
SARIMA-W60,1,2017Q2,2017Q3,90809.7,0.8,parametric,86884.2042708796,95748.953263681,8864.7489928014,True,8864.7489928014,1.2815515655446,0,False,,
SARIMA-W60,1,2017Q2,2017Q3,90809.7,0.95,parametric,84678.4618642879,98243.0647762277,13564.6029119398,True,13564.6029119398,1.95996398454005,0,False,,
SARIMA-W60,1,2017Q3,2017Q4,103083.2,0.8,parametric,98233.1040899864,108260.112167176,10027.0080771893,True,10027.0080771893,1.2815515655446,0,False,,
SARIMA-W60,1,2017Q3,2017Q4,103083.2,0.95,parametric,95738.2302913449,111081.297773615,15343.0674822697,True,15343.0674822697,1.95996398454005,0,False,,
SARIMA-W60,1,2017Q4,2018Q1,90275.4,0.8,parametric,92399.1724435884,101754.050486998,9354.87804340951,False,30592.6024792932,1.2815515655446,0,False,,
SARIMA-W60,1,2017Q4,2018Q1,90275.4,0.95,parametric,90070.4133497994,104384.888534573,14314.4751847735,True,14314.4751847735,1.95996398454005,0,False,,
SARIMA-W60,1,2018Q1,2018Q2,89742.5,0.8,parametric,89004.1512798249,98265.7030996044,9261.55181977956,True,9261.55181977956,1.2815515655446,0,False,,
SARIMA-W60,1,2018Q1,2018Q2,89742.5,0.95,parametric,86702.3855443236,100874.450563121,14172.0650187976,True,14172.0650187976,1.95996398454005,0,False,,
SARIMA-W60,1,2018Q2,2018Q3,94281.4,0.8,parametric,91125.1676452894,100721.832071756,9596.66442646657,True,9596.66442646657,1.2815515655446,0,False,,
SARIMA-W60,1,2018Q2,2018Q3,94281.4,0.95,parametric,88741.8509586942,103426.891978527,14685.0410198332,True,14685.0410198332,1.95996398454005,0,False,,
SARIMA-W60,1,2018Q3,2018Q4,106687.6,0.8,parametric,102142.57916421,112901.88821198,10759.3090477692,True,10759.3090477692,1.2815515655446,0,False,,
SARIMA-W60,1,2018Q3,2018Q4,106687.6,0.95,parametric,99470.5573677283,115934.708316236,16464.1509485072,True,16464.1509485072,1.95996398454005,0,False,,
SARIMA-W60,1,2018Q4,2019Q1,97789.7,0.8,parametric,93042.7026128496,102814.672247277,9771.96963442769,True,9771.96963442769,1.2815515655446,0,False,,
SARIMA-W60,1,2018Q4,2019Q1,97789.7,0.95,parametric,90615.4467294452,105568.700695182,14953.253965737,True,14953.253965737,1.95996398454005,0,False,,
SARIMA-W60,1,2019Q1,2019Q2,97420,0.8,parametric,93013.1400182106,102771.934874684,9758.7948564738,True,9758.7948564738,1.2815515655446,0,False,,
SARIMA-W60,1,2019Q1,2019Q2,97420,0.95,parametric,90589.0045914825,105522.081973956,14933.077382473,True,14933.077382473,1.95996398454005,0,False,,
SARIMA-W60,1,2019Q2,2019Q3,101464.5,0.8,parametric,97360.8379876541,107576.896824508,10216.0588368539,True,10216.0588368539,1.2815515655446,0,False,,
SARIMA-W60,1,2019Q2,2019Q3,101464.5,0.95,parametric,94823.1325722641,110455.925034574,15632.79246231,True,15632.79246231,1.95996398454005,0,False,,
SARIMA-W60,1,2019Q3,2019Q4,114974.8,0.8,parametric,109420.527700364,120830.413988653,11409.886288289,True,11409.886288289,1.2815515655446,0,False,,
SARIMA-W60,1,2019Q3,2019Q4,114974.8,0.95,parametric,106585.19654169,124044.689974564,17459.4934328747,True,17459.4934328747,1.95996398454005,0,False,,
SARIMA-W60,1,2019Q4,2020Q1,78579.7,0.8,parametric,99689.7923539664,109775.47522679,10085.6828728236,False,221186.606412488,1.2815515655446,0,False,,
SARIMA-W60,1,2019Q4,2020Q1,78579.7,0.95,parametric,97179.0029322145,112611.716530474,15432.7135982598,False,759404.83088684,1.95996398454005,0,False,,
SARIMA-W60,1,2020Q1,2020Q2,93676.5,0.8,parametric,79759.3697523053,91687.9501647812,11928.5804124759,False,31814.0787646643,1.2815515655446,0,False,,
SARIMA-W60,1,2020Q1,2020Q2,93676.5,0.95,parametric,76870.595383422,95133.5563689525,18262.9609855305,True,18262.9609855305,1.95996398454005,0,False,,
SARIMA-W60,1,2020Q2,2020Q3,101067.8,0.8,parametric,81582.6261416232,93069.2757659272,11486.649624304,False,91471.8919650323,1.2815515655446,0,False,,
SARIMA-W60,1,2020Q2,2020Q3,101067.8,0.95,parametric,78787.1635030639,96371.4848014296,17584.3212983657,False,205436.929241182,1.95996398454005,0,False,,
SARIMA-W60,1,2020Q3,2020Q4,118656.6,0.8,parametric,105037.970067513,121070.348135868,16032.3780683542,True,16032.3780683542,1.2815515655446,0,False,,
SARIMA-W60,1,2020Q3,2020Q4,118656.6,0.95,parametric,101162.038943025,125709.047943577,24547.009000552,True,24547.009000552,1.95996398454005,0,False,,
SARIMA-W60,1,2020Q4,2021Q1,105220.8,0.8,parametric,83015.0308486939,92959.955411162,9944.92456246815,False,132553.370450848,1.2815515655446,0,False,,
SARIMA-W60,1,2020Q4,2021Q1,105220.8,0.95,parametric,80565.7362328829,95786.0490946659,15220.312861783,False,392610.349075149,1.95996398454005,0,False,,
SARIMA-W60,1,2021Q1,2021Q2,106683.5,0.8,parametric,101962.645954783,115143.441179827,13180.795225044,True,13180.795225044,1.2815515655446,0,False,,
SARIMA-W60,1,2021Q1,2021Q2,106683.5,0.95,parametric,98733.8977292925,118908.806367835,20174.9086385425,True,20174.9086385425,1.95996398454005,0,False,,
SARIMA-W60,1,2021Q2,2021Q3,106152.9,0.8,parametric,106569.206573439,120340.139765974,13770.9331925342,False,17933.998926929,1.2815515655446,0,False,,
SARIMA-W60,1,2021Q2,2021Q3,106152.9,0.95,parametric,103195.802669655,124273.98093748,21078.1782678252,True,21078.1782678252,1.95996398454005,0,False,,
SARIMA-W60,1,2021Q3,2021Q4,122766,0.8,parametric,116679.761676305,132028.491310962,15348.7296346578,True,15348.7296346578,1.2815515655446,0,False,,
SARIMA-W60,1,2021Q3,2021Q4,122766,0.95,parametric,112924.812837726,136418.671092087,23493.8582543611,True,23493.8582543611,1.95996398454005,0,False,,
SARIMA-W60,1,2021Q4,2022Q1,108659.1,0.8,parametric,98701.3512953519,111696.809961591,12995.4586662386,True,12995.4586662386,1.2815515655446,0,False,,
SARIMA-W60,1,2021Q4,2022Q1,108659.1,0.95,parametric,95522.3261399606,115414.129074241,19891.8029342799,True,19891.8029342799,1.95996398454005,0,False,,
SARIMA-W60,1,2022Q1,2022Q2,101772.6,0.8,parametric,105206.497954797,119125.201913008,13918.7039582101,False,48257.6835061846,1.2815515655446,0,False,,
SARIMA-W60,1,2022Q1,2022Q2,101772.6,0.95,parametric,101802.84798331,123108.0029655,21305.1549821906,False,22515.0743145775,1.95996398454005,0,False,,
SARIMA-W60,1,2022Q2,2022Q3,109872.9,0.8,parametric,102496.604252316,116536.532430343,14039.9281780277,True,14039.9281780277,1.2815515655446,0,False,,
SARIMA-W60,1,2022Q2,2022Q3,109872.9,0.95,parametric,99072.3926918403,120564.352196511,21491.9595046705,True,21491.9595046705,1.95996398454005,0,False,,
SARIMA-W60,1,2022Q3,2022Q4,119427.9,0.8,parametric,117446.157065463,133443.093699885,15996.9366344214,True,15996.9366344214,1.2815515655446,0,False,,
SARIMA-W60,1,2022Q3,2022Q4,119427.9,0.95,parametric,113542.944510282,138030.404351181,24487.4598408988,True,24487.4598408988,1.95996398454005,0,False,,
SARIMA-W60,1,2022Q4,2023Q1,114922.4,0.8,parametric,99083.1291305365,112676.444721222,13593.3155906852,False,36052.8683784685,1.2815515655446,0,False,,
SARIMA-W60,1,2022Q4,2023Q1,114922.4,0.95,parametric,95768.2385271428,116576.590464472,20808.3519373289,True,20808.3519373289,1.95996398454005,0,False,,
SARIMA-W60,1,2023Q1,2023Q2,112665.2,0.8,parametric,104353.485674949,119059.522595078,14706.0369201285,True,14706.0369201285,1.2815515655446,0,False,,
SARIMA-W60,1,2023Q1,2023Q2,112665.2,0.95,parametric,100774.789810356,123287.542538888,22512.7527285316,True,22512.7527285316,1.95996398454005,0,False,,
SARIMA-W60,1,2023Q2,2023Q3,114519.4,0.8,parametric,109979.457347686,125484.898795038,15505.4414473513,True,15505.4414473513,1.2815515655446,0,False,,
SARIMA-W60,1,2023Q2,2023Q3,114519.4,0.95,parametric,106206.354193526,129942.894468069,23736.540274543,True,23736.540274543,1.95996398454005,0,False,,
SARIMA-W60,1,2023Q3,2023Q4,129388.2,0.8,parametric,121165.94269835,138297.037527856,17131.0948295061,True,17131.0948295061,1.2815515655446,0,False,,
SARIMA-W60,1,2023Q3,2023Q4,129388.2,0.95,parametric,116998.192106037,143223.503054344,26225.3109483064,True,26225.3109483064,1.95996398454005,0,False,,
SARIMA-W60,1,2023Q4,2024Q1,120326.8,0.8,parametric,109368.374803946,124822.881505655,15454.5067017086,True,15454.5067017086,1.2815515655446,0,False,,
SARIMA-W60,1,2023Q4,2024Q1,120326.8,0.95,parametric,105608.347994066,129267.012957972,23658.6649639062,True,23658.6649639062,1.95996398454005,0,False,,
SARIMA-W60,1,2024Q1,2024Q2,115642.2,0.8,parametric,110673.557652362,126371.232232437,15697.6745800756,True,15697.6745800756,1.2815515655446,0,False,,
SARIMA-W60,1,2024Q1,2024Q2,115642.2,0.95,parametric,106855.509753224,130886.595257243,24031.0855040189,True,24031.0855040189,1.95996398454005,0,False,,
SARIMA-W60,1,2024Q2,2024Q3,117595,0.8,parametric,113109.626342973,129127.900649498,16018.2743065252,True,16018.2743065252,1.2815515655446,0,False,,
SARIMA-W60,1,2024Q2,2024Q3,117595,0.95,parametric,109213.117687551,133734.929486241,24521.8117986897,True,24521.8117986897,1.95996398454005,0,False,,
SARIMA-W60,1,2024Q3,2024Q4,134330.8,0.8,parametric,124501.265400991,142024.907951339,17523.642550348,True,17523.642550348,1.2815515655446,0,False,,
SARIMA-W60,1,2024Q3,2024Q4,134330.8,0.95,parametric,120236.489582262,147062.516710481,26826.0271282193,True,26826.0271282193,1.95996398454005,0,False,,
SARIMA-W60,1,2024Q4,2025Q1,124671.1,0.8,parametric,114676.188740696,130579.809229378,15903.6204886827,True,15903.6204886827,1.2815515655446,0,False,,
SARIMA-W60,1,2024Q4,2025Q1,124671.1,0.95,parametric,110801.167601567,135146.543786967,24345.3761854005,True,24345.3761854005,1.95996398454005,0,False,,
SARIMA-W60,1,2025Q1,2025Q2,120787.3,0.8,parametric,113925.890428587,129748.934189067,15823.0437604797,True,15823.0437604797,1.2815515655446,0,False,,
SARIMA-W60,1,2025Q1,2025Q2,120787.3,0.95,parametric,110070.950492499,134293.042746614,24222.0922541147,True,24222.0922541147,1.95996398454005,0,False,,
SARIMA-W60,1,2025Q2,2025Q3,120418.8,0.8,parametric,116704.692572584,132880.454128732,16175.7615561476,True,16175.7615561476,1.2815515655446,0,False,,
SARIMA-W60,1,2025Q2,2025Q3,120418.8,0.95,parametric,112763.187613719,137525.134542333,24761.9469286146,True,24761.9469286146,1.95996398454005,0,False,,
SARIMA-W60,1,2025Q3,2025Q4,135325.2,0.8,parametric,128701.873932762,146576.974904833,17875.1009720708,True,17875.1009720708,1.2815515655446,0,False,,
SARIMA-W60,1,2025Q3,2025Q4,135325.2,0.95,parametric,124346.991843164,151710.395772509,27363.4039293446,True,27363.4039293446,1.95996398454005,0,False,,
SARIMA-W60,1,2025Q4,2026Q1,127694.9,0.8,parametric,117972.19678925,134302.846382848,16330.6495935983,True,16330.6495935983,1.2815515655446,0,False,,
SARIMA-W60,1,2025Q4,2026Q1,127694.9,0.95,parametric,113992.554915441,138991.549356769,24998.9944413282,True,24998.9944413282,1.95996398454005,0,False,,
SARIMA-W60,1,2026Q1,2026Q2,121027.2,0.8,parametric,116296.171368046,132414.927369314,16118.7560012685,True,16118.7560012685,1.2815515655446,0,False,,
SARIMA-W60,1,2026Q1,2026Q2,121027.2,0.95,parametric,112368.549507726,137043.230979594,24674.6814718681,True,24674.6814718681,1.95996398454005,0,False,,
SARIMA-W60,2,2004Q3,2005Q1,15112.2,0.8,parametric,14621.7316443047,15698.49576819,1076.76412388531,True,1076.76412388531,1.2815515655446,0,False,,
SARIMA-W60,2,2004Q3,2005Q1,15112.2,0.95,parametric,14349.3049015168,15996.5373874985,1647.23248598171,True,1647.23248598171,1.95996398454005,0,False,,
SARIMA-W60,2,2004Q4,2005Q2,14497.5,0.8,parametric,14146.0421542732,15212.7309240885,1066.68876981533,True,1066.68876981533,1.2815515655446,0,False,,
SARIMA-W60,2,2004Q4,2005Q2,14497.5,0.95,parametric,13876.4470199458,15508.2877212334,1631.8407012876,True,1631.8407012876,1.95996398454005,0,False,,
SARIMA-W60,2,2005Q1,2005Q3,15470.9,0.8,parametric,14999.9863346302,16075.1884406374,1075.2021060072,True,1075.2021060072,1.2815515655446,0,False,,
SARIMA-W60,2,2005Q1,2005Q3,15470.9,0.95,parametric,14727.6374027785,16372.4567859524,1644.81938317395,True,1644.81938317395,1.95996398454005,0,False,,
SARIMA-W60,2,2005Q2,2005Q4,22096,0.8,parametric,17398.8013168449,18684.8060697455,1286.00475290066,False,35397.9440554453,1.2815515655446,0,False,,
SARIMA-W60,2,2005Q2,2005Q4,22096,0.95,parametric,17073.4882199472,19040.820731142,1967.33251119478,False,124174.503265515,1.95996398454005,0,False,,
SARIMA-W60,2,2005Q3,2006Q1,18440.2,0.8,parametric,17100.1799362744,18299.7286515449,1199.54871527054,False,2604.26219982146,1.2815515655446,0,False,,
SARIMA-W60,2,2005Q3,2006Q1,18440.2,0.95,parametric,16796.0567066565,18631.0786032531,1835.02189659668,True,1835.02189659668,1.95996398454005,0,False,,
SARIMA-W60,2,2005Q4,2006Q2,18008,0.8,parametric,19426.3272798608,22038.9732492313,2612.64596937053,False,16795.9187679781,1.2815515655446,0,False,,
SARIMA-W60,2,2005Q4,2006Q2,18008,0.95,parametric,18788.2289371998,22787.4755349597,3999.24659775989,False,35208.4040857529,1.95996398454005,0,False,,
SARIMA-W60,2,2006Q1,2006Q3,18643.2,0.8,parametric,18579.5543614577,20700.8967694542,2121.34240799646,True,2121.34240799646,1.2815515655446,0,False,,
SARIMA-W60,2,2006Q1,2006Q3,18643.2,0.95,parametric,18055.4100204287,21301.8389736832,3246.42895325446,True,3246.42895325446,1.95996398454005,0,False,,
SARIMA-W60,2,2006Q2,2006Q4,21318.6,0.8,parametric,25736.4194318702,28836.882879188,3100.46344731776,False,47278.6577660201,1.2815515655446,0,False,,
SARIMA-W60,2,2006Q2,2006Q4,21318.6,0.95,parametric,24973.1132045304,29718.2856942267,4745.17248969634,False,150925.700670912,1.95996398454005,0,False,,
SARIMA-W60,2,2006Q3,2007Q1,21187.8,0.8,parametric,21030.4383045512,23553.4605224104,2523.02221785924,True,2523.02221785924,1.2815515655446,0,False,,
SARIMA-W60,2,2006Q3,2007Q1,21187.8,0.95,parametric,20409.1151910746,24270.5082379984,3861.3930469238,True,3861.3930469238,1.95996398454005,0,False,,
SARIMA-W60,2,2006Q4,2007Q2,20856,0.8,parametric,17662.9966232073,20498.4749938078,2835.47837060054,False,6410.72843252263,1.2815515655446,0,False,,
SARIMA-W60,2,2006Q4,2007Q2,20856,0.95,parametric,16980.5075677553,21322.3599560745,4341.85238831925,True,4341.85238831925,1.95996398454005,0,False,,
SARIMA-W60,2,2007Q1,2007Q3,21783.2,0.8,parametric,19676.9717564038,22398.8978806998,2721.92612429601,True,2721.92612429601,1.2815515655446,0,False,,
SARIMA-W60,2,2007Q1,2007Q3,21783.2,0.95,parametric,19013.6248038166,23180.3501710328,4166.72536721626,True,4166.72536721626,1.95996398454005,0,False,,
SARIMA-W60,2,2007Q2,2007Q4,25383,0.8,parametric,24756.2924867448,28241.7541973672,3485.46171062236,True,3485.46171062236,1.2815515655446,0,False,,
SARIMA-W60,2,2007Q2,2007Q4,25383,0.95,parametric,23908.0455532418,29243.7592061544,5335.71365291266,True,5335.71365291266,1.95996398454005,0,False,,
SARIMA-W60,2,2007Q3,2008Q1,25555.2,0.8,parametric,23255.2270774249,26471.2051331025,3215.97805567756,True,3215.97805567756,1.2815515655446,0,False,,
SARIMA-W60,2,2007Q3,2008Q1,25555.2,0.95,parametric,22471.4595196645,27394.4772409952,4923.01772133072,True,4923.01772133072,1.95996398454005,0,False,,
SARIMA-W60,2,2007Q4,2008Q2,25487.5,0.8,parametric,21661.7761264398,24693.0067275343,3031.23060109444,False,10976.1633257519,1.2815515655446,0,False,,
SARIMA-W60,2,2007Q4,2008Q2,25487.5,0.95,parametric,20923.7180836603,25564.0217231864,4640.30363952615,True,4640.30363952615,1.95996398454005,0,False,,
SARIMA-W60,2,2008Q1,2008Q3,26843,0.8,parametric,23819.8912360179,27117.4312740277,3297.54003800982,True,3297.54003800982,1.2815515655446,0,False,,
SARIMA-W60,2,2008Q1,2008Q3,26843,0.95,parametric,23016.3123110679,28064.1944207943,5047.88210972638,True,5047.88210972638,1.95996398454005,0,False,,
SARIMA-W60,2,2008Q2,2008Q4,30602,0.8,parametric,29897.9422885277,34194.5478162733,4296.60552774556,True,4296.60552774556,1.2815515655446,0,False,,
SARIMA-W60,2,2008Q2,2008Q4,30602,0.95,parametric,28854.0049088769,35431.7059424467,6577.70103356979,True,6577.70103356979,1.95996398454005,0,False,,
SARIMA-W60,2,2008Q3,2009Q1,29398,0.8,parametric,28773.425521827,32874.9906938934,4101.5651720664,True,4101.5651720664,1.2815515655446,0,False,,
SARIMA-W60,2,2008Q3,2009Q1,29398,0.95,parametric,27776.22537506,34055.2426936612,6279.01731860122,True,6279.01731860122,1.95996398454005,0,False,,
SARIMA-W60,2,2008Q4,2009Q2,29313.2,0.8,parametric,27044.5599462104,30942.2803856228,3897.72043941235,True,3897.72043941235,1.2815515655446,0,False,,
SARIMA-W60,2,2008Q4,2009Q2,29313.2,0.95,parametric,26097.7586433601,32064.8362258624,5967.07758250233,True,5967.07758250233,1.95996398454005,0,False,,
SARIMA-W60,2,2009Q1,2009Q3,30964.9,0.8,parametric,27702.3199948893,31414.6272004971,3712.30720560785,True,3712.30720560785,1.2815515655446,0,False,,
SARIMA-W60,2,2009Q1,2009Q3,30964.9,0.95,parametric,26795.3985363923,32477.8918308073,5682.49329441499,True,5682.49329441499,1.95996398454005,0,False,,
SARIMA-W60,2,2009Q2,2009Q4,35666.6,0.8,parametric,34263.4918521594,38882.3358237154,4618.84397155602,True,4618.84397155602,1.2815515655446,0,False,,
SARIMA-W60,2,2009Q2,2009Q4,35666.6,0.95,parametric,33135.610947095,40205.8256543357,7070.21470724075,True,7070.21470724075,1.95996398454005,0,False,,
SARIMA-W60,2,2009Q3,2010Q1,36374,0.8,parametric,32974.3261927039,37427.5870842858,4453.26089158189,True,4453.26089158189,1.2815515655446,0,False,,
SARIMA-W60,2,2009Q3,2010Q1,36374,0.95,parametric,31887.0322317978,38703.8046109659,6816.77237916814,True,6816.77237916814,1.95996398454005,0,False,,
SARIMA-W60,2,2009Q4,2010Q2,36295.4,0.8,parametric,31595.9947054303,35879.0877831008,4283.09307767053,False,8446.21524666244,1.2815515655446,0,False,,
SARIMA-W60,2,2009Q4,2010Q2,36295.4,0.95,parametric,30550.5474804028,37106.8789637145,6556.33148331169,True,6556.33148331169,1.95996398454005,0,False,,
SARIMA-W60,2,2010Q1,2010Q3,38359.1,0.8,parametric,34667.5696244067,39233.4029522992,4565.83332789254,True,4565.83332789254,1.2815515655446,0,False,,
SARIMA-W60,2,2010Q1,2010Q3,38359.1,0.95,parametric,33550.6733703271,40539.4763150763,6988.80294474912,True,6988.80294474912,1.95996398454005,0,False,,
SARIMA-W60,2,2010Q2,2010Q4,43525.2,0.8,parametric,41776.5138089724,47373.01083561,5596.49702663767,True,5596.49702663767,1.2815515655446,0,False,,
SARIMA-W60,2,2010Q2,2010Q4,43525.2,0.95,parametric,40409.2480193122,48975.8987942718,8566.65077495958,True,8566.65077495958,1.95996398454005,0,False,,
SARIMA-W60,2,2010Q3,2011Q1,42921.8,0.8,parametric,41180.0768061176,46702.160293419,5522.08348730145,True,5522.08348730145,1.2815515655446,0,False,,
SARIMA-W60,2,2010Q3,2011Q1,42921.8,0.95,parametric,39831.0925680048,48283.851230319,8452.75866231426,True,8452.75866231426,1.95996398454005,0,False,,
SARIMA-W60,2,2010Q4,2011Q2,42910.9,0.8,parametric,39938.4537296527,45251.6495479862,5313.19581833357,True,5313.19581833357,1.2815515655446,0,False,,
SARIMA-W60,2,2010Q4,2011Q2,42910.9,0.95,parametric,38639.7179055821,46772.6217898091,8132.90388422697,True,8132.90388422697,1.95996398454005,0,False,,
SARIMA-W60,2,2011Q1,2011Q3,44978.1,0.8,parametric,41950.0206364871,47413.9475815142,5463.92694502711,True,5463.92694502711,1.2815515655446,0,False,,
SARIMA-W60,2,2011Q1,2011Q3,44978.1,0.95,parametric,40612.3282760797,48975.6722633741,8363.34398729434,True,8363.34398729434,1.95996398454005,0,False,,
SARIMA-W60,2,2011Q2,2011Q4,50415,0.8,parametric,48871.9521958413,55222.2157823616,6350.26358652034,True,6350.26358652034,1.2815515655446,0,False,,
SARIMA-W60,2,2011Q2,2011Q4,50415,0.95,parametric,47316.9894030077,57036.9654518311,9719.97604882334,True,9719.97604882334,1.95996398454005,0,False,,
SARIMA-W60,2,2011Q3,2012Q1,49318.8,0.8,parametric,48031.5264697824,54270.3564287439,6238.82995896153,True,6238.82995896153,1.2815515655446,0,False,,
SARIMA-W60,2,2011Q3,2012Q1,49318.8,0.95,parametric,46503.8096551642,56053.2154389262,9549.40578376193,True,9549.40578376193,1.95996398454005,0,False,,
SARIMA-W60,2,2011Q4,2012Q2,48902.8,0.8,parametric,47143.3471835301,52938.0697527862,5794.72256925613,True,5794.72256925613,1.2815515655446,0,False,,
SARIMA-W60,2,2011Q4,2012Q2,48902.8,0.95,parametric,45718.7329994985,54587.6413856199,8868.90838612131,True,8868.90838612131,1.95996398454005,0,False,,
SARIMA-W60,2,2012Q1,2012Q3,51200.4,0.8,parametric,48934.32042555,54980.6134931588,6046.29306760877,True,6046.29306760877,1.2815515655446,0,False,,
SARIMA-W60,2,2012Q1,2012Q3,51200.4,0.95,parametric,47448.4034557995,56702.4127666134,9254.00931081391,True,9254.00931081391,1.95996398454005,0,False,,
SARIMA-W60,2,2012Q2,2012Q4,57744.7,0.8,parametric,55032.5766503075,62236.4569887042,7203.88033839664,True,7203.88033839664,1.2815515655446,0,False,,
SARIMA-W60,2,2012Q2,2012Q4,57744.7,0.95,parametric,53269.5588428774,64296.2446859532,11026.6858430758,True,11026.6858430758,1.95996398454005,0,False,,
SARIMA-W60,2,2012Q3,2013Q1,55451,0.8,parametric,53944.9751659832,60983.9251138833,7038.94994790004,True,7038.94994790004,1.2815515655446,0,False,,
SARIMA-W60,2,2012Q3,2013Q1,55451,0.95,parametric,52221.9120240983,62996.0910713976,10774.1790472993,True,10774.1790472993,1.95996398454005,0,False,,
SARIMA-W60,2,2012Q4,2013Q2,55313.3,0.8,parametric,53094.7304882826,60035.1946385424,6940.46415025983,True,6940.46415025983,1.2815515655446,0,False,,
SARIMA-W60,2,2012Q4,2013Q2,55313.3,0.95,parametric,51396.0019498071,62019.4637368473,10623.4617870402,True,10623.4617870402,1.95996398454005,0,False,,
SARIMA-W60,2,2013Q1,2013Q3,58052.7,0.8,parametric,54540.7308731804,61705.4214766403,7164.69060345988,True,7164.69060345988,1.2815515655446,0,False,,
SARIMA-W60,2,2013Q1,2013Q3,58052.7,0.95,parametric,52787.7636053401,63754.5248428207,10966.7612374805,True,10966.7612374805,1.95996398454005,0,False,,
SARIMA-W60,2,2013Q2,2013Q4,65563,0.8,parametric,61746.4611940904,69851.6286278171,8105.16743372673,True,8105.16743372673,1.2815515655446,0,False,,
SARIMA-W60,2,2013Q2,2013Q4,65563,0.95,parametric,59763.2786617651,72169.5826097794,12406.3039480143,True,12406.3039480143,1.95996398454005,0,False,,
SARIMA-W60,2,2013Q3,2014Q1,62081.2,0.8,parametric,60347.4768949751,68211.2313173776,7863.75442240245,True,7863.75442240245,1.2815515655446,0,False,,
SARIMA-W60,2,2013Q3,2014Q1,62081.2,0.95,parametric,58422.3176972132,70458.959318206,12036.6416209928,True,12036.6416209928,1.95996398454005,0,False,,
SARIMA-W60,2,2013Q4,2014Q2,62117.5,0.8,parametric,59866.3919697918,67626.8651501256,7760.47318033384,True,7760.47318033384,1.2815515655446,0,False,,
SARIMA-W60,2,2013Q4,2014Q2,62117.5,0.95,parametric,57965.7856702457,69844.2429435376,11878.4572732919,True,11878.4572732919,1.95996398454005,0,False,,
SARIMA-W60,2,2014Q1,2014Q3,64952.1,0.8,parametric,61262.0229391022,69252.247779099,7990.22483999676,True,7990.22483999676,1.2815515655446,0,False,,
SARIMA-W60,2,2014Q1,2014Q3,64952.1,0.95,parametric,59306.034288359,71536.2752363347,12230.2409479758,True,12230.2409479758,1.95996398454005,0,False,,
SARIMA-W60,2,2014Q2,2014Q4,73243.3,0.8,parametric,69158.2106120878,78191.4677409018,9033.25712881405,True,9033.25712881405,1.2815515655446,0,False,,
SARIMA-W60,2,2014Q2,2014Q4,73243.3,0.95,parametric,66947.1288690664,80773.919441259,13826.7905721927,True,13826.7905721927,1.95996398454005,0,False,,
SARIMA-W60,2,2014Q3,2015Q1,70715.3,0.8,parametric,66729.7874247679,75442.4003670792,8712.61294231132,True,8712.61294231132,1.2815515655446,0,False,,
SARIMA-W60,2,2014Q3,2015Q1,70715.3,0.95,parametric,64597.1275652867,77933.1145060812,13335.9869407945,True,13335.9869407945,1.95996398454005,0,False,,
SARIMA-W60,2,2014Q4,2015Q2,70861.8,0.8,parametric,66339.7461707136,74985.5661773962,8645.82000668257,True,8645.82000668257,1.2815515655446,0,False,,
SARIMA-W60,2,2014Q4,2015Q2,70861.8,0.95,parametric,64223.1483688087,77456.8602291022,13233.7118602936,True,13233.7118602936,1.95996398454005,0,False,,
SARIMA-W60,2,2015Q1,2015Q3,74502.8,0.8,parametric,69400.8289734415,78428.2618891709,9027.4329157294,True,9027.4329157294,1.2815515655446,0,False,,
SARIMA-W60,2,2015Q1,2015Q3,74502.8,0.95,parametric,67190.4945089312,81008.2799633382,13817.785454407,True,13817.785454407,1.95996398454005,0,False,,
SARIMA-W60,2,2015Q2,2015Q4,84850.9,0.8,parametric,78671.1048253578,88905.162966524,10234.0581411663,True,10234.0581411663,1.2815515655446,0,False,,
SARIMA-W60,2,2015Q2,2015Q4,84850.9,0.95,parametric,76165.3465909778,91830.0474993629,15664.7009083851,True,15664.7009083851,1.95996398454005,0,False,,
SARIMA-W60,2,2015Q3,2016Q1,78024.4,0.8,parametric,76353.3000510895,86289.933125013,9936.63307392345,True,9936.63307392345,1.2815515655446,0,False,,
SARIMA-W60,2,2015Q3,2016Q1,78024.4,0.95,parametric,73920.4388842246,89129.8976944876,15209.4588102631,True,15209.4588102631,1.95996398454005,0,False,,
SARIMA-W60,2,2015Q4,2016Q2,78113.9,0.8,parametric,76841.5001182809,86830.7102799555,9989.21016167468,True,9989.21016167468,1.2815515655446,0,False,,
SARIMA-W60,2,2015Q4,2016Q2,78113.9,0.95,parametric,74395.5680238879,89685.4773943686,15289.9093704807,True,15289.9093704807,1.95996398454005,0,False,,
SARIMA-W60,2,2016Q1,2016Q3,82343.5,0.8,parametric,77601.6357161627,87730.5632394959,10128.9275233332,True,10128.9275233332,1.2815515655446,0,False,,
SARIMA-W60,2,2016Q1,2016Q3,82343.5,0.95,parametric,75122.2349911201,90626.1003881193,15503.8653969991,True,15503.8653969991,1.95996398454005,0,False,,
SARIMA-W60,2,2016Q2,2016Q4,93834.2,0.8,parametric,87023.3293713364,98415.268465313,11391.9390939767,True,11391.9390939767,1.2815515655446,0,False,,
SARIMA-W60,2,2016Q2,2016Q4,93834.2,0.95,parametric,84235.3681735697,101672.545731363,17437.1775577929,True,17437.1775577929,1.95996398454005,0,False,,
SARIMA-W60,2,2016Q3,2017Q1,85823.4,0.8,parametric,83798.5934351763,93940.286088291,10141.6926531147,True,10141.6926531147,1.2815515655446,0,False,,
SARIMA-W60,2,2016Q3,2017Q1,85823.4,0.95,parametric,81302.5921358948,96824.2664137808,15521.674277886,True,15521.674277886,1.95996398454005,0,False,,
SARIMA-W60,2,2016Q4,2017Q2,86545.3,0.8,parametric,84227.4184260046,94159.3603977893,9931.94197178465,True,9931.94197178465,1.2815515655446,0,False,,
SARIMA-W60,2,2016Q4,2017Q2,86545.3,0.95,parametric,81778.687121287,96978.8110585255,15200.1239372384,True,15200.1239372384,1.95996398454005,0,False,,
SARIMA-W60,2,2017Q1,2017Q3,90809.7,0.8,parametric,86664.6730416771,96800.7772769018,10136.1042352248,True,10136.1042352248,1.2815515655446,0,False,,
SARIMA-W60,2,2017Q1,2017Q3,90809.7,0.95,parametric,84164.2282366712,99676.6427809723,15512.4145443012,True,15512.4145443012,1.95996398454005,0,False,,
SARIMA-W60,2,2017Q2,2017Q4,103083.2,0.8,parametric,97850.3142432083,109211.786223999,11361.4719807912,True,11361.4719807912,1.2815515655446,0,False,,
SARIMA-W60,2,2017Q2,2017Q4,103083.2,0.95,parametric,95046.2242425792,112433.794043268,17387.5698006889,True,17387.5698006889,1.95996398454005,0,False,,
SARIMA-W60,2,2017Q3,2018Q1,90275.4,0.8,parametric,91754.804202057,102433.020690605,10678.2164885476,False,25472.2585091172,1.2815515655446,0,False,,
SARIMA-W60,2,2017Q3,2018Q1,90275.4,0.95,parametric,89119.7503539616,105461.71550035,16341.965146388,True,16341.965146388,1.95996398454005,0,False,,
SARIMA-W60,2,2017Q4,2018Q2,89742.5,0.8,parametric,92013.7029626278,102582.38161466,10568.6786520322,False,33280.7082783097,1.2815515655446,0,False,,
SARIMA-W60,2,2017Q4,2018Q2,89742.5,0.95,parametric,89403.4047566384,105577.464491243,16174.0597346049,True,16174.0597346049,1.95996398454005,0,False,,
SARIMA-W60,2,2018Q1,2018Q3,94281.4,0.8,parametric,92783.7117852964,103734.727781958,10951.0159966612,True,10951.0159966612,1.2815515655446,0,False,,
SARIMA-W60,2,2018Q1,2018Q3,94281.4,0.95,parametric,90083.895683149,106843.659587068,16759.7639039191,True,16759.7639039191,1.95996398454005,0,False,,
SARIMA-W60,2,2018Q2,2018Q4,106687.6,0.8,parametric,102388.106546783,114783.95445904,12395.8479122573,True,12395.8479122573,1.2815515655446,0,False,,
SARIMA-W60,2,2018Q2,2018Q4,106687.6,0.95,parametric,99337.4029949442,118309.029677486,18971.6266825422,True,18971.6266825422,1.95996398454005,0,False,,
SARIMA-W60,2,2018Q3,2019Q1,97789.7,0.8,parametric,92789.7355866682,104088.949083995,11299.2134973271,True,11299.2134973271,1.2815515655446,0,False,,
SARIMA-W60,2,2018Q3,2019Q1,97789.7,0.95,parametric,90010.0420325246,107303.427983159,17293.3859506342,True,17293.3859506342,1.95996398454005,0,False,,
SARIMA-W60,2,2018Q4,2019Q2,97420,0.8,parametric,92324.0607528808,103548.740483578,11224.6797306968,True,11224.6797306968,1.2815515655446,0,False,,
SARIMA-W60,2,2018Q4,2019Q2,97420,0.95,parametric,89562.3982377916,106741.672793395,17179.2745556037,True,17179.2745556037,1.95996398454005,0,False,,
SARIMA-W60,2,2019Q1,2019Q3,101464.5,0.8,parametric,96842.8547733253,108603.412448449,11760.557675124,True,11760.557675124,1.2815515655446,0,False,,
SARIMA-W60,2,2019Q1,2019Q3,101464.5,0.95,parametric,93949.1167478109,111948.519195395,17999.4024475842,True,17999.4024475842,1.95996398454005,0,False,,
SARIMA-W60,2,2019Q2,2019Q4,114974.8,0.8,parametric,109188.948390571,122450.747375956,13261.7989853858,True,13261.7989853858,1.2815515655446,0,False,,
SARIMA-W60,2,2019Q2,2019Q4,114974.8,0.95,parametric,105925.856291839,126222.895935656,20297.0396438168,True,20297.0396438168,1.95996398454005,0,False,,
SARIMA-W60,2,2019Q3,2020Q1,78579.7,0.8,parametric,99248.6531369468,111331.924516109,12083.2713791617,False,218772.80274863,1.2815515655446,0,False,,
SARIMA-W60,2,2019Q3,2020Q1,78579.7,0.95,parametric,96276.0332043824,114769.410325736,18493.3771213541,False,726346.705296651,1.95996398454005,0,False,,
SARIMA-W60,2,2019Q4,2020Q2,93676.5,0.8,parametric,98831.4280139213,110139.712079775,11308.284065854,False,62857.5642050671,1.2815515655446,0,False,,
SARIMA-W60,2,2019Q4,2020Q2,93676.5,0.95,parametric,96037.7524583268,113343.604439408,17305.8519810807,False,111755.950314154,1.95996398454005,0,False,,
SARIMA-W60,2,2020Q1,2020Q3,101067.8,0.8,parametric,79771.6894728493,94552.6353357433,14780.945862894,False,79932.5925054607,1.2815515655446,0,False,,
SARIMA-W60,2,2020Q1,2020Q3,101067.8,0.95,parametric,76262.060142574,98904.0087658442,22641.9486232701,False,109193.597989504,1.95996398454005,0,False,,
SARIMA-W60,2,2020Q2,2020Q4,118656.6,0.8,parametric,98261.6762372822,113044.552816811,14782.8765795292,False,70903.3484114146,1.2815515655446,0,False,,
SARIMA-W60,2,2020Q2,2020Q4,118656.6,0.95,parametric,94683.445029074,117316.678178144,22633.2331490703,False,76230.1060233014,1.95996398454005,0,False,,
SARIMA-W60,2,2020Q3,2021Q1,105220.8,0.8,parametric,96025.7458728023,114051.533726803,18025.787854001,True,18025.787854001,1.2815515655446,0,False,,
SARIMA-W60,2,2020Q3,2021Q1,105220.8,0.95,parametric,91751.3020324975,119364.884763971,27613.5827314732,True,27613.5827314732,1.95996398454005,0,False,,
SARIMA-W60,2,2020Q4,2021Q2,106683.5,0.8,parametric,91791.5254984349,104165.181416101,12373.655917666,False,37556.8417566572,1.2815515655446,0,False,,
SARIMA-W60,2,2020Q4,2021Q2,106683.5,0.95,parametric,88769.9847024141,107710.741846564,18940.7571441495,True,18940.7571441495,1.95996398454005,0,False,,
SARIMA-W60,2,2021Q1,2021Q3,106152.9,0.8,parametric,106469.258087672,122990.293249073,16521.0351614018,False,19684.6160381182,1.2815515655446,0,False,,
SARIMA-W60,2,2021Q1,2021Q3,106152.9,0.95,parametric,102480.838917149,127776.913348655,25296.0744315055,True,25296.0744315055,1.95996398454005,0,False,,
SARIMA-W60,2,2021Q2,2021Q4,122766,0.8,parametric,120282.225114225,138802.403750043,18520.1786358177,True,18520.1786358177,1.2815515655446,0,False,,
SARIMA-W60,2,2021Q2,2021Q4,122766,0.95,parametric,115808.194336873,144164.772362247,28356.5780253741,True,28356.5780253741,1.95996398454005,0,False,,
SARIMA-W60,2,2021Q3,2022Q1,108659.1,0.8,parametric,98313.9027715076,113605.055133268,15291.1523617604,True,15291.1523617604,1.2815515655446,0,False,,
SARIMA-W60,2,2021Q3,2022Q1,108659.1,0.95,parametric,94623.1397222511,118036.205282432,23413.0655601807,True,23413.0655601807,1.95996398454005,0,False,,
SARIMA-W60,2,2021Q4,2022Q2,101772.6,0.8,parametric,101980.117995559,117897.215736358,15917.0977407988,False,17992.2776963937,1.2815515655446,0,False,,
SARIMA-W60,2,2021Q4,2022Q2,101772.6,0.95,parametric,98139.4417728944,122511.110262525,24371.6684896308,True,24371.6684896308,1.95996398454005,0,False,,
SARIMA-W60,2,2022Q1,2022Q3,109872.9,0.8,parametric,107533.641548225,124370.337738829,16836.6961906042,True,16836.6961906042,1.2815515655446,0,False,,
SARIMA-W60,2,2022Q1,2022Q3,109872.9,0.95,parametric,103472.183270075,129252.083941547,25779.9006714725,True,25779.9006714725,1.95996398454005,0,False,,
SARIMA-W60,2,2022Q2,2022Q4,119427.9,0.8,parametric,115837.71660681,134460.209460796,18622.492853986,True,18622.492853986,1.2815515655446,0,False,,
SARIMA-W60,2,2022Q2,2022Q4,119427.9,0.95,parametric,111355.927774797,139871.886029378,28515.9582545806,True,28515.9582545806,1.95996398454005,0,False,,
SARIMA-W60,2,2022Q3,2023Q1,114922.4,0.8,parametric,100876.087891779,116919.799183509,16043.7112917303,True,16043.7112917303,1.2815515655446,0,False,,
SARIMA-W60,2,2022Q3,2023Q1,114922.4,0.95,parametric,97011.2345510005,121577.794503009,24566.5599520083,True,24566.5599520083,1.95996398454005,0,False,,
SARIMA-W60,2,2022Q4,2023Q2,112665.2,0.8,parametric,98546.8552354315,114425.594229687,15878.7389942553,True,15878.7389942553,1.2815515655446,0,False,,
SARIMA-W60,2,2022Q4,2023Q2,112665.2,0.95,parametric,94726.1668376972,119040.839994105,24314.6731564073,True,24314.6731564073,1.95996398454005,0,False,,
SARIMA-W60,2,2023Q1,2023Q3,114519.4,0.8,parametric,108222.946343741,125907.478554176,17684.5322104349,True,17684.5322104349,1.2815515655446,0,False,,
SARIMA-W60,2,2023Q1,2023Q3,114519.4,0.95,parametric,103973.125168895,131053.849479949,27080.7243110544,True,27080.7243110544,1.95996398454005,0,False,,
SARIMA-W60,2,2023Q2,2023Q4,129388.2,0.8,parametric,121802.079814484,141759.990834225,19957.9110197403,True,19957.9110197403,1.2815515655446,0,False,,
SARIMA-W60,2,2023Q2,2023Q4,129388.2,0.95,parametric,117007.122673421,147569.321623982,30562.198950561,True,30562.198950561,1.95996398454005,0,False,,
SARIMA-W60,2,2023Q3,2024Q1,120326.8,0.8,parametric,108247.500607469,125988.521535127,17741.0209276581,True,17741.0209276581,1.2815515655446,0,False,,
SARIMA-W60,2,2023Q3,2024Q1,120326.8,0.95,parametric,103985.24829672,131152.666217541,27167.4179208205,True,27167.4179208205,1.95996398454005,0,False,,
SARIMA-W60,2,2023Q4,2024Q2,115642.2,0.8,parametric,107871.489090758,125563.709721269,17692.2206305106,True,17692.2206305106,1.2815515655446,0,False,,
SARIMA-W60,2,2023Q4,2024Q2,115642.2,0.95,parametric,103621.240623158,130713.975840643,27092.7352174845,True,27092.7352174845,1.95996398454005,0,False,,
SARIMA-W60,2,2024Q1,2024Q3,117595,0.8,parametric,113432.47418297,132046.566359489,18614.0921765197,True,18614.0921765197,1.2815515655446,0,False,,
SARIMA-W60,2,2024Q1,2024Q3,117595,0.95,parametric,108960.975935746,137465.442107965,28504.4661722193,True,28504.4661722193,1.95996398454005,0,False,,
SARIMA-W60,2,2024Q2,2024Q4,134330.8,0.8,parametric,125204.675688405,145513.855115217,20309.1794268114,True,20309.1794268114,1.2815515655446,0,False,,
SARIMA-W60,2,2024Q2,2024Q4,134330.8,0.95,parametric,120320.871745512,151420.238014938,31099.3662694255,True,31099.3662694255,1.95996398454005,0,False,,
SARIMA-W60,2,2024Q3,2025Q1,124671.1,0.8,parametric,113324.472124229,131412.102773233,18087.6306490041,True,18087.6306490041,1.2815515655446,0,False,,
SARIMA-W60,2,2024Q3,2025Q1,124671.1,0.95,parametric,108968.616404803,136665.102933758,27696.4865289554,True,27696.4865289554,1.95996398454005,0,False,,
SARIMA-W60,2,2024Q4,2025Q2,120787.3,0.8,parametric,112058.27455716,129586.220187271,17527.9456301105,True,17527.9456301105,1.2815515655446,0,False,,
SARIMA-W60,2,2024Q4,2025Q2,120787.3,0.95,parametric,107829.707810904,134667.973561005,26838.2657501011,True,26838.2657501011,1.95996398454005,0,False,,
SARIMA-W60,2,2025Q1,2025Q3,120418.8,0.8,parametric,116223.061772154,134371.796701014,18148.7349288598,True,18148.7349288598,1.2815515655446,0,False,,
SARIMA-W60,2,2025Q1,2025Q3,120418.8,0.95,parametric,111844.088473989,139632.785616999,27788.6971430103,True,27788.6971430103,1.95996398454005,0,False,,
SARIMA-W60,2,2025Q2,2025Q4,135325.2,0.8,parametric,129992.789991291,150162.144388651,20169.3543973594,True,20169.3543973594,1.2815515655446,0,False,,
SARIMA-W60,2,2025Q2,2025Q4,135325.2,0.95,parametric,125123.574223446,156005.742493392,30882.1682699461,True,30882.1682699461,1.95996398454005,0,False,,
SARIMA-W60,2,2025Q3,2026Q1,127694.9,0.8,parametric,118059.77978861,136338.788343353,18279.0085547434,True,18279.0085547434,1.2815515655446,0,False,,
SARIMA-W60,2,2025Q3,2026Q1,127694.9,0.95,parametric,113646.115640568,141633.765815365,27987.6501747966,True,27987.6501747966,1.95996398454005,0,False,,
SARIMA-W60,2,2025Q4,2026Q2,121027.2,0.8,parametric,114729.194308776,132438.976742947,17709.7824341711,True,17709.7824341711,1.2815515655446,0,False,,
SARIMA-W60,2,2025Q4,2026Q2,121027.2,0.95,parametric,110451.863301768,137567.775160872,27115.9118591045,True,27115.9118591045,1.95996398454005,0,False,,
SARIMA,1,2004Q4,2005Q1,15112.2,0.8,calibrated,14778.9022191288,15527.1453496472,748.243130518427,True,748.243130518427,1.2815515655446,0,True,insufficient_history,
SARIMA,1,2004Q4,2005Q1,15112.2,0.95,calibrated,14586.9619869038,15731.4568359511,1144.49484904726,True,1144.49484904726,1.95996398454005,0,True,insufficient_history,
SARIMA,1,2005Q1,2005Q2,14497.5,0.8,calibrated,14280.6365647939,14997.2759766584,716.6394118645,True,716.6394118645,1.2815515655446,1,True,insufficient_history,2005Q1
SARIMA,1,2005Q1,2005Q2,14497.5,0.95,calibrated,14096.7536341858,15192.9056322012,1096.15199801532,True,1096.15199801532,1.95996398454005,1,True,insufficient_history,2005Q1
SARIMA,1,2005Q2,2005Q3,15470.9,0.8,calibrated,15004.8672374039,15747.279183766,742.41194636207,True,742.41194636207,1.2815515655446,2,True,insufficient_history,2005Q2
SARIMA,1,2005Q2,2005Q3,15470.9,0.95,calibrated,14814.2899804162,15949.8588062676,1135.56882585141,True,1135.56882585141,1.95996398454005,2,True,insufficient_history,2005Q2
SARIMA,1,2005Q3,2005Q4,22096,0.8,calibrated,17724.4659750878,18592.0777463698,867.611771282052,False,35906.8343075839,1.2815515655446,3,True,insufficient_history,2005Q3
SARIMA,1,2005Q3,2005Q4,22096,0.95,calibrated,17501.6785874644,18828.7453557597,1327.0667682953,False,132017.252537908,1.95996398454005,3,True,insufficient_history,2005Q3
SARIMA,1,2005Q4,2006Q1,18440.2,0.8,calibrated,20603.2919715808,22526.4376060938,1923.14563451305,False,23554.0653503209,1.2815515655446,4,True,insufficient_history,2005Q4
SARIMA,1,2005Q4,2006Q1,18440.2,0.95,calibrated,20122.3431130737,23064.8472928784,2942.5041798047,False,70228.2287027528,1.95996398454005,4,True,insufficient_history,2005Q4
SARIMA,1,2006Q1,2006Q2,18008,0.8,calibrated,18175.3330670671,20000.8439485995,1825.5108815324,False,3498.8415522032,1.2815515655446,5,True,insufficient_history,2006Q1
SARIMA,1,2006Q1,2006Q2,18008,0.95,calibrated,17720.6862993888,20513.9910636964,2793.30476430761,True,2793.30476430761,1.95996398454005,5,True,insufficient_history,2006Q1
SARIMA,1,2006Q2,2006Q3,18643.2,0.8,calibrated,18370.1756777329,20231.9202550836,1861.74457735077,True,1861.74457735077,1.2815515655446,6,True,insufficient_history,2006Q2
SARIMA,1,2006Q2,2006Q3,18643.2,0.95,calibrated,17906.7492149176,20755.522117557,2848.77290263945,True,2848.77290263945,1.95996398454005,6,True,insufficient_history,2006Q2
SARIMA,1,2006Q3,2006Q4,21318.6,0.8,calibrated,25386.3045522322,27946.1656982174,2559.86114598525,False,43236.9066683071,1.2815515655446,7,True,insufficient_history,2006Q3
SARIMA,1,2006Q3,2006Q4,21318.6,0.95,calibrated,24748.9137770385,28665.8994359706,3916.98565893211,False,141129.536740472,1.95996398454005,7,True,insufficient_history,2006Q3
SARIMA,1,2006Q4,2007Q1,21187.8,0.8,calibrated,18747.630864185,20825.0157028461,2077.38483866116,False,5705.22781019997,1.2815515655446,8,True,insufficient_history,2006Q4
SARIMA,1,2006Q4,2007Q1,21187.8,0.95,calibrated,18233.3511115756,21412.3945043735,3179.04339279788,True,3179.04339279788,1.95996398454005,8,True,insufficient_history,2006Q4
SARIMA,1,2007Q1,2007Q2,20856,0.8,calibrated,18990.3674568769,21076.2640024329,2085.89654555596,True,2085.89654555596,1.2815515655446,9,True,insufficient_history,2007Q1
SARIMA,1,2007Q1,2007Q2,20856,0.95,calibrated,18473.6920851486,21665.7285495255,3192.03646437683,True,3192.03646437683,1.95996398454005,9,True,insufficient_history,2007Q1
SARIMA,1,2007Q2,2007Q3,21783.2,0.8,calibrated,20562.5509792585,22818.5979730181,2256.04699375962,True,2256.04699375962,1.2815515655446,10,True,insufficient_history,2007Q2
SARIMA,1,2007Q2,2007Q3,21783.2,0.95,calibrated,20003.6896396543,23456.10197657,3452.41233691574,True,3452.41233691574,1.95996398454005,10,True,insufficient_history,2007Q2
SARIMA,1,2007Q3,2007Q4,25383,0.8,calibrated,25219.1203246605,27925.0389652816,2705.91864062118,True,2705.91864062118,1.2815515655446,11,True,insufficient_history,2007Q3
SARIMA,1,2007Q3,2007Q4,25383,0.95,calibrated,24547.8804344565,28688.6242425948,4140.74380813829,True,4140.74380813829,1.95996398454005,11,True,insufficient_history,2007Q3
SARIMA,1,2007Q4,2008Q1,25555.2,0.8,calibrated,22745.3573932366,25195.3398773805,2449.98248414397,False,6048.58371033874,1.2815515655446,12,True,insufficient_history,2007Q4
SARIMA,1,2007Q4,2008Q1,25555.2,0.95,calibrated,22137.7525095048,25886.8649791362,3749.11246963139,True,3749.11246963139,1.95996398454005,12,True,insufficient_history,2007Q4
SARIMA,1,2008Q1,2008Q2,25487.5,0.8,calibrated,23001.0048110025,25548.1820765493,2547.17726554683,True,2547.17726554683,1.2815515655446,13,True,insufficient_history,2008Q1
SARIMA,1,2008Q1,2008Q2,25487.5,0.95,calibrated,22370.3987641698,26268.3676339413,3897.96886977157,True,3897.96886977157,1.95996398454005,13,True,insufficient_history,2008Q1
SARIMA,1,2008Q2,2008Q3,26843,0.8,calibrated,25072.6423888536,27873.2880102798,2800.6456214262,True,2800.6456214262,1.2815515655446,14,True,insufficient_history,2008Q2
SARIMA,1,2008Q2,2008Q3,26843,0.95,calibrated,24379.6683092355,28665.5656516264,4285.89734239088,True,4285.89734239088,1.95996398454005,14,True,insufficient_history,2008Q2
SARIMA,1,2008Q3,2008Q4,30602,0.8,calibrated,30702.4826000392,34106.1429964775,3403.66039643835,False,4408.48639683026,1.2815515655446,15,True,insufficient_history,2008Q3
SARIMA,1,2008Q3,2008Q4,30602,0.95,calibrated,29859.8936277075,35068.5529881505,5208.659360443,True,5208.659360443,1.95996398454005,15,True,insufficient_history,2008Q3
SARIMA,1,2008Q4,2009Q1,29398,0.8,calibrated,28168.0284758906,31351.4462549509,3183.41777906037,True,3183.41777906037,1.2815515655446,16,True,insufficient_history,2008Q4
SARIMA,1,2008Q4,2009Q1,29398,0.95,calibrated,27380.9395102792,32252.6708967848,4871.7313865056,True,4871.7313865056,1.95996398454005,16,True,insufficient_history,2008Q4
SARIMA,1,2009Q1,2009Q2,29313.2,0.8,calibrated,27177.0034282168,30215.0232085826,3038.01978036586,True,3038.01978036586,1.2815515655446,17,True,insufficient_history,2009Q1
SARIMA,1,2009Q1,2009Q2,29313.2,0.95,calibrated,26425.331867224,31074.4929694448,4649.16110222082,True,4649.16110222082,1.95996398454005,17,True,insufficient_history,2009Q1
SARIMA,1,2009Q2,2009Q3,30964.9,0.8,calibrated,28985.5704140579,32215.6737197995,3230.10330574162,True,3230.10330574162,1.2815515655446,18,True,insufficient_history,2009Q2
SARIMA,1,2009Q2,2009Q3,30964.9,0.95,calibrated,28186.212929985,33129.3062094263,4943.09327944127,True,4943.09327944127,1.95996398454005,18,True,insufficient_history,2009Q2
SARIMA,1,2009Q3,2009Q4,35666.6,0.8,calibrated,34636.2729372802,38466.4409150728,3830.16797779258,True,3830.16797779258,1.2815515655446,19,True,insufficient_history,2009Q3
SARIMA,1,2009Q3,2009Q4,35666.6,0.95,calibrated,33687.949005921,39549.2805521065,5861.33154618555,True,5861.33154618555,1.95996398454005,19,True,insufficient_history,2009Q3
SARIMA,1,2009Q4,2010Q1,36374,0.8,calibrated,32195.4172463986,36995.4600467889,4800.04280039029,True,4800.04280039029,1.70278447106788,20,False,,2009Q4
SARIMA,1,2009Q4,2010Q1,36374,0.95,calibrated,22446.3196652752,53063.6777071061,30617.3580418309,True,30617.3580418309,10.5418898811487,20,False,,2009Q4
SARIMA,1,2010Q1,2010Q2,36295.4,0.8,calibrated,33072.7777125741,37832.3306063188,4759.55289374472,True,4759.55289374472,1.63687944019283,21,False,,2010Q1
SARIMA,1,2010Q1,2010Q2,36295.4,0.95,calibrated,27714.5310171327,45146.7232015548,17432.1921844221,True,17432.1921844221,5.94058848920299,21,False,,2010Q1
SARIMA,1,2010Q2,2010Q3,38359.1,0.8,calibrated,35559.5283668528,40654.6913493614,5095.16298250861,True,5095.16298250861,1.63687944019283,22,False,,2010Q2
SARIMA,1,2010Q2,2010Q3,38359.1,0.95,calibrated,29819.8462471662,48479.8492353276,18660.0029881614,True,18660.0029881614,5.94058848920299,22,False,,2010Q2
SARIMA,1,2010Q3,2010Q4,43525.2,0.8,calibrated,41666.0916713223,47587.7492240042,5921.65755268195,True,5921.65755268195,1.63687944019283,23,False,,2010Q3
SARIMA,1,2010Q3,2010Q4,43525.2,0.95,calibrated,34987.5549233543,56671.4514901907,21683.8965668364,True,21683.8965668364,5.94058848920299,23,False,,2010Q3
SARIMA,1,2010Q4,2011Q1,42921.8,0.8,calibrated,40412.8958076134,46135.0848763559,5722.18906874257,True,5722.18906874257,1.63687944019283,24,False,,2010Q4
SARIMA,1,2010Q4,2011Q1,42921.8,0.95,calibrated,33955.8883287816,54908.0725007341,20952.1841719525,True,20952.1841719525,5.94058848920299,24,False,,2010Q4
SARIMA,1,2011Q1,2011Q2,42910.9,0.8,calibrated,39866.680845348,45464.3807748427,5597.69992949472,True,5597.69992949472,1.63687944019283,25,False,,2011Q1
SARIMA,1,2011Q1,2011Q2,42910.9,0.95,calibrated,33542.6196748562,54036.147914252,20493.5282393958,True,20493.5282393958,5.94058848920299,25,False,,2011Q1
SARIMA,1,2011Q2,2011Q3,44978.1,0.8,calibrated,42401.7520632993,47898.4398421406,5496.68777884125,True,5496.68777884125,1.52924759530147,26,False,,2011Q2
SARIMA,1,2011Q2,2011Q3,44978.1,0.95,calibrated,35565.6445053635,57105.0461379666,21539.4016326031,True,21539.4016326031,5.94058848920299,26,False,,2011Q2
SARIMA,1,2011Q3,2011Q4,50415,0.8,calibrated,48683.8418487629,54943.0156900333,6259.17384127036,True,6259.17384127036,1.52924759530147,27,False,,2011Q3
SARIMA,1,2011Q3,2011Q4,50415,0.95,calibrated,40890.5502293562,65414.5535226219,24524.0032932657,True,24524.0032932657,5.94058848920299,27,False,,2011Q3
SARIMA,1,2011Q4,2012Q1,49318.8,0.8,calibrated,47129.7592329261,53173.8875386656,6044.12830573949,True,6044.12830573949,1.52924759530147,28,False,,2011Q4
SARIMA,1,2011Q4,2012Q1,49318.8,0.95,calibrated,39601.6099872374,63282.0867127282,23680.4767254908,True,23680.4767254908,5.94058848920299,28,False,,2011Q4
SARIMA,1,2012Q1,2012Q2,48902.8,0.8,calibrated,46400.5761957917,52311.1494579612,5910.57326216943,True,5910.57326216943,1.52924759530147,29,False,,2012Q1
SARIMA,1,2012Q1,2012Q2,48902.8,0.95,calibrated,39031.9529928795,62186.6775858327,23154.7245929532,True,23154.7245929532,5.94058848920299,29,False,,2012Q1
SARIMA,1,2012Q2,2012Q3,51200.4,0.8,calibrated,48426.5176988622,54546.5974839102,6120.07978504791,True,6120.07978504791,1.52924759530147,30,False,,2012Q2
SARIMA,1,2012Q2,2012Q3,51200.4,0.95,calibrated,40788.4832726095,64760.9706596059,23972.4873869965,True,23972.4873869965,5.94058848920299,30,False,,2012Q2
SARIMA,1,2012Q3,2012Q4,57744.7,0.8,calibrated,55186.7443964005,61309.606714627,6122.86231822653,True,6122.86231822653,1.36147091193878,31,False,,2012Q3
SARIMA,1,2012Q3,2012Q4,57744.7,0.95,calibrated,46237.3022538683,73176.3625876528,26939.0603337844,True,26939.0603337844,5.94058848920299,31,False,,2012Q3
SARIMA,1,2012Q4,2013Q1,55451,0.8,calibrated,53994.4950947318,59945.8277275032,5951.3326327714,True,5951.3326327714,1.36147091193878,32,False,,2012Q4
SARIMA,1,2012Q4,2013Q1,55451,0.95,calibrated,45288.2211394699,71469.9014389285,26181.6802994586,True,26181.6802994586,5.94058848920299,32,False,,2012Q4
SARIMA,1,2013Q1,2013Q2,55313.3,0.8,calibrated,52630.3637815299,58407.367624815,5777.00384328515,True,5777.00384328515,1.36147091193878,33,False,,2013Q1
SARIMA,1,2013Q1,2013Q2,55313.3,0.95,calibrated,44174.5212295156,69587.6473599818,25413.1261304662,True,25413.1261304662,5.94058848920299,33,False,,2013Q1
SARIMA,1,2013Q2,2013Q3,58052.7,0.8,calibrated,55005.9311376176,61001.5907066479,5995.65956903033,True,5995.65956903033,1.36147091193878,34,False,,2013Q2
SARIMA,1,2013Q2,2013Q3,58052.7,0.95,calibrated,46222.0144505825,72594.1813133748,26372.1668627923,True,26372.1668627923,5.94058848920299,34,False,,2013Q2
SARIMA,1,2013Q3,2013Q4,65563,0.8,calibrated,62325.8854854425,69070.0178953026,6744.13240986013,True,6744.13240986013,1.36147091193878,35,False,,2013Q3
SARIMA,1,2013Q3,2013Q4,65563,0.95,calibrated,52436.0555146962,82097.1368567869,29661.0813420908,True,29661.0813420908,5.94058848920299,35,False,,2013Q3
SARIMA,1,2013Q4,2014Q1,62081.2,0.8,calibrated,60902.192330054,67075.5675013223,6173.37517126822,True,6173.37517126822,1.28763593780333,36,False,,2013Q4
SARIMA,1,2013Q4,2014Q1,62081.2,0.95,calibrated,51153.1064036524,79859.2578205842,28706.1514169319,True,28706.1514169319,5.94058848920299,36,False,,2013Q4
SARIMA,1,2014Q1,2014Q2,62117.5,0.8,calibrated,59315.4184532329,65313.0209565354,5997.60250330243,True,5997.60250330243,1.28763593780333,37,False,,2014Q1
SARIMA,1,2014Q1,2014Q2,62117.5,0.95,calibrated,49840.9163560362,77728.6906365734,27887.7742805372,True,27887.7742805372,5.94058848920299,37,False,,2014Q1
SARIMA,1,2014Q2,2014Q3,64952.1,0.8,calibrated,61985.4040965343,68209.4078570424,6224.00376050813,True,6224.00376050813,1.28763593780333,38,False,,2014Q2
SARIMA,1,2014Q2,2014Q3,64952.1,0.95,calibrated,52144.5510613828,81082.0617522827,28937.5106908999,True,28937.5106908999,5.94058848920299,38,False,,2014Q2
SARIMA,1,2014Q3,2014Q4,73243.3,0.8,calibrated,69921.8838093333,76895.5812055285,6973.69739619528,True,6973.69739619528,1.28763593780333,39,False,,2014Q3
SARIMA,1,2014Q3,2014Q4,73243.3,0.95,calibrated,58886.2998853227,91306.1935454404,32419.8936601177,True,32419.8936601177,5.94058848920299,39,False,,2014Q3
SARIMA,1,2014Q4,2015Q1,70715.3,0.8,calibrated,67338.0852006488,74012.2442638352,6674.15906318642,True,6674.15906318642,1.28763593780333,40,False,,2014Q4
SARIMA,1,2014Q4,2015Q1,70715.3,0.95,calibrated,56768.2345518075,87792.8096492244,31024.5750974169,True,31024.5750974169,5.94058848920299,40,False,,2014Q4
SARIMA,1,2015Q1,2015Q2,70861.8,0.8,calibrated,67276.091350742,73899.1785673364,6623.08721659433,True,6623.08721659433,1.28763593780333,40,False,,2015Q1
SARIMA,1,2015Q1,2015Q2,70861.8,0.95,calibrated,56778.2861478903,87562.4860372023,30784.199889312,True,30784.199889312,5.94058848920299,40,False,,2015Q1
SARIMA,1,2015Q2,2015Q3,74502.8,0.8,calibrated,70700.876152136,77617.8066775114,6916.93052537547,True,6916.93052537547,1.28763593780333,40,False,,2015Q2
SARIMA,1,2015Q2,2015Q3,74502.8,0.95,calibrated,59728.840819782,91875.9992959662,32147.1584761843,True,32147.1584761843,5.94058848920299,40,False,,2015Q2
SARIMA,1,2015Q3,2015Q4,84850.9,0.8,calibrated,80034.114675414,87816.2425730716,7782.12789765757,True,7782.12789765757,1.28763593780333,40,False,,2015Q3
SARIMA,1,2015Q3,2015Q4,84850.9,0.95,calibrated,67680.3192695921,103845.479813138,36165.1605435463,True,36165.1605435463,5.94058848920299,40,False,,2015Q3
SARIMA,1,2015Q4,2016Q1,78024.4,0.8,calibrated,78154.932106803,85314.9989948853,7160.06688808228,False,8465.38795611245,1.22351835185024,40,False,,2015Q4
SARIMA,1,2015Q4,2016Q1,78024.4,0.95,calibrated,69581.2160140202,95827.4134328682,26246.197418848,True,26246.197418848,4.46731725556413,40,False,,2015Q4
SARIMA,1,2016Q1,2016Q2,78113.9,0.8,calibrated,75530.4999919776,82476.6640029846,6946.16401100706,True,6946.16401100706,1.22351835185024,40,False,,2016Q1
SARIMA,1,2016Q1,2016Q2,78113.9,0.95,calibrated,74240.1707686174,83910.1473679407,9669.97659932336,True,9669.97659932336,1.70278447106788,40,False,,2016Q1
SARIMA,1,2016Q2,2016Q3,82343.5,0.8,calibrated,78615.0213036413,85164.2154601592,6549.19415651789,True,6549.19415651789,1.11866357661535,40,False,,2016Q2
SARIMA,1,2016Q2,2016Q3,82343.5,0.95,calibrated,76989.6938417967,86962.1150392676,9972.4211974709,True,9972.4211974709,1.70278447106788,40,False,,2016Q2
SARIMA,1,2016Q3,2016Q4,93834.2,0.8,calibrated,89329.5865305066,96729.1407537793,7399.55422327272,True,7399.55422327272,1.11866357661535,40,False,,2016Q3
SARIMA,1,2016Q3,2016Q4,93834.2,0.95,calibrated,87492.7128368232,98759.9294709448,11267.2166341216,True,11267.2166341216,1.70278447106788,40,False,,2016Q3
SARIMA,1,2016Q4,2017Q1,85823.4,0.8,calibrated,85500.1077049588,91917.970587768,6417.86288280918,True,6417.86288280918,1.02316939794644,40,False,,2016Q4
SARIMA,1,2016Q4,2017Q1,85823.4,0.95,calibrated,83664.163904475,93935.0376374829,10270.8737330079,True,10270.8737330079,1.63687944019283,40,False,,2016Q4
SARIMA,1,2017Q1,2017Q2,86545.3,0.8,calibrated,83758.9824471477,89365.2899314451,5606.3074842974,True,5606.3074842974,0.916466958225879,40,False,,2017Q1
SARIMA,1,2017Q1,2017Q2,86545.3,0.95,calibrated,82451.794248715,90782.0844768193,8330.29022810428,True,8330.29022810428,1.36147091193878,40,False,,2017Q1
SARIMA,1,2017Q2,2017Q3,90809.7,0.8,calibrated,88413.6193189364,93371.8055330711,4958.18621413474,True,4958.18621413474,0.776211833982663,40,False,,2017Q2
SARIMA,1,2017Q2,2017Q3,90809.7,0.95,calibrated,86613.5076113866,95312.3767549326,8698.86914354595,True,8698.86914354595,1.36147091193878,40,False,,2017Q2
SARIMA,1,2017Q3,2017Q4,103083.2,0.8,calibrated,100076.872762415,105657.632088479,5580.7593260631,True,5580.7593260631,0.776211833982663,40,False,,2017Q3
SARIMA,1,2017Q3,2017Q4,103083.2,0.95,calibrated,98050.3124213411,107841.42489479,9791.11247344922,True,9791.11247344922,1.36147091193878,40,False,,2017Q3
SARIMA,1,2017Q4,2018Q1,90275.4,0.8,calibrated,93968.6848338447,98438.1481841046,4469.46335025986,False,41402.3116887069,0.66829115290848,40,False,,2017Q4
SARIMA,1,2017Q4,2018Q1,90275.4,0.95,calibrated,91731.2320486771,100839.192015113,9107.95996643564,False,67341.2419135218,1.36147091193878,40,False,,2017Q4
SARIMA,1,2018Q1,2018Q2,89742.5,0.8,calibrated,89936.0792570019,94266.9006024407,4330.82134543877,False,6266.61391545774,0.66829115290848,40,False,,2018Q1
SARIMA,1,2018Q1,2018Q2,89742.5,0.95,calibrated,87768.9638190472,96594.4574823973,8825.49366335006,True,8825.49366335006,1.36147091193878,40,False,,2018Q1
SARIMA,1,2018Q2,2018Q3,94281.4,0.8,calibrated,92525.8568746483,96969.2537072061,4443.39683255783,True,4443.39683255783,0.66829115290848,40,False,,2018Q2
SARIMA,1,2018Q2,2018Q3,94281.4,0.95,calibrated,90302.1973305561,99357.0871471855,9054.88981662941,True,9054.88981662941,1.36147091193878,40,False,,2018Q2
SARIMA,1,2018Q3,2018Q4,106687.6,0.8,calibrated,104350.471293718,109335.776875882,4985.30558216413,True,4985.30558216413,0.66829115290848,40,False,,2018Q3
SARIMA,1,2018Q3,2018Q4,106687.6,0.95,calibrated,101855.166941287,112014.345358048,10159.1784167607,True,10159.1784167607,1.36147091193878,40,False,,2018Q3
SARIMA,1,2018Q4,2019Q1,97789.7,0.8,calibrated,94719.0437865268,99063.9036913657,4344.85990483884,True,4344.85990483884,0.645666358499873,40,False,,2018Q4
SARIMA,1,2018Q4,2019Q1,97789.7,0.95,calibrated,92630.4982427326,101297.503623683,8667.00538095004,True,8667.00538095004,1.28763593780333,40,False,,2018Q4
SARIMA,1,2019Q1,2019Q2,97420,0.8,calibrated,95383.8396287649,99737.5703487427,4353.73071997779,True,4353.73071997779,0.645666358499873,40,False,,2019Q1
SARIMA,1,2019Q1,2019Q2,97420,0.95,calibrated,93290.6890218402,101975.368762471,8684.6797406305,True,8684.6797406305,1.28763593780333,40,False,,2019Q1
SARIMA,1,2019Q2,2019Q3,101464.5,0.8,calibrated,99986.3441167903,104526.62977998,4540.2856631897,True,4540.2856631897,0.645666358499873,40,False,,2019Q2
SARIMA,1,2019Q2,2019Q3,101464.5,0.95,calibrated,97803.1340813502,106859.92501893,9056.79093757978,True,9056.79093757978,1.28763593780333,40,False,,2019Q2
SARIMA,1,2019Q3,2019Q4,114974.8,0.8,calibrated,112349.065267666,117426.506712798,5077.4414451315,True,5077.4414451315,0.645666358499873,40,False,,2019Q3
SARIMA,1,2019Q3,2019Q4,114974.8,0.95,calibrated,109907.183846955,120035.449959313,10128.2661123576,True,10128.2661123576,1.28763593780333,40,False,,2019Q3
SARIMA,1,2019Q4,2020Q1,78579.7,0.8,calibrated,102651.069649682,107265.557960349,4614.48831066772,False,245328.184807484,0.645666358499873,40,False,,2019Q4
SARIMA,1,2019Q4,2020Q1,78579.7,0.95,calibrated,100431.451711553,109636.21528467,9204.76357311636,False,883274.83203525,1.28763593780333,40,False,,2019Q4
SARIMA,1,2020Q1,2020Q2,93676.5,0.8,calibrated,82250.1214649152,87090.8594440155,4840.73797910023,False,70697.1435389457,0.645666358499873,40,False,,2020Q1
SARIMA,1,2020Q1,2020Q2,93676.5,0.95,calibrated,78076.301837846,91746.5812178349,13670.2793799889,False,90867.0306665934,1.82163848333395,40,False,,2020Q1
SARIMA,1,2020Q2,2020Q3,101067.8,0.8,calibrated,88367.1134366579,93813.5950236357,5446.48158697782,False,77988.531350621,0.66829115290848,40,False,,2020Q2
SARIMA,1,2020Q2,2020Q3,101067.8,0.95,calibrated,82175.2890956187,100882.353863192,18707.0647675731,False,26124.9102399004,2.2917070774964,40,False,,2020Q2
SARIMA,1,2020Q3,2020Q4,118656.6,0.8,calibrated,107792.497262653,115113.518044479,7321.02078182588,False,42751.8403370359,0.729526859115847,40,False,,2020Q3
SARIMA,1,2020Q3,2020Q4,118656.6,0.95,calibrated,100283.835652582,123732.538728283,23448.7030757007,True,23448.7030757007,2.3327488720028,40,False,,2020Q3
SARIMA,1,2020Q4,2021Q1,105220.8,0.8,calibrated,88482.9295106848,94912.5539594113,6429.62444872654,False,109512.084854613,0.776211833982663,40,False,,2020Q4
SARIMA,1,2020Q4,2021Q1,105220.8,0.95,calibrated,82473.5344369661,101828.312306517,19354.7778695508,False,155054.285608874,2.3327488720028,40,False,,2020Q4
SARIMA,1,2021Q1,2021Q2,106683.5,0.8,calibrated,104400.797802172,113646.58006031,9245.78225813781,True,9245.78225813781,0.916466958225879,40,False,,2021Q1
SARIMA,1,2021Q1,2021Q2,106683.5,0.95,calibrated,94546.5337763154,125491.577024444,30945.0432481288,True,30945.0432481288,3.05805113672091,40,False,,2021Q1
SARIMA,1,2021Q2,2021Q3,106152.9,0.8,calibrated,108767.373925462,118360.918097569,9593.54417210714,False,35738.2834267228,0.916466958225879,40,False,,2021Q2
SARIMA,1,2021Q2,2021Q3,106152.9,0.95,calibrated,98538.8222183573,130647.048006637,32108.2257882795,True,32108.2257882795,3.05805113672091,40,False,,2021Q2
SARIMA,1,2021Q3,2021Q4,122766,0.8,calibrated,116883.437080309,131490.972188994,14607.5351086852,True,14607.5351086852,1.27018184119757,40,False,,2021Q3
SARIMA,1,2021Q3,2021Q4,122766,0.95,calibrated,107586.885508382,142853.068957773,35266.1834493912,True,35266.1834493912,3.05805113672091,40,False,,2021Q3
SARIMA,1,2021Q4,2022Q1,108659.1,0.8,calibrated,98716.9525141256,110997.052475658,12280.0999615322,True,12280.0999615322,1.27018184119757,40,False,,2021Q4
SARIMA,1,2021Q4,2022Q1,108659.1,0.95,calibrated,90898.1878952475,120544.655643463,29646.4677482158,True,29646.4677482158,3.05805113672091,40,False,,2021Q4
SARIMA,1,2022Q1,2022Q2,101772.6,0.8,calibrated,105734.235585094,118869.346210093,13135.1106249984,False,52751.4664759401,1.27018184119757,40,False,,2022Q1
SARIMA,1,2022Q1,2022Q2,101772.6,0.95,calibrated,97370.0037645008,129080.404335019,31710.4005705178,True,31710.4005705178,3.05805113672091,40,False,,2022Q1
SARIMA,1,2022Q2,2022Q3,109872.9,0.8,calibrated,101776.331432301,116075.641379455,14299.3099471541,True,14299.3099471541,1.40264401485913,40,False,,2022Q2
SARIMA,1,2022Q2,2022Q3,109872.9,0.95,calibrated,94179.268061083,125438.997259887,31259.7291988038,True,31259.7291988038,3.05805113672091,40,False,,2022Q2
SARIMA,1,2022Q3,2022Q4,119427.9,0.8,calibrated,117439.62641713,133834.296238766,16394.6698216364,True,16394.6698216364,1.40264401485913,40,False,,2022Q3
SARIMA,1,2022Q3,2022Q4,119427.9,0.95,calibrated,108723.825192069,144563.068162052,35839.2429699835,True,35839.2429699835,3.05805113672091,40,False,,2022Q3
SARIMA,1,2022Q4,2023Q1,114922.4,0.8,calibrated,98360.9739769961,112110.552036872,13749.5780598757,False,41868.0576911578,1.40264401485913,40,False,,2022Q4
SARIMA,1,2022Q4,2023Q1,114922.4,0.95,calibrated,91052.3245409542,121109.517489424,30057.1929484698,True,30057.1929484698,3.05805113672091,40,False,,2022Q4
SARIMA,1,2023Q1,2023Q2,112665.2,0.8,calibrated,104635.88026744,119924.515211366,15288.6349439264,True,15288.6349439264,1.44407188693267,40,False,,2023Q1
SARIMA,1,2023Q1,2023Q2,112665.2,0.95,calibrated,96957.7797607094,129421.354797486,32463.5750367767,True,32463.5750367767,3.05805113672091,40,False,,2023Q1
SARIMA,1,2023Q2,2023Q3,114519.4,0.8,calibrated,110178.793337968,126201.882718222,16023.0893802543,True,16023.0893802543,1.44407188693267,40,False,,2023Q2
SARIMA,1,2023Q2,2023Q3,114519.4,0.95,calibrated,102128.056482278,136150.355091565,34022.2986092874,True,34022.2986092874,3.05805113672091,40,False,,2023Q2
SARIMA,1,2023Q3,2023Q4,129388.2,0.8,calibrated,121386.957032363,138991.170322481,17604.2132901181,True,17604.2132901181,1.44407188693267,40,False,,2023Q3
SARIMA,1,2023Q3,2023Q4,129388.2,0.95,calibrated,112539.343387666,149918.372650305,37379.0292626395,True,37379.0292626395,3.05805113672091,40,False,,2023Q3
SARIMA,1,2023Q4,2024Q1,120326.8,0.8,calibrated,108837.17103997,124554.151803415,15716.980763445,True,15716.980763445,1.44407188693267,40,False,,2023Q4
SARIMA,1,2023Q4,2024Q1,120326.8,0.95,calibrated,100934.698047601,134305.860975318,33371.1629277169,True,33371.1629277169,3.05805113672091,40,False,,2023Q4
SARIMA,1,2024Q1,2024Q2,115642.2,0.8,calibrated,110816.244294674,126789.974274191,15973.7299795165,True,15973.7299795165,1.44407188693267,40,False,,2024Q1
SARIMA,1,2024Q1,2024Q2,115642.2,0.95,calibrated,102783.230003723,136699.233549823,33916.0035461,True,33916.0035461,3.05805113672091,40,False,,2024Q1
SARIMA,1,2024Q2,2024Q3,117595,0.8,calibrated,113100.310686107,129348.942715089,16248.6320289817,True,16248.6320289817,1.44407188693267,40,False,,2024Q2
SARIMA,1,2024Q2,2024Q3,117595,0.95,calibrated,104926.349419448,139425.470236406,34499.1208169577,True,34499.1208169577,3.05805113672091,40,False,,2024Q2
SARIMA,1,2024Q3,2024Q4,134330.8,0.8,calibrated,124688.212928387,142556.473679966,17868.2607515792,True,17868.2607515792,1.44407188693267,40,False,,2024Q3
SARIMA,1,2024Q3,2024Q4,134330.8,0.95,calibrated,115697.247829062,153634.699857248,37937.4520281862,True,37937.4520281862,3.05805113672091,40,False,,2024Q3
SARIMA,1,2024Q4,2025Q1,124671.1,0.8,calibrated,114260.548764196,130562.571847678,16302.023083482,True,16302.023083482,1.44407188693267,40,False,,2024Q4
SARIMA,1,2024Q4,2025Q1,124671.1,0.95,calibrated,106054.128310001,140665.444571607,34611.3162616055,True,34611.3162616055,3.05805113672091,40,False,,2024Q4
SARIMA,1,2025Q1,2025Q2,120787.3,0.8,calibrated,113883.351505101,130078.666200052,16195.3146949519,True,16195.3146949519,1.44407188693267,40,False,,2025Q1
SARIMA,1,2025Q1,2025Q2,120787.3,0.95,calibrated,105728.038982864,140112.259800602,34384.2208177376,True,34384.2208177376,3.05805113672091,40,False,,2025Q1
SARIMA,1,2025Q2,2025Q3,120418.8,0.8,calibrated,116636.791561135,133151.111611074,16514.3200499386,True,16514.3200499386,1.44407188693267,40,False,,2025Q2
SARIMA,1,2025Q2,2025Q3,120418.8,0.95,calibrated,108317.2743413,143378.039611479,35060.7652701789,True,35060.7652701789,3.05805113672091,40,False,,2025Q2
SARIMA,1,2025Q3,2025Q4,135325.2,0.8,calibrated,128619.633205218,146799.778255688,18180.1450504702,True,18180.1450504702,1.44407188693267,40,False,,2025Q3
SARIMA,1,2025Q3,2025Q4,135325.2,0.95,calibrated,119459.401348025,158056.489659164,38597.0883111389,True,38597.0883111389,3.05805113672091,40,False,,2025Q3
SARIMA,1,2025Q4,2026Q1,127694.9,0.8,calibrated,117192.043922171,133698.295431073,16506.2515089018,True,16506.2515089018,1.44407188693267,40,False,,2025Q4
SARIMA,1,2025Q4,2026Q1,127694.9,0.95,calibrated,108872.348755265,143915.114256411,35042.7655011459,True,35042.7655011459,3.05805113672091,40,False,,2025Q4
SARIMA,1,2026Q1,2026Q2,121027.2,0.8,calibrated,116078.237823496,132374.87589751,16296.6380740142,True,16296.6380740142,1.44407188693267,40,False,,2026Q1
SARIMA,1,2026Q1,2026Q2,121027.2,0.95,calibrated,107861.619664781,142458.850275398,34597.2306106161,True,34597.2306106161,3.05805113672091,40,False,,2026Q1
SARIMA,2,2004Q3,2005Q1,15112.2,0.8,calibrated,14612.8106053292,15696.8429174918,1084.03231216267,True,1084.03231216267,1.2815515655446,0,True,insufficient_history,
SARIMA,2,2004Q3,2005Q1,15112.2,0.95,calibrated,14338.6333100884,15996.9913236798,1658.35801359139,True,1658.35801359139,1.95996398454005,0,True,insufficient_history,
SARIMA,2,2004Q4,2005Q2,14497.5,0.8,calibrated,14145.9857335607,15212.6935049413,1066.70777138057,True,1066.70777138057,1.2815515655446,0,True,insufficient_history,
SARIMA,2,2004Q4,2005Q2,14497.5,0.95,calibrated,13876.3860597114,15508.255850184,1631.86979047254,True,1631.86979047254,1.95996398454005,0,True,insufficient_history,
SARIMA,2,2005Q1,2005Q3,15470.9,0.8,calibrated,14999.7797240939,16075.25519497,1075.47547087611,True,1075.47547087611,1.2815515655446,1,True,insufficient_history,2005Q1
SARIMA,2,2005Q1,2005Q3,15470.9,0.95,calibrated,14727.3646631339,16372.6024613718,1645.23779823797,True,1645.23779823797,1.95996398454005,1,True,insufficient_history,2005Q1
SARIMA,2,2005Q2,2005Q4,22096,0.8,calibrated,17401.4315052487,18684.8387424209,1283.40723717216,False,35395.0198129633,1.2815515655446,2,True,insufficient_history,2005Q2
SARIMA,2,2005Q2,2005Q4,22096,0.95,calibrated,17076.744544429,19040.1010401556,1963.35649572663,False,124199.314889501,1.95996398454005,2,True,insufficient_history,2005Q2
SARIMA,2,2005Q3,2006Q1,18440.2,0.8,calibrated,17104.5704235822,18300.5376151866,1195.96719160442,False,2592.59103973839,1.2815515655446,3,True,insufficient_history,2005Q3
SARIMA,2,2005Q3,2006Q1,18440.2,0.95,calibrated,16801.3141355297,18630.8542238625,1829.54008833284,True,1829.54008833284,1.95996398454005,3,True,insufficient_history,2005Q3
SARIMA,2,2005Q4,2006Q2,18008,0.8,calibrated,19426.1498544257,22039.2013598093,2613.05150538361,False,16794.5500496402,1.2815515655446,4,True,insufficient_history,2005Q4
SARIMA,2,2005Q4,2006Q2,18008,0.95,calibrated,18787.9604501522,22787.8289090207,3999.86845886843,False,35198.2864649582,1.95996398454005,4,True,insufficient_history,2005Q4
SARIMA,2,2006Q1,2006Q3,18643.2,0.8,calibrated,18579.3999615405,20701.0014069707,2121.60144543026,True,2121.60144543026,1.2815515655446,5,True,insufficient_history,2006Q1
SARIMA,2,2006Q1,2006Q3,18643.2,0.95,calibrated,18055.1961060436,21302.0220043902,3246.82589834665,True,3246.82589834665,1.95996398454005,5,True,insufficient_history,2006Q1
SARIMA,2,2006Q2,2006Q4,21318.6,0.8,calibrated,25736.378093234,28836.5846984398,3100.20660520583,False,47277.9875375458,1.2815515655446,6,True,insufficient_history,2006Q2
SARIMA,2,2006Q2,2006Q4,21318.6,0.95,calibrated,24973.1308240217,29717.9096984804,4744.7788744587,False,150926.011835326,1.95996398454005,6,True,insufficient_history,2006Q2
SARIMA,2,2006Q3,2007Q1,21187.8,0.8,calibrated,21030.690506813,23553.398287192,2522.707780379,True,2522.707780379,1.2815515655446,7,True,insufficient_history,2006Q3
SARIMA,2,2006Q3,2007Q1,21187.8,0.95,calibrated,20409.438998331,24270.3500964501,3860.91109811908,True,3860.91109811908,1.95996398454005,7,True,insufficient_history,2006Q3
SARIMA,2,2006Q4,2007Q2,20856,0.8,calibrated,17687.2127166469,20519.3720997488,2832.15938310192,False,6198.43838561402,1.2815515655446,8,True,insufficient_history,2006Q4
SARIMA,2,2006Q4,2007Q2,20856,0.95,calibrated,17005.368391212,21342.1133133369,4336.7449221249,True,4336.7449221249,1.95996398454005,8,True,insufficient_history,2006Q4
SARIMA,2,2007Q1,2007Q3,21783.2,0.8,calibrated,19678.0588550376,22398.7261248123,2720.66726977463,True,2720.66726977463,1.2815515655446,9,True,insufficient_history,2007Q1
SARIMA,2,2007Q1,2007Q3,21783.2,0.95,calibrated,19014.9918946641,23179.7864234489,4164.79452878474,True,4164.79452878474,1.95996398454005,9,True,insufficient_history,2007Q1
SARIMA,2,2007Q2,2007Q4,25383,0.8,calibrated,24751.9345952851,28240.2060954892,3488.27150020409,True,3488.27150020409,1.2815515655446,10,True,insufficient_history,2007Q2
SARIMA,2,2007Q2,2007Q4,25383,0.95,calibrated,23903.0699771959,29243.094502078,5340.0245248821,True,5340.0245248821,1.95996398454005,10,True,insufficient_history,2007Q2
SARIMA,2,2007Q3,2008Q1,25555.2,0.8,calibrated,23234.2031962409,26441.183868446,3206.98067220509,True,3206.98067220509,1.2815515655446,11,True,insufficient_history,2007Q3
SARIMA,2,2007Q3,2008Q1,25555.2,0.95,calibrated,22452.5127648995,27361.7409855814,4909.22822068196,True,4909.22822068196,1.95996398454005,11,True,insufficient_history,2007Q3
SARIMA,2,2007Q4,2008Q2,25487.5,0.8,calibrated,21655.7855627167,24655.8144106568,3000.02884794017,False,11316.8847413718,1.2815515655446,12,True,insufficient_history,2007Q4
SARIMA,2,2007Q4,2008Q2,25487.5,0.95,calibrated,20924.7468816779,25517.2037573775,4592.45687569963,True,4592.45687569963,1.95996398454005,12,True,insufficient_history,2007Q4
SARIMA,2,2008Q1,2008Q3,26843,0.8,calibrated,23835.5547220084,27161.9754157743,3326.42069376592,True,3326.42069376592,1.2815515655446,13,True,insufficient_history,2008Q1
SARIMA,2,2008Q1,2008Q3,26843,0.95,calibrated,23025.4500861644,28117.6154627944,5092.16537662998,True,5092.16537662998,1.95996398454005,13,True,insufficient_history,2008Q1
SARIMA,2,2008Q2,2008Q4,30602,0.8,calibrated,29907.3373315671,34202.456580288,4295.11924872089,True,4295.11924872089,1.2815515655446,14,True,insufficient_history,2008Q2
SARIMA,2,2008Q2,2008Q4,30602,0.95,calibrated,28863.7054451966,35439.122965592,6575.41752039537,True,6575.41752039537,1.95996398454005,14,True,insufficient_history,2008Q2
SARIMA,2,2008Q3,2009Q1,29398,0.8,calibrated,28809.374322125,32923.8086013591,4114.4342792341,True,4114.4342792341,1.2815515655446,15,True,insufficient_history,2008Q3
SARIMA,2,2008Q3,2009Q1,29398,0.95,calibrated,27809.1965847567,34107.9370349905,6298.74045023382,True,6298.74045023382,1.95996398454005,15,True,insufficient_history,2008Q3
SARIMA,2,2008Q4,2009Q2,29313.2,0.8,calibrated,27054.4485769654,30954.1143813683,3899.6658044029,True,3899.6658044029,1.2815515655446,16,True,insufficient_history,2008Q4
SARIMA,2,2008Q4,2009Q2,29313.2,0.95,calibrated,26107.1849549915,32077.2422312087,5970.05727621715,True,5970.05727621715,1.95996398454005,16,True,insufficient_history,2008Q4
SARIMA,2,2009Q1,2009Q3,30964.9,0.8,calibrated,28066.2345108402,32089.9690561842,4023.73454534395,True,4023.73454534395,1.2815515655446,17,True,insufficient_history,2009Q1
SARIMA,2,2009Q1,2009Q3,30964.9,0.95,calibrated,27088.4073180163,33248.3407534063,6159.93343539004,True,6159.93343539004,1.95996398454005,17,True,insufficient_history,2009Q1
SARIMA,2,2009Q2,2009Q4,35666.6,0.8,calibrated,33814.97864266,38627.3167169436,4812.33807428362,True,4812.33807428362,1.2815515655446,18,True,insufficient_history,2009Q2
SARIMA,2,2009Q2,2009Q4,35666.6,0.95,calibrated,32644.8171121531,40011.922423068,7367.10531091495,True,7367.10531091495,1.95996398454005,18,True,insufficient_history,2009Q2
SARIMA,2,2009Q3,2010Q1,36374,0.8,calibrated,32835.1262998248,37473.1590945594,4638.03279473456,True,4638.03279473456,1.2815515655446,19,True,insufficient_history,2009Q3
SARIMA,2,2009Q3,2010Q1,36374,0.95,calibrated,31706.6745504518,38806.8420661842,7100.16751573242,True,7100.16751573242,1.95996398454005,19,True,insufficient_history,2009Q3
SARIMA,2,2009Q4,2010Q2,36295.4,0.8,calibrated,30758.2869516587,37507.054798653,6748.7678469943,True,6748.7678469943,1.93695364361703,20,False,,2009Q4
SARIMA,2,2009Q4,2010Q2,36295.4,0.95,calibrated,23346.4016430548,49414.585247305,26068.1836042501,True,26068.1836042501,7.32134993096834,20,False,,2009Q4
SARIMA,2,2010Q1,2010Q3,38359.1,0.8,calibrated,34407.0717284678,40406.5379495565,5999.46622108879,True,5999.46622108879,1.56987579967214,21,False,,2010Q1
SARIMA,2,2010Q1,2010Q3,38359.1,0.95,calibrated,28099.9982866482,49475.8268433787,21375.8285567304,True,21375.8285567304,5.52544416890264,21,False,,2010Q1
SARIMA,2,2010Q2,2010Q4,43525.2,0.8,calibrated,40814.9389778772,47936.5830852278,7121.64410735053,True,7121.64410735053,1.56987579967214,22,False,,2010Q2
SARIMA,2,2010Q2,2010Q4,43525.2,0.95,calibrated,33329.0017975297,58703.4896909672,25374.4878934374,True,25374.4878934374,5.52544416890264,22,False,,2010Q2
SARIMA,2,2010Q3,2011Q1,42921.8,0.8,calibrated,40507.2010737463,47517.4603165393,7010.25924279303,True,7010.25924279303,1.56987579967214,23,False,,2010Q3
SARIMA,2,2010Q3,2011Q1,42921.8,0.95,calibrated,33128.3072725457,58101.3483037495,24973.0410312038,True,24973.0410312038,5.52544416890264,23,False,,2010Q3
SARIMA,2,2010Q4,2011Q2,42910.9,0.8,calibrated,39512.8834537399,46308.2503608527,6795.3669071128,True,6795.3669071128,1.56987579967214,24,False,,2010Q4
SARIMA,2,2010Q4,2011Q2,42910.9,0.95,calibrated,32352.761056548,56556.9194003815,24204.1583438335,True,24204.1583438335,5.52544416890264,24,False,,2010Q4
SARIMA,2,2011Q1,2011Q3,44978.1,0.8,calibrated,41402.2413317379,48469.157297806,7066.91596606802,True,7066.91596606802,1.56987579967214,25,False,,2011Q1
SARIMA,2,2011Q1,2011Q3,44978.1,0.95,calibrated,33946.7905968794,59114.034414028,25167.2438171486,True,25167.2438171486,5.52544416890264,25,False,,2011Q1
SARIMA,2,2011Q2,2011Q4,50415,0.8,calibrated,47904.9581936332,55973.9807088424,8069.02251520915,True,8069.02251520915,1.56235797811767,26,False,,2011Q2
SARIMA,2,2011Q2,2011Q4,50415,0.95,calibrated,39322.029693728,68191.5767490513,28869.5470553234,True,28869.5470553234,5.52544416890264,26,False,,2011Q2
SARIMA,2,2011Q3,2012Q1,49318.8,0.8,calibrated,47211.9794069166,55097.7636736586,7885.784266742,True,7885.784266742,1.56235797811767,27,False,,2011Q3
SARIMA,2,2011Q3,2012Q1,49318.8,0.95,calibrated,38812.5535868727,67021.4722694189,28208.9186825462,True,28208.9186825462,5.52544416890264,27,False,,2011Q3
SARIMA,2,2011Q4,2012Q2,48902.8,0.8,calibrated,46136.2783917314,53832.4856822441,7696.20729051268,True,7696.20729051268,1.56235797811767,28,False,,2011Q4
SARIMA,2,2011Q4,2012Q2,48902.8,0.95,calibrated,37937.0790672444,65467.0999196488,27530.0208524044,True,27530.0208524044,5.52544416890264,28,False,,2011Q4
SARIMA,2,2012Q1,2012Q3,51200.4,0.8,calibrated,47905.2044205231,55855.7010491492,7950.4966286261,True,7950.4966286261,1.56235797811767,29,False,,2012Q1
SARIMA,2,2012Q1,2012Q3,51200.4,0.95,calibrated,39428.1284910913,67864.7168712485,28436.5883801572,True,28436.5883801572,5.52544416890264,29,False,,2012Q1
SARIMA,2,2012Q2,2012Q4,57744.7,0.8,calibrated,54056.444086709,62941.7986781663,8885.35459145728,True,8885.35459145728,1.56235797811767,30,False,,2012Q2
SARIMA,2,2012Q2,2012Q4,57744.7,0.95,calibrated,44568.0068537088,76341.9784988669,31773.9716451581,True,31773.9716451581,5.52544416890264,30,False,,2012Q2
SARIMA,2,2012Q3,2013Q1,55451,0.8,calibrated,53731.53334474,60903.1433989201,7171.61005418011,True,7171.61005418011,1.2956684044545,31,False,,2012Q3
SARIMA,2,2012Q3,2013Q1,55451,0.95,calibrated,43794.1747017953,74722.7069038569,30928.5322020616,True,30928.5322020616,5.52544416890264,31,False,,2012Q3
SARIMA,2,2012Q4,2013Q2,55313.3,0.8,calibrated,53116.2149058623,60157.3548139064,7041.13990804419,True,7041.13990804419,1.2956684044545,32,False,,2012Q4
SARIMA,2,2012Q4,2013Q2,55313.3,0.95,calibrated,43349.4578677663,73710.9791825018,30361.5213147356,True,30361.5213147356,5.52544416890264,32,False,,2012Q4
SARIMA,2,2013Q1,2013Q3,58052.7,0.8,calibrated,54537.2957970916,61742.4216507919,7205.12585370023,True,7205.12585370023,1.2956684044545,33,False,,2013Q1
SARIMA,2,2013Q1,2013Q3,58052.7,0.95,calibrated,44537.944777798,75604.402708689,31066.457930891,True,31066.457930891,5.52544416890264,33,False,,2013Q1
SARIMA,2,2013Q2,2013Q4,65563,0.8,calibrated,61578.3688694324,69656.5704339734,8078.20156454099,True,8078.20156454099,1.2956684044545,34,False,,2013Q2
SARIMA,2,2013Q2,2013Q4,65563,0.95,calibrated,50355.4048544559,85181.2829379577,34825.8780835018,True,34825.8780835018,5.52544416890264,34,False,,2013Q2
SARIMA,2,2013Q3,2014Q1,62081.2,0.8,calibrated,60151.8210942733,67987.2163984414,7835.39530416814,True,7835.39530416814,1.2956684044545,35,False,,2013Q3
SARIMA,2,2013Q3,2014Q1,62081.2,0.95,calibrated,49254.6056470202,83028.8827567559,33774.2771097357,True,33774.2771097357,5.52544416890264,35,False,,2013Q3
SARIMA,2,2013Q4,2014Q2,62117.5,0.8,calibrated,60131.3543436458,67303.2256275283,7171.87128388241,True,7171.87128388241,1.20029284045579,36,False,,2013Q4
SARIMA,2,2013Q4,2014Q2,62117.5,0.95,calibrated,49083.4023868133,82452.1918180334,33368.7894312202,True,33368.7894312202,5.52544416890264,36,False,,2013Q4
SARIMA,2,2014Q1,2014Q3,64952.1,0.8,calibrated,61561.5899261893,68882.7587162744,7321.16879008509,True,7321.16879008509,1.20029284045579,37,False,,2014Q1
SARIMA,2,2014Q1,2014Q3,64952.1,0.95,calibrated,50278.8425156832,84340.2897302816,34061.4472145984,True,34061.4472145984,5.52544416890264,37,False,,2014Q1
SARIMA,2,2014Q2,2014Q4,73243.3,0.8,calibrated,69397.3737118515,77594.0449940038,8196.67128215225,True,8196.67128215225,1.20029284045579,38,False,,2014Q2
SARIMA,2,2014Q2,2014Q4,73243.3,0.95,calibrated,56752.7149257573,94882.2086363166,38129.4937105594,True,38129.4937105594,5.52544416890264,38,False,,2014Q2
SARIMA,2,2014Q3,2015Q1,70715.3,0.8,calibrated,66846.0054834987,74687.6705705998,7841.66508710112,True,7841.66508710112,1.20029284045579,39,False,,2014Q3
SARIMA,2,2014Q3,2015Q1,70715.3,0.95,calibrated,54737.0042118261,91210.1878500941,36473.1836382679,True,36473.1836382679,5.52544416890264,39,False,,2014Q3
SARIMA,2,2014Q4,2015Q2,70861.8,0.8,calibrated,66644.5721913177,74411.9314932553,7767.35930193758,True,7767.35930193758,1.20029284045579,40,False,,2014Q4
SARIMA,2,2014Q4,2015Q2,70861.8,0.95,calibrated,54639.0378764577,90762.0546231175,36123.0167466599,True,36123.0167466599,5.52544416890264,40,False,,2014Q4
SARIMA,2,2015Q1,2015Q3,74502.8,0.8,calibrated,69866.6566405002,77955.8641235332,8089.20748303295,True,8089.20748303295,1.20029284045579,40,False,,2015Q1
SARIMA,2,2015Q1,2015Q3,74502.8,0.95,calibrated,57351.7753691213,94966.8176229613,37615.04225384,True,37615.04225384,5.52544416890264,40,False,,2015Q1
SARIMA,2,2015Q2,2015Q4,84850.9,0.8,calibrated,79047.9627436091,88142.3396978213,9094.37695421225,True,9094.37695421225,1.20029284045579,40,False,,2015Q2
SARIMA,2,2015Q2,2015Q4,84850.9,0.95,calibrated,64965.2265790304,107249.258587468,42284.032008438,True,42284.032008438,5.52544416890264,40,False,,2015Q2
SARIMA,2,2015Q3,2016Q1,78024.4,0.8,calibrated,76649.2354738223,85411.7142765376,8762.47880271537,True,8762.47880271537,1.20029284045579,40,False,,2015Q3
SARIMA,2,2015Q3,2016Q1,78024.4,0.95,calibrated,63068.1795803511,103804.210671158,40736.0310908065,True,40736.0310908065,5.52544416890264,40,False,,2015Q3
SARIMA,2,2015Q4,2016Q2,78113.9,0.8,calibrated,77675.9657890073,85835.0678941313,8159.10210512397,True,8159.10210512397,1.11316143651126,40,False,,2015Q4
SARIMA,2,2015Q4,2016Q2,78113.9,0.95,calibrated,71946.4093192323,92670.6677974461,20724.2584782138,True,20724.2584782138,2.82108674344991,40,False,,2015Q4
SARIMA,2,2016Q1,2016Q3,82343.5,0.8,calibrated,78662.6891858141,86439.1500955571,7776.46090974293,True,7776.46090974293,1.04978569154732,40,False,,2016Q1
SARIMA,2,2016Q1,2016Q3,82343.5,0.95,calibrated,72648.7875664496,93594.6245659422,20945.8369994926,True,20945.8369994926,2.82108674344991,40,False,,2016Q1
SARIMA,2,2016Q2,2016Q4,93834.2,0.8,calibrated,88463.3740284429,96640.1397901311,8176.76576168824,True,8176.76576168824,0.98784650776134,40,False,,2016Q2
SARIMA,2,2016Q2,2016Q4,93834.2,0.95,calibrated,84785.0547082216,100832.780751704,16047.7260434827,True,16047.7260434827,1.93695364361703,40,False,,2016Q2
SARIMA,2,2016Q3,2017Q1,85823.4,0.8,calibrated,84578.4358567072,91594.2685948667,7015.83273815952,True,7015.83273815952,0.893216750831341,40,False,,2016Q3
SARIMA,2,2016Q3,2017Q1,85823.4,0.95,calibrated,80730.8065785326,95959.6503431063,15228.8437645737,True,15228.8437645737,1.93695364361703,40,False,,2016Q3
SARIMA,2,2016Q4,2017Q2,86545.3,0.8,calibrated,85404.5392004629,92036.3484469308,6631.80924646792,True,6631.80924646792,0.842985691491156,40,False,,2016Q4
SARIMA,2,2016Q4,2017Q2,86545.3,0.95,calibrated,82722.3798495538,95020.5004147467,12298.1205651929,True,12298.1205651929,1.56235797811767,40,False,,2016Q4
SARIMA,2,2017Q1,2017Q3,90809.7,0.8,calibrated,87655.9245708968,94129.3073500683,6473.3827791715,True,6473.3827791715,0.805931194960592,40,False,,2017Q1
SARIMA,2,2017Q1,2017Q3,90809.7,0.95,calibrated,84773.4460340755,97329.9051883745,12556.459154299,True,12556.459154299,1.56235797811767,40,False,,2017Q1
SARIMA,2,2017Q2,2017Q4,103083.2,0.8,calibrated,99349.2491259245,106513.472861464,7164.22373553972,True,7164.22373553972,0.792115843645961,40,False,,2017Q2
SARIMA,2,2017Q2,2017Q4,103083.2,0.95,calibrated,97174.593559366,108897.121798778,11722.5282394118,True,11722.5282394118,1.2956684044545,40,False,,2017Q2
SARIMA,2,2017Q3,2018Q1,90275.4,0.8,calibrated,92732.2012431093,99381.4016663258,6649.20042321655,False,31217.2128543093,0.792115843645961,40,False,,2017Q3
SARIMA,2,2017Q3,2018Q1,90275.4,0.95,calibrated,90713.3672158352,101593.14356854,10879.7763527045,False,28398.4649861109,1.2956684044545,40,False,,2017Q3
SARIMA,2,2017Q4,2018Q2,89742.5,0.8,calibrated,93612.6510891081,99522.4144022951,5909.76331318695,False,44611.2742042682,0.704032329332283,40,False,,2017Q4
SARIMA,2,2017Q4,2018Q2,89742.5,0.95,calibrated,91235.4406309121,102115.548415854,10880.1077849418,False,70597.7330214274,1.2956684044545,40,False,,2017Q4
SARIMA,2,2018Q1,2018Q3,94281.4,0.8,calibrated,93235.6201320268,100061.40362453,6825.7834925034,True,6825.7834925034,0.805931194960592,40,False,,2018Q1
SARIMA,2,2018Q1,2018Q3,94281.4,0.95,calibrated,90813.6387063558,102730.02107514,11916.3823687845,True,11916.3823687845,1.40638805649806,40,False,,2018Q1
SARIMA,2,2018Q2,2018Q4,106687.6,0.8,calibrated,103460.396425099,111056.63722468,7596.2407995812,True,7596.2407995812,0.805931194960592,40,False,,2018Q2
SARIMA,2,2018Q2,2018Q4,106687.6,0.95,calibrated,100765.402398581,114026.872710286,13261.4703117054,True,13261.4703117054,1.40638805649806,40,False,,2018Q2
SARIMA,2,2018Q3,2019Q1,97789.7,0.8,calibrated,94009.5595089208,99984.4086852317,5974.84917631089,True,5974.84917631089,0.704032329332283,40,False,,2018Q3
SARIMA,2,2018Q3,2019Q1,97789.7,0.95,calibrated,91164.0790855198,103105.195736591,11941.116651071,True,11941.116651071,1.40638805649806,40,False,,2018Q3
SARIMA,2,2018Q4,2019Q2,97420,0.8,calibrated,94000.6960403038,99727.157998012,5726.46195770828,True,5726.46195770828,0.679174168042898,40,False,,2018Q4
SARIMA,2,2018Q4,2019Q2,97420,0.95,calibrated,91071.3119243856,102934.964566205,11863.6526418199,True,11863.6526418199,1.40638805649806,40,False,,2018Q4
SARIMA,2,2019Q1,2019Q3,101464.5,0.8,calibrated,99506.3903693673,105221.427258466,5715.03688909864,True,5715.03688909864,0.644141792788781,40,False,,2019Q1
SARIMA,2,2019Q1,2019Q3,101464.5,0.95,calibrated,96272.2075666317,108756.251473264,12484.0439066327,True,12484.0439066327,1.40638805649806,40,False,,2019Q1
SARIMA,2,2019Q2,2019Q4,114974.8,0.8,calibrated,112349.82916977,118768.73807069,6418.9089009204,True,6418.9089009204,0.644141792788781,40,False,,2019Q2
SARIMA,2,2019Q2,2019Q4,114974.8,0.95,calibrated,108716.494621363,122738.021304166,14021.5266828032,True,14021.5266828032,1.40638805649806,40,False,,2019Q2
SARIMA,2,2019Q3,2020Q1,78579.7,0.8,calibrated,101994.995139336,107793.715810041,5798.72067070403,False,239951.672064069,0.644141792788781,40,False,,2019Q3
SARIMA,2,2019Q3,2020Q1,78579.7,0.95,calibrated,98712.0143068256,111378.737403962,12666.7230971367,False,817959.295370161,1.40638805649806,40,False,,2019Q3
SARIMA,2,2019Q4,2020Q2,93676.5,0.8,calibrated,101893.074013939,107655.176833058,5762.10281911906,False,87927.8429585041,0.644141792788781,40,False,,2019Q4
SARIMA,2,2019Q4,2020Q2,93676.5,0.95,calibrated,98630.0784934079,111216.751204021,12586.6727106127,False,210729.812446928,1.40638805649806,40,False,,2019Q4
SARIMA,2,2020Q1,2020Q3,101067.8,0.8,calibrated,83594.5746634747,89728.6442678174,6134.06960434267,False,119525.626926169,0.644141792788781,40,False,,2020Q1
SARIMA,2,2020Q1,2020Q3,101067.8,0.95,calibrated,78988.9398484014,94960.4826586392,15971.5428102379,False,260264.236464668,1.67516229602781,40,False,,2020Q1
SARIMA,2,2020Q2,2020Q4,118656.6,0.8,calibrated,102191.726706994,109292.422843804,7100.69613680978,False,100742.46769877,0.644141792788781,40,False,,2020Q2
SARIMA,2,2020Q2,2020Q4,118656.6,0.95,calibrated,92220.0887474316,121110.070030271,28889.9812828396,True,28889.9812828396,2.6131622176501,40,False,,2020Q2
SARIMA,2,2020Q3,2021Q1,105220.8,0.8,calibrated,84816.4536976287,91125.0617382252,6308.60804059652,False,147265.990658345,0.679174168042898,40,False,,2020Q3
SARIMA,2,2020Q3,2021Q1,105220.8,0.95,calibrated,75791.8847821299,101975.357940116,26183.4731579861,False,156001.155553345,2.80915543723068,40,False,,2020Q3
SARIMA,2,2020Q4,2021Q2,106683.5,0.8,calibrated,95772.0998963387,104361.517297932,8589.41740159337,False,31809.2444222723,0.805931194960592,40,False,,2020Q4
SARIMA,2,2020Q4,2021Q2,106683.5,0.95,calibrated,86075.7514403664,116117.739232466,30041.9877920998,True,30041.9877920998,2.80915543723068,40,False,,2020Q4
SARIMA,2,2021Q1,2021Q3,106152.9,0.8,calibrated,108915.596706168,121680.984173032,12765.3874668639,False,40392.3545285466,0.98784650776134,40,False,,2021Q1
SARIMA,2,2021Q1,2021Q3,106152.9,0.95,calibrated,95119.0013058038,139330.279093153,44211.2777873491,True,44211.2777873491,3.40233666451707,40,False,,2021Q1
SARIMA,2,2021Q2,2021Q4,122766,0.8,calibrated,121193.895784077,138802.698268136,17608.8024840594,True,17608.8024840594,1.21890150745971,40,False,,2021Q2
SARIMA,2,2021Q2,2021Q4,122766,0.95,calibrated,107327.54150463,156735.536029504,49407.9945248744,True,49407.9945248744,3.40233666451707,40,False,,2021Q2
SARIMA,2,2021Q3,2022Q1,108659.1,0.8,calibrated,97398.5148529701,113962.998267474,16564.4834145041,True,16564.4834145041,1.40638805649806,40,False,,2021Q3
SARIMA,2,2021Q3,2022Q1,108659.1,0.95,calibrated,87126.3191712836,127399.239231284,40272.9200600007,True,40272.9200600007,3.40233666451707,40,False,,2021Q3
SARIMA,2,2021Q4,2022Q2,101772.6,0.8,calibrated,101121.875544584,118260.057909905,17138.1823653209,True,17138.1823653209,1.40638805649806,40,False,,2021Q4
SARIMA,2,2021Q4,2022Q2,101772.6,0.95,calibrated,90489.3021281634,132155.719810097,41666.4176819334,True,41666.4176819334,3.40233666451707,40,False,,2021Q4
SARIMA,2,2022Q1,2022Q3,109872.9,0.8,calibrated,107207.935453153,125330.599614586,18122.664161433,True,18122.664161433,1.40638805649806,40,False,,2022Q1
SARIMA,2,2022Q1,2022Q3,109872.9,0.95,calibrated,95960.9566848131,140019.809076288,44058.8523914753,True,44058.8523914753,3.40233666451707,40,False,,2022Q1
SARIMA,2,2022Q2,2022Q4,119427.9,0.8,calibrated,114951.978700965,134633.019077625,19681.0403766601,True,19681.0403766601,1.40638805649806,40,False,,2022Q2
SARIMA,2,2022Q2,2022Q4,119427.9,0.95,calibrated,102757.349883997,150610.462014921,47853.1121309236,True,47853.1121309236,3.40233666451707,40,False,,2022Q2
SARIMA,2,2022Q3,2023Q1,114922.4,0.8,calibrated,100242.482283086,117276.925283814,17034.4430007283,True,17034.4430007283,1.40638805649806,40,False,,2022Q3
SARIMA,2,2022Q3,2023Q1,114922.4,0.95,calibrated,89677.7850499319,131093.002558346,41415.2175084146,True,41415.2175084146,3.40233666451707,40,False,,2022Q3
SARIMA,2,2022Q4,2023Q2,112665.2,0.8,calibrated,97581.8597679964,114216.784143532,16634.9243755356,True,16634.9243755356,1.40638805649806,40,False,,2022Q4
SARIMA,2,2022Q4,2023Q2,112665.2,0.95,calibrated,87269.0354023143,127714.098844618,40445.0634423037,True,40445.0634423037,3.40233666451707,40,False,,2022Q4
SARIMA,2,2023Q1,2023Q3,114519.4,0.8,calibrated,108535.774338462,127139.56310222,18603.7887637581,True,18603.7887637581,1.40638805649806,40,False,,2023Q1
SARIMA,2,2023Q1,2023Q3,114519.4,0.95,calibrated,97010.2859460419,142244.61659693,45234.3306508882,True,45234.3306508882,3.40233666451707,40,False,,2023Q1
SARIMA,2,2023Q2,2023Q4,129388.2,0.8,calibrated,122355.215872628,143246.12794038,20890.9120677515,True,20890.9120677515,1.40638805649806,40,False,,2023Q2
SARIMA,2,2023Q2,2023Q4,129388.2,0.95,calibrated,109406.44835391,160199.980629724,50793.5322758138,True,50793.5322758138,3.40233666451707,40,False,,2023Q2
SARIMA,2,2023Q3,2024Q1,120326.8,0.8,calibrated,107909.481410161,126248.568907489,18339.0874973285,True,18339.0874973285,1.40638805649806,40,False,,2023Q3
SARIMA,2,2023Q3,2024Q1,120326.8,0.95,calibrated,96535.7861711846,141122.977705118,44587.1915339339,True,44587.1915339339,3.40233666451707,40,False,,2023Q3
SARIMA,2,2023Q4,2024Q2,115642.2,0.8,calibrated,107360.786723997,125532.146101645,18171.3593776481,True,18171.3593776481,1.40638805649806,40,False,,2023Q4
SARIMA,2,2023Q4,2024Q2,115642.2,0.95,calibrated,96085.3560585032,140263.10061669,44177.7445581873,True,44177.7445581873,3.40233666451707,40,False,,2023Q4
SARIMA,2,2024Q1,2024Q3,117595,0.8,calibrated,113682.482516703,132861.801760974,19179.3192442709,True,19179.3192442709,1.40638805649806,40,False,,2024Q1
SARIMA,2,2024Q1,2024Q3,117595,0.95,calibrated,101776.822725351,148403.723474337,46626.9007489866,True,46626.9007489866,3.40233666451707,40,False,,2024Q1
SARIMA,2,2024Q2,2024Q4,134330.8,0.8,calibrated,125642.617020953,146735.442347934,21092.8253269811,True,21092.8253269811,1.40638805649806,40,False,,2024Q2
SARIMA,2,2024Q2,2024Q4,134330.8,0.95,calibrated,112541.124953903,163817.671041348,51276.5460874451,True,51276.5460874451,3.40233666451707,40,False,,2024Q2
SARIMA,2,2024Q3,2025Q1,124671.1,0.8,calibrated,112513.111760081,131357.527114311,18844.4153542295,True,18844.4153542295,1.40638805649806,40,False,,2024Q3
SARIMA,2,2024Q3,2025Q1,124671.1,0.95,calibrated,100804.791329312,146614.500499866,45809.7091705539,True,45809.7091705539,3.40233666451707,40,False,,2024Q3
SARIMA,2,2024Q4,2025Q2,120787.3,0.8,calibrated,111251.729269597,129798.760842102,18547.0315725048,True,18547.0315725048,1.40638805649806,40,False,,2024Q4
SARIMA,2,2024Q4,2025Q2,120787.3,0.95,calibrated,99721.5937976677,144806.516330192,45084.9225325241,True,45084.9225325241,3.40233666451707,40,False,,2024Q4
SARIMA,2,2025Q1,2025Q3,120418.8,0.8,calibrated,115970.65646949,135224.298042049,19253.6415725592,True,19253.6415725592,1.40638805649806,40,False,,2025Q1
SARIMA,2,2025Q1,2025Q3,120418.8,0.95,calibrated,103995.137725885,150795.998327325,46800.8606014404,True,46800.8606014404,3.40233666451707,40,False,,2025Q1
SARIMA,2,2025Q2,2025Q4,135325.2,0.8,calibrated,130136.366414766,151642.003450505,21505.6370357396,True,21505.6370357396,1.40638805649806,40,False,,2025Q2
SARIMA,2,2025Q2,2025Q4,135325.2,0.95,calibrated,116752.553341556,169025.334008521,52272.7806669653,True,52272.7806669653,3.40233666451707,40,False,,2025Q2
SARIMA,2,2025Q3,2026Q1,127694.9,0.8,calibrated,117103.181081703,136409.575117381,19306.3940356783,True,19306.3940356783,1.40638805649806,40,False,,2025Q3
SARIMA,2,2025Q3,2026Q1,127694.9,0.95,calibrated,105084.597241652,152010.814101662,46926.2168600104,True,46926.2168600104,3.40233666451707,40,False,,2025Q3
SARIMA,2,2025Q4,2026Q2,121027.2,0.8,calibrated,113445.650735325,132095.35656113,18649.7058258053,True,18649.7058258053,1.40638805649806,40,False,,2025Q4
SARIMA,2,2025Q4,2026Q2,121027.2,0.95,calibrated,101831.804553977,147160.739710243,45328.9351562656,True,45328.9351562656,3.40233666451707,40,False,,2025Q4
SARIMA+CNY,1,2004Q4,2005Q1,15112.2,0.8,calibrated,14729.7937908149,15471.1635715221,741.369780707211,True,741.369780707211,1.2815515655446,0,True,insufficient_history,
SARIMA+CNY,1,2004Q4,2005Q1,15112.2,0.95,calibrated,14539.5824142733,15673.562184893,1133.97977061974,True,1133.97977061974,1.95996398454005,0,True,insufficient_history,
SARIMA+CNY,1,2005Q1,2005Q2,14497.5,0.8,calibrated,14330.5651689819,15046.0580616856,715.492892703729,True,715.492892703729,1.2815515655446,1,True,insufficient_history,2005Q1
SARIMA+CNY,1,2005Q1,2005Q2,14497.5,0.95,calibrated,14146.9480787451,15241.3449451492,1094.3968664041,True,1094.3968664041,1.95996398454005,1,True,insufficient_history,2005Q1
SARIMA+CNY,1,2005Q2,2005Q3,15470.9,0.8,calibrated,15002.6412706127,15742.8065366147,740.165266001997,True,740.165266001997,1.2815515655446,2,True,insufficient_history,2005Q2
SARIMA+CNY,1,2005Q2,2005Q3,15470.9,0.95,calibrated,14812.6243352593,15944.7558863211,1132.13155106182,True,1132.13155106182,1.95996398454005,2,True,insufficient_history,2005Q2
SARIMA+CNY,1,2005Q3,2005Q4,22096,0.8,calibrated,17720.9606180187,18589.0176947212,868.057076702542,False,35937.8801294905,1.2815515655446,3,True,insufficient_history,2005Q3
SARIMA+CNY,1,2005Q3,2005Q4,22096,0.95,calibrated,17498.0635888068,18825.8117147619,1327.74812595508,False,132135.279535481,1.95996398454005,3,True,insufficient_history,2005Q3
SARIMA+CNY,1,2005Q4,2006Q1,18440.2,0.8,calibrated,20634.1517344328,22558.0061206598,1923.854386227,False,23863.371730555,1.2815515655446,4,True,insufficient_history,2005Q4
SARIMA+CNY,1,2005Q4,2006Q1,18440.2,0.95,calibrated,20152.9960184839,23096.5818031742,2943.58578469024,False,71455.426524048,1.95996398454005,4,True,insufficient_history,2005Q4
SARIMA+CNY,1,2006Q1,2006Q2,18008,0.8,calibrated,18176.8296630677,20002.7872136307,1825.95755056293,False,3514.25418124022,1.2815515655446,5,True,insufficient_history,2006Q1
SARIMA+CNY,1,2006Q1,2006Q2,18008,0.95,calibrated,17722.0759620449,20516.0646386712,2793.98867662634,True,2793.98867662634,1.95996398454005,5,True,insufficient_history,2006Q1
SARIMA+CNY,1,2006Q2,2006Q3,18643.2,0.8,calibrated,18369.0432482434,20230.6122691548,1861.56902091146,True,1861.56902091146,1.2815515655446,6,True,insufficient_history,2006Q2
SARIMA+CNY,1,2006Q2,2006Q3,18643.2,0.95,calibrated,17905.6595941584,20754.1637746641,2848.50418050565,True,2848.50418050565,1.95996398454005,6,True,insufficient_history,2006Q2
SARIMA+CNY,1,2006Q3,2006Q4,21318.6,0.8,calibrated,25385.4961298707,27945.7341100809,2560.2379802102,False,43229.1992789171,1.2815515655446,7,True,insufficient_history,2006Q3
SARIMA+CNY,1,2006Q3,2006Q4,21318.6,0.95,calibrated,24748.018214557,28665.5811769433,3917.56296238627,False,141094.291544666,1.95996398454005,7,True,insufficient_history,2006Q3
SARIMA+CNY,1,2006Q4,2007Q1,21187.8,0.8,calibrated,18683.0288928525,20742.3812349751,2059.3523421226,False,6513.53999237186,1.2815515655446,8,True,insufficient_history,2006Q4
SARIMA+CNY,1,2006Q4,2007Q1,21187.8,0.95,calibrated,18173.0421260218,21324.470896631,3151.42877060923,True,3151.42877060923,1.95996398454005,8,True,insufficient_history,2006Q4
SARIMA+CNY,1,2007Q1,2007Q2,20856,0.8,calibrated,18952.4703115642,21040.0214402224,2087.55112865825,True,2087.55112865825,1.2815515655446,9,True,insufficient_history,2007Q1
SARIMA+CNY,1,2007Q1,2007Q2,20856,0.95,calibrated,18435.476663765,21630.0554074771,3194.57874371211,True,3194.57874371211,1.95996398454005,9,True,insufficient_history,2007Q1
SARIMA+CNY,1,2007Q2,2007Q3,21783.2,0.8,calibrated,20568.1184495359,22820.1495236043,2252.03107406842,True,2252.03107406842,1.2815515655446,10,True,insufficient_history,2007Q2
SARIMA+CNY,1,2007Q2,2007Q3,21783.2,0.95,calibrated,20010.1794907522,23456.4381920978,3446.2587013456,True,3446.2587013456,1.95996398454005,10,True,insufficient_history,2007Q2
SARIMA+CNY,1,2007Q3,2007Q4,25383,0.8,calibrated,25222.1671183469,27953.2364670826,2731.06934873568,True,2731.06934873568,1.2815515655446,11,True,insufficient_history,2007Q3
SARIMA+CNY,1,2007Q3,2007Q4,25383,0.95,calibrated,24545.0735245629,28724.346698977,4179.27317441407,True,4179.27317441407,1.95996398454005,11,True,insufficient_history,2007Q3
SARIMA+CNY,1,2007Q4,2008Q1,25555.2,0.8,calibrated,22771.4250234701,25243.5436112005,2472.11858773042,False,5588.68247572563,1.2815515655446,12,True,insufficient_history,2007Q4
SARIMA+CNY,1,2007Q4,2008Q1,25555.2,0.95,calibrated,22158.6309186177,25941.6505821294,3783.01966351171,True,3783.01966351171,1.95996398454005,12,True,insufficient_history,2007Q4
SARIMA+CNY,1,2008Q1,2008Q2,25487.5,0.8,calibrated,22997.1443061951,25547.9163288789,2550.77202268374,True,2550.77202268374,1.2815515655446,13,True,insufficient_history,2008Q1
SARIMA+CNY,1,2008Q1,2008Q2,25487.5,0.95,calibrated,22365.7119842505,26269.1891477255,3903.47716347499,True,3903.47716347499,1.95996398454005,13,True,insufficient_history,2008Q1
SARIMA+CNY,1,2008Q2,2008Q3,26843,0.8,calibrated,25071.1201605442,27884.2939673889,2813.17380684469,True,2813.17380684469,1.2815515655446,14,True,insufficient_history,2008Q2
SARIMA+CNY,1,2008Q2,2008Q3,26843,0.95,calibrated,24375.2492515587,28680.3419909087,4305.09273935008,True,4305.09273935008,1.95996398454005,14,True,insufficient_history,2008Q2
SARIMA+CNY,1,2008Q3,2008Q4,30602,0.8,calibrated,30721.5884989788,34118.5419940115,3396.95349503265,False,4592.83848482086,1.2815515655446,15,True,insufficient_history,2008Q3
SARIMA+CNY,1,2008Q3,2008Q4,30602,0.95,calibrated,29880.5205406727,35078.9005130749,5198.37997240216,True,5198.37997240216,1.95996398454005,15,True,insufficient_history,2008Q3
SARIMA+CNY,1,2008Q4,2009Q1,29398,0.8,calibrated,28160.9113305018,31345.3387542093,3184.42742370754,True,3184.42742370754,1.2815515655446,16,True,insufficient_history,2008Q4
SARIMA+CNY,1,2008Q4,2009Q1,29398,0.95,calibrated,27373.6019243211,32246.8817849489,4873.27986062779,True,4873.27986062779,1.95996398454005,16,True,insufficient_history,2008Q4
SARIMA+CNY,1,2009Q1,2009Q2,29313.2,0.8,calibrated,27208.0895049129,30243.3045169898,3035.21501207687,True,3035.21501207687,1.2815515655446,17,True,insufficient_history,2009Q1
SARIMA+CNY,1,2009Q1,2009Q2,29313.2,0.95,calibrated,26457.0120249802,31101.869532571,4644.85750759073,True,4644.85750759073,1.95996398454005,17,True,insufficient_history,2009Q1
SARIMA+CNY,1,2009Q2,2009Q3,30964.9,0.8,calibrated,29006.547503223,32241.0024236811,3234.45492045807,True,3234.45492045807,1.2815515655446,18,True,insufficient_history,2009Q2
SARIMA+CNY,1,2009Q2,2009Q3,30964.9,0.95,calibrated,28206.145146703,33155.9014353066,4949.75628860358,True,4949.75628860358,1.95996398454005,18,True,insufficient_history,2009Q2
SARIMA+CNY,1,2009Q3,2009Q4,35666.6,0.8,calibrated,34611.2795050966,38438.46388833,3827.18438323338,True,3827.18438323338,1.2815515655446,19,True,insufficient_history,2009Q3
SARIMA+CNY,1,2009Q3,2009Q4,35666.6,0.95,calibrated,33663.6908220654,39520.4561620296,5856.76533996421,True,5856.76533996421,1.95996398454005,19,True,insufficient_history,2009Q3
SARIMA+CNY,1,2009Q4,2010Q1,36374,0.8,calibrated,32146.7608024061,37237.3303467075,5090.5695443014,True,5090.5695443014,1.80235555796811,20,False,,2009Q4
SARIMA+CNY,1,2009Q4,2010Q1,36374,0.95,calibrated,22506.7643667259,53186.6567788625,30679.8924121366,True,30679.8924121366,10.5442857247513,20,False,,2009Q4
SARIMA+CNY,1,2010Q1,2010Q2,36295.4,0.8,calibrated,33052.5711983038,37644.9026209908,4592.33142268701,True,4592.33142268701,1.58670464083652,21,False,,2010Q1
SARIMA+CNY,1,2010Q1,2010Q2,36295.4,0.95,calibrated,27651.3194202864,44998.2442147286,17346.9247944423,True,17346.9247944423,5.93894373506698,21,False,,2010Q1
SARIMA+CNY,1,2010Q2,2010Q3,38359.1,0.8,calibrated,35606.0403085636,40535.0222548156,4928.98194625195,True,4928.98194625195,1.58670464083652,22,False,,2010Q2
SARIMA+CNY,1,2010Q2,2010Q3,38359.1,0.95,calibrated,29805.7886476627,48423.1990428029,18617.4103951402,True,18617.4103951402,5.93894373506698,22,False,,2010Q2
SARIMA+CNY,1,2010Q3,2010Q4,43525.2,0.8,calibrated,41729.2888370156,47459.575275376,5730.2864383604,True,5730.2864383604,1.58670464083652,23,False,,2010Q3
SARIMA+CNY,1,2010Q3,2010Q4,43525.2,0.95,calibrated,34978.3445154799,56619.4413195224,21641.0968040424,True,21641.0968040424,5.93894373506698,23,False,,2010Q3
SARIMA+CNY,1,2010Q4,2011Q1,42921.8,0.8,calibrated,40446.3138578841,45976.9077291323,5530.59387124822,True,5530.59387124822,1.58670464083652,24,False,,2010Q4
SARIMA+CNY,1,2010Q4,2011Q1,42921.8,0.95,calibrated,33926.7106151856,54812.1644128716,20885.453797686,True,20885.453797686,5.93894373506698,24,False,,2010Q4
SARIMA+CNY,1,2011Q1,2011Q2,42910.9,0.8,calibrated,40014.4551458751,45440.8780973673,5426.42295149216,True,5426.42295149216,1.58670464083652,25,False,,2011Q1
SARIMA+CNY,1,2011Q1,2011Q2,42910.9,0.95,calibrated,33610.1788524422,54099.4436952887,20489.2648428464,True,20489.2648428464,5.93894373506698,25,False,,2011Q1
SARIMA+CNY,1,2011Q2,2011Q3,44978.1,0.8,calibrated,42425.0000270767,47923.8264079006,5498.82638082385,True,5498.82638082385,1.53141395992305,26,False,,2011Q2
SARIMA+CNY,1,2011Q2,2011Q3,44978.1,0.95,calibrated,35600.3301629801,57110.9404700702,21510.6103070902,True,21510.6103070902,5.93894373506698,26,False,,2011Q2
SARIMA+CNY,1,2011Q3,2011Q4,50415,0.8,calibrated,48656.9925846369,54914.202813392,6257.21022875505,True,6257.21022875505,1.53141395992305,27,False,,2011Q3
SARIMA+CNY,1,2011Q3,2011Q4,50415,0.95,calibrated,40882.6435354712,65356.8294027801,24474.1858673089,True,24474.1858673089,5.93894373506698,27,False,,2011Q3
SARIMA+CNY,1,2011Q4,2012Q1,49318.8,0.8,calibrated,46882.8870936547,52891.8033543094,6008.91626065473,True,6008.91626065473,1.53141395992305,28,False,,2011Q4
SARIMA+CNY,1,2011Q4,2012Q1,49318.8,0.95,calibrated,39413.5964115331,62915.3558824757,23501.7594709426,True,23501.7594709426,5.93894373506698,28,False,,2011Q4
SARIMA+CNY,1,2012Q1,2012Q2,48902.8,0.8,calibrated,46614.7383328776,52548.1522613918,5933.41392851416,True,5933.41392851416,1.53141395992305,29,False,,2012Q1
SARIMA+CNY,1,2012Q1,2012Q2,48902.8,0.95,calibrated,39232.3201915932,62436.2351137693,23203.9149221761,True,23203.9149221761,5.93894373506698,29,False,,2012Q1
SARIMA+CNY,1,2012Q2,2012Q3,51200.4,0.8,calibrated,48492.7625247384,54616.6558987831,6123.89337404474,True,6123.89337404474,1.53141395992305,30,False,,2012Q2
SARIMA+CNY,1,2012Q2,2012Q3,51200.4,0.95,calibrated,40865.1563303509,64811.0214722946,23945.8651419437,True,23945.8651419437,5.93894373506698,30,False,,2012Q2
SARIMA+CNY,1,2012Q3,2012Q4,57744.7,0.8,calibrated,55125.1105493149,61302.6887767393,6177.57822742446,True,6177.57822742446,1.37687176851874,31,False,,2012Q3
SARIMA+CNY,1,2012Q3,2012Q4,57744.7,0.95,calibrated,46230.303032967,73097.4550043116,26867.1519713446,True,26867.1519713446,5.93894373506698,31,False,,2012Q3
SARIMA+CNY,1,2012Q4,2013Q1,55451,0.8,calibrated,54184.7483802674,60214.2415007466,6029.49312047911,True,6029.49312047911,1.37687176851874,32,False,,2012Q4
SARIMA+CNY,1,2012Q4,2013Q1,55451,0.95,calibrated,45495.0769959436,71715.3094370521,26220.2324411085,True,26220.2324411085,5.93894373506698,32,False,,2012Q4
SARIMA+CNY,1,2013Q1,2013Q2,55313.3,0.8,calibrated,52474.1986224207,58295.1219431257,5820.92332070501,True,5820.92332070501,1.37687176851874,33,False,,2013Q1
SARIMA+CNY,1,2013Q1,2013Q2,55313.3,0.95,calibrated,44081.6728524867,69393.6869818507,25312.014129364,True,25312.014129364,5.93894373506698,33,False,,2013Q1
SARIMA+CNY,1,2013Q2,2013Q3,58052.7,0.8,calibrated,54936.9071287916,60988.4804856021,6051.57335681052,True,6051.57335681052,1.37687176851874,34,False,,2013Q2
SARIMA+CNY,1,2013Q2,2013Q3,58052.7,0.95,calibrated,46203.8418467504,72516.0149988544,26312.173152104,True,26312.173152104,5.93894373506698,34,False,,2013Q2
SARIMA+CNY,1,2013Q3,2013Q4,65563,0.8,calibrated,62276.3446241439,69088.7530196195,6812.40839547561,True,6812.40839547561,1.37687176851874,35,False,,2013Q3
SARIMA+CNY,1,2013Q3,2013Q4,65563,0.95,calibrated,52436.4100543824,82053.5766701021,29617.1666157196,True,29617.1666157196,5.93894373506698,35,False,,2013Q3
SARIMA+CNY,1,2013Q4,2014Q1,62081.2,0.8,calibrated,60959.0790245292,66827.6385623585,5868.55953782934,True,5868.55953782934,1.22713396997624,36,False,,2013Q4
SARIMA+CNY,1,2013Q4,2014Q1,62081.2,0.95,calibrated,51097.85093667,79724.5133693477,28626.6624326778,True,28626.6624326778,5.93894373506698,36,False,,2013Q4
SARIMA+CNY,1,2014Q1,2014Q2,62117.5,0.8,calibrated,59507.2647170261,65218.342246718,5711.07752969194,True,5711.07752969194,1.22713396997624,37,False,,2014Q1
SARIMA+CNY,1,2014Q1,2014Q2,62117.5,0.95,calibrated,49906.9090565554,77764.0857718331,27857.1767152777,True,27857.1767152777,5.93894373506698,37,False,,2014Q1
SARIMA+CNY,1,2014Q2,2014Q3,64952.1,0.8,calibrated,62150.3962193713,68075.5877244948,5925.19150512352,True,5925.19150512352,1.22713396997624,38,False,,2014Q2
SARIMA+CNY,1,2014Q2,2014Q3,64952.1,0.95,calibrated,52181.7818165502,81080.4959634786,28898.7141469284,True,28898.7141469284,5.93894373506698,38,False,,2014Q2
SARIMA+CNY,1,2014Q3,2014Q4,73243.3,0.8,calibrated,70066.5834144027,76701.8564956163,6635.2730812136,True,6635.2730812136,1.22713396997624,39,False,,2014Q3
SARIMA+CNY,1,2014Q3,2014Q4,73243.3,0.95,calibrated,58893.9692373898,91252.7563650391,32358.7871276493,True,32358.7871276493,5.93894373506698,39,False,,2014Q3
SARIMA+CNY,1,2014Q4,2015Q1,70715.3,0.8,calibrated,67862.5930118684,74246.2912341811,6383.6982223127,True,6383.6982223127,1.22713396997624,40,False,,2014Q4
SARIMA+CNY,1,2014Q4,2015Q1,70715.3,0.95,calibrated,57104.6515094752,88233.5451049878,31128.8935955126,True,31128.8935955126,5.93894373506698,40,False,,2014Q4
SARIMA+CNY,1,2015Q1,2015Q2,70861.8,0.8,calibrated,67159.709467385,73435.9132655096,6276.20379812458,True,6276.20379812458,1.22713396997624,40,False,,2015Q1
SARIMA+CNY,1,2015Q1,2015Q2,70861.8,0.95,calibrated,56574.3382143609,87176.1783707756,30601.8401564148,True,30601.8401564148,5.93894373506698,40,False,,2015Q1
SARIMA+CNY,1,2015Q2,2015Q3,74502.8,0.8,calibrated,70777.213951368,77352.7692196873,6575.55526831929,True,6575.55526831929,1.22713396997624,40,False,,2015Q2
SARIMA+CNY,1,2015Q2,2015Q3,74502.8,0.95,calibrated,59678.9670085086,91737.7389593899,32058.7719508812,True,32058.7719508812,5.93894373506698,40,False,,2015Q2
SARIMA+CNY,1,2015Q3,2015Q4,84850.9,0.8,calibrated,80200.4824737915,87605.3301383664,7404.84766457498,True,7404.84766457498,1.22713396997624,40,False,,2015Q3
SARIMA+CNY,1,2015Q3,2015Q4,84850.9,0.95,calibrated,67693.0647864887,103791.869470433,36098.804683944,True,36098.804683944,5.93894373506698,40,False,,2015Q3
SARIMA+CNY,1,2015Q4,2016Q1,78024.4,0.8,calibrated,78120.9773085139,85271.6623540781,7150.68504556415,False,8116.45813070367,1.22385868877899,40,False,,2015Q4
SARIMA+CNY,1,2015Q4,2016Q1,78024.4,0.95,calibrated,69445.2801547468,95924.5262597859,26479.2461050391,True,26479.2461050391,4.51379177564296,40,False,,2015Q4
SARIMA+CNY,1,2016Q1,2016Q2,78113.9,0.8,calibrated,75548.2624521666,82487.6015972112,6939.33914504467,True,6939.33914504467,1.22385868877899,40,False,,2016Q1
SARIMA+CNY,1,2016Q1,2016Q2,78113.9,0.95,calibrated,73995.3965865067,84218.6847019651,10223.2881154584,True,10223.2881154584,1.80235555796811,40,False,,2016Q1
SARIMA+CNY,1,2016Q2,2016Q3,82343.5,0.8,calibrated,78617.7765029366,85183.3393236082,6565.56282067162,True,6565.56282067162,1.12308294029843,40,False,,2016Q2
SARIMA+CNY,1,2016Q2,2016Q3,82343.5,0.95,calibrated,76733.7613392456,87274.8137955813,10541.0524563357,True,10541.0524563357,1.80235555796811,40,False,,2016Q2
SARIMA+CNY,1,2016Q3,2016Q4,93834.2,0.8,calibrated,89314.1261839552,96733.4004756405,7419.27429168532,True,7419.27429168532,1.12308294029843,40,False,,2016Q3
SARIMA+CNY,1,2016Q3,2016Q4,93834.2,0.95,calibrated,87184.5626953356,99096.2031486641,11911.6404533285,True,11911.6404533285,1.80235555796811,40,False,,2016Q3
SARIMA+CNY,1,2016Q4,2017Q1,85823.4,0.8,calibrated,85059.7273183681,91715.5793445897,6655.85202622159,True,6655.85202622159,1.06606958772214,40,False,,2016Q4
SARIMA+CNY,1,2016Q4,2017Q1,85823.4,0.95,calibrated,83509.2314275608,93418.4405309024,9909.20910334159,True,9909.20910334159,1.58670464083652,40,False,,2016Q4
SARIMA+CNY,1,2017Q1,2017Q2,86545.3,0.8,calibrated,84326.6174730772,89304.2275031844,4977.61003010717,True,4977.61003010717,0.813117012989155,40,False,,2017Q1
SARIMA+CNY,1,2017Q1,2017Q2,86545.3,0.95,calibrated,82666.6300927012,91097.5011675793,8430.87107487812,True,8430.87107487812,1.37687176851874,40,False,,2017Q1
SARIMA+CNY,1,2017Q2,2017Q3,90809.7,0.8,calibrated,88490.041307731,93426.8393206687,4936.79801293771,True,4936.79801293771,0.773966069306485,40,False,,2017Q2
SARIMA+CNY,1,2017Q2,2017Q3,90809.7,0.95,calibrated,86638.5682563673,95423.3782612069,8784.81000483957,True,8784.81000483957,1.37687176851874,40,False,,2017Q2
SARIMA+CNY,1,2017Q3,2017Q4,103083.2,0.8,calibrated,100105.19093308,105657.28246108,5552.09152800048,True,5552.09152800048,0.773966069306485,40,False,,2017Q3
SARIMA+CNY,1,2017Q3,2017Q4,103083.2,0.95,calibrated,98022.5108865459,107902.178168836,9879.66728229028,True,9879.66728229028,1.37687176851874,40,False,,2017Q3
SARIMA+CNY,1,2017Q4,2018Q1,90275.4,0.8,calibrated,94138.3104870305,99097.5894924324,4959.27900540188,False,43588.3838757072,0.740082353249254,40,False,,2017Q4
SARIMA+CNY,1,2017Q4,2018Q1,90275.4,0.95,calibrated,92081.8473337429,101310.735158724,9228.8878249812,False,81486.7811746986,1.37687176851874,40,False,,2017Q4
SARIMA+CNY,1,2018Q1,2018Q2,89742.5,0.8,calibrated,89529.9022025692,94313.6552677262,4783.75306515706,True,4783.75306515706,0.740082353249254,40,False,,2018Q1
SARIMA+CNY,1,2018Q1,2018Q2,89742.5,0.95,calibrated,87547.2408857627,96449.5539443041,8902.3130585414,True,8902.3130585414,1.37687176851874,40,False,,2018Q1
SARIMA+CNY,1,2018Q2,2018Q3,94281.4,0.8,calibrated,92364.6127832235,96985.211830289,4620.59904706552,True,4620.59904706552,0.696221817576942,40,False,,2018Q2
SARIMA+CNY,1,2018Q2,2018Q3,94281.4,0.95,calibrated,90186.7512016213,99327.2450448633,9140.49384324199,True,9140.49384324199,1.37687176851874,40,False,,2018Q2
SARIMA+CNY,1,2018Q3,2018Q4,106687.6,0.8,calibrated,104229.205791967,109415.271941091,5186.06614912405,True,5186.06614912405,0.696221817576942,40,False,,2018Q3
SARIMA+CNY,1,2018Q3,2018Q4,106687.6,0.95,calibrated,101784.349679465,112043.42250892,10259.0728294541,True,10259.0728294541,1.37687176851874,40,False,,2018Q3
SARIMA+CNY,1,2018Q4,2019Q1,97789.7,0.8,calibrated,94486.5895670781,99001.9560724527,4515.36650537465,True,4515.36650537465,0.672639305713086,40,False,,2018Q4
SARIMA+CNY,1,2018Q4,2019Q1,97789.7,0.95,calibrated,92585.3343344029,101034.977699269,8449.64336486574,True,8449.64336486574,1.25842990337448,40,False,,2018Q4
SARIMA+CNY,1,2019Q1,2019Q2,97420,0.8,calibrated,95355.4455757719,99890.8586765877,4535.4131008158,True,4535.4131008158,0.672639305713086,40,False,,2019Q1
SARIMA+CNY,1,2019Q1,2019Q2,97420,0.95,calibrated,93445.4535149174,101932.59254215,8487.13902723239,True,8487.13902723239,1.25842990337448,40,False,,2019Q1
SARIMA+CNY,1,2019Q2,2019Q3,101464.5,0.8,calibrated,99909.8950896512,104636.741192184,4726.84610253296,True,4726.84610253296,0.672639305713086,40,False,,2019Q2
SARIMA+CNY,1,2019Q2,2019Q3,101464.5,0.95,calibrated,97918.9396724565,106764.28758322,8845.34791076345,True,8845.34791076345,1.25842990337448,40,False,,2019Q2
SARIMA+CNY,1,2019Q3,2019Q4,114974.8,0.8,calibrated,112249.871434354,117533.259671165,5283.38823681076,True,5283.38823681076,0.672639305713086,40,False,,2019Q3
SARIMA+CNY,1,2019Q3,2019Q4,114974.8,0.95,calibrated,110024.127294571,119910.910558976,9886.78326440504,True,9886.78326440504,1.25842990337448,40,False,,2019Q3
SARIMA+CNY,1,2019Q4,2020Q1,78579.7,0.8,calibrated,102229.283757799,107016.779906402,4787.49614860224,False,241283.333726597,0.672639305713086,40,False,,2019Q4
SARIMA+CNY,1,2019Q4,2020Q1,78579.7,0.95,calibrated,100212.11581975,109170.918809614,8958.80298986365,False,874255.435779861,1.25842990337448,40,False,,2019Q4
SARIMA+CNY,1,2020Q1,2020Q2,93676.5,0.8,calibrated,82591.7253649209,87586.2640732918,4994.53870837085,False,65896.8979754531,0.672639305713086,40,False,,2020Q1
SARIMA+CNY,1,2020Q1,2020Q2,93676.5,0.95,calibrated,78119.7219956074,92600.1844769431,14480.4624813358,False,57533.0834036098,1.94808784456496,40,False,,2020Q1
SARIMA+CNY,1,2020Q2,2020Q3,101067.8,0.8,calibrated,89361.0189553476,94826.8479029609,5465.82894761334,False,67875.3499180039,0.672639305713086,40,False,,2020Q2
SARIMA+CNY,1,2020Q2,2020Q3,101067.8,0.95,calibrated,83488.8737114349,101496.443492826,18007.5697813913,True,18007.5697813913,2.21286556519991,40,False,,2020Q2
SARIMA+CNY,1,2020Q3,2020Q4,118656.6,0.8,calibrated,108106.615908569,115448.375653758,7341.75974518851,False,39424.0032076127,0.740082353249254,40,False,,2020Q3
SARIMA+CNY,1,2020Q3,2020Q4,118656.6,0.95,calibrated,101264.919954619,123248.339204358,21983.4192497394,True,21983.4192497394,2.21286556519991,40,False,,2020Q3
SARIMA+CNY,1,2020Q4,2021Q1,105220.8,0.8,calibrated,90269.374918598,96708.5267956977,6439.15187709968,False,91561.8839201228,0.773966069306485,40,False,,2020Q4
SARIMA+CNY,1,2020Q4,2021Q1,105220.8,0.95,calibrated,84668.8968230913,103105.373882293,18436.4770592016,False,103053.521767484,2.21286556519991,40,False,,2020Q4
SARIMA+CNY,1,2021Q1,2021Q2,106683.5,0.8,calibrated,104317.919310971,112298.168817884,7980.24950691235,True,7980.24950691235,0.813117012989155,40,False,,2021Q1
SARIMA+CNY,1,2021Q1,2021Q2,106683.5,0.95,calibrated,95900.7252863806,122154.564301064,26253.8390146835,True,26253.8390146835,2.66912378959948,40,False,,2021Q1
SARIMA+CNY,1,2021Q2,2021Q3,106152.9,0.8,calibrated,109176.873717464,117490.590859978,8313.71714251365,False,38553.4543171548,0.813117012989155,40,False,,2021Q2
SARIMA+CNY,1,2021Q2,2021Q3,106152.9,0.95,calibrated,100404.903284913,127755.26873335,27350.3654484377,True,27350.3654484377,2.66912378959948,40,False,,2021Q2
SARIMA+CNY,1,2021Q3,2021Q4,122766,0.8,calibrated,116905.051171547,131043.873132349,14138.8219608023,True,14138.8219608023,1.25842990337448,40,False,,2021Q3
SARIMA+CNY,1,2021Q3,2021Q4,122766,0.95,calibrated,109658.392377498,139703.768786953,30045.3764094556,True,30045.3764094556,2.66912378959948,40,False,,2021Q3
SARIMA+CNY,1,2021Q4,2022Q1,108659.1,0.8,calibrated,97860.3160636493,109642.551310247,11782.2352465977,True,11782.2352465977,1.25842990337448,40,False,,2021Q4
SARIMA+CNY,1,2021Q4,2022Q1,108659.1,0.95,calibrated,91819.1854633501,116856.348388414,25037.1629250639,True,25037.1629250639,2.66912378959948,40,False,,2021Q4
SARIMA+CNY,1,2022Q1,2022Q2,101772.6,0.8,calibrated,106529.94575314,119363.997151118,12834.0513979775,False,60407.5089293785,1.25842990337448,40,False,,2022Q1
SARIMA+CNY,1,2022Q1,2022Q2,101772.6,0.95,calibrated,99949.8624473868,127222.187505061,27272.3250576745,True,27272.3250576745,2.66912378959948,40,False,,2022Q1
SARIMA+CNY,1,2022Q2,2022Q3,109872.9,0.8,calibrated,102074.228603782,115660.065975497,13585.8373717158,True,13585.8373717158,1.3575572657575,40,False,,2022Q2
SARIMA+CNY,1,2022Q2,2022Q3,109872.9,0.95,calibrated,96095.1932767134,122856.426134816,26761.2328581022,True,26761.2328581022,2.66912378959948,40,False,,2022Q2
SARIMA+CNY,1,2022Q3,2022Q4,119427.9,0.8,calibrated,117849.801007474,133464.562734633,15614.7617271586,True,15614.7617271586,1.3575572657575,40,False,,2022Q3
SARIMA+CNY,1,2022Q3,2022Q4,119427.9,0.95,calibrated,110975.119006533,141732.419848994,30757.3008424614,True,30757.3008424614,2.66912378959948,40,False,,2022Q3
SARIMA+CNY,1,2022Q4,2023Q1,114922.4,0.8,calibrated,96795.9026602195,109638.396898482,12842.4942382628,False,65682.5252534396,1.3575572657575,40,False,,2022Q4
SARIMA+CNY,1,2022Q4,2023Q1,114922.4,0.95,calibrated,91142.4309103539,116439.154497057,25296.7235867028,True,25296.7235867028,2.66912378959948,40,False,,2022Q4
SARIMA+CNY,1,2023Q1,2023Q2,112665.2,0.8,calibrated,105601.595914919,120789.937328258,15188.3414133383,True,15188.3414133383,1.43553853951738,40,False,,2023Q1
SARIMA+CNY,1,2023Q1,2023Q2,112665.2,0.95,calibrated,99677.1107968912,127969.300578132,28292.1897812404,True,28292.1897812404,2.66912378959948,40,False,,2023Q1
SARIMA+CNY,1,2023Q2,2023Q3,114519.4,0.8,calibrated,110603.901088928,126443.37916469,15839.4780757612,True,15839.4780757612,1.43553853951738,40,False,,2023Q2
SARIMA+CNY,1,2023Q2,2023Q3,114519.4,0.95,calibrated,104423.011526428,133927.673585068,29504.6620586408,True,29504.6620586408,2.66912378959948,40,False,,2023Q2
SARIMA+CNY,1,2023Q3,2023Q4,129388.2,0.8,calibrated,121477.767725093,138833.548098143,17355.7803730508,True,17355.7803730508,1.43553853951738,40,False,,2023Q3
SARIMA+CNY,1,2023Q3,2023Q4,129388.2,0.95,calibrated,114703.740407553,147032.602846195,32328.8624386419,True,32328.8624386419,2.66912378959948,40,False,,2023Q3
SARIMA+CNY,1,2023Q4,2024Q1,120326.8,0.8,calibrated,110248.456884017,125927.132339759,15678.6754557414,True,15678.6754557414,1.43553853951738,40,False,,2023Q4
SARIMA+CNY,1,2023Q4,2024Q1,120326.8,0.95,calibrated,104126.451085405,133330.886394089,29204.435308684,True,29204.435308684,2.66912378959948,40,False,,2023Q4
SARIMA+CNY,1,2024Q1,2024Q2,115642.2,0.8,calibrated,110097.402392302,125703.808628135,15606.4062358327,True,15606.4062358327,1.43553853951738,40,False,,2024Q1
SARIMA+CNY,1,2024Q1,2024Q2,115642.2,0.95,calibrated,104001.833298356,133071.335012664,29069.5017143074,True,29069.5017143074,2.66912378959948,40,False,,2024Q1
SARIMA+CNY,1,2024Q2,2024Q3,117595,0.8,calibrated,112832.287337774,128765.214476398,15932.9271386244,True,15932.9271386244,1.43553853951738,40,False,,2024Q2
SARIMA+CNY,1,2024Q2,2024Q3,117595,0.95,calibrated,106607.046285242,136284.365669761,29677.3193845197,True,29677.3193845197,2.66912378959948,40,False,,2024Q2
SARIMA+CNY,1,2024Q3,2024Q4,134330.8,0.8,calibrated,124568.616611641,142107.099103838,17538.4824921974,True,17538.4824921974,1.43553853951738,40,False,,2024Q3
SARIMA+CNY,1,2024Q3,2024Q4,134330.8,0.95,calibrated,117714.255242671,150381.826819234,32667.571576563,True,32667.571576563,2.66912378959948,40,False,,2024Q3
SARIMA+CNY,1,2024Q4,2025Q1,124671.1,0.8,calibrated,113874.099988541,129835.993464886,15961.8934763454,True,15961.8934763454,1.43553853951738,40,False,,2024Q4
SARIMA+CNY,1,2024Q4,2025Q1,124671.1,0.95,calibrated,107633.434394331,137363.979744111,29730.5453497796,True,29730.5453497796,2.66912378959948,40,False,,2024Q4
SARIMA+CNY,1,2025Q1,2025Q2,120787.3,0.8,calibrated,114316.388657907,130295.163336631,15978.7746787237,True,15978.7746787237,1.43553853951738,40,False,,2025Q1
SARIMA+CNY,1,2025Q1,2025Q2,120787.3,0.95,calibrated,108067.557528591,137829.269698216,29761.7121696251,True,29761.7121696251,2.66912378959948,40,False,,2025Q1
SARIMA+CNY,1,2025Q2,2025Q3,120418.8,0.8,calibrated,116769.524644257,133023.852957764,16254.3283135068,True,16254.3283135068,1.43553853951738,40,False,,2025Q2
SARIMA+CNY,1,2025Q2,2025Q3,120418.8,0.95,calibrated,110410.604024952,140685.147168611,30274.5431436595,True,30274.5431436595,2.66912378959948,40,False,,2025Q2
SARIMA+CNY,1,2025Q3,2025Q4,135325.2,0.8,calibrated,128708.820196547,146593.115037889,17884.2948413416,True,17884.2948413416,1.43553853951738,40,False,,2025Q3
SARIMA+CNY,1,2025Q3,2025Q4,135325.2,0.95,calibrated,121711.129174752,155021.377366183,33310.2481914317,True,33310.2481914317,2.66912378959948,40,False,,2025Q3
SARIMA+CNY,1,2025Q4,2026Q1,127694.9,0.8,calibrated,119483.372367955,136028.224825517,16544.8524575619,True,16544.8524575619,1.43553853951738,40,False,,2025Q4
SARIMA+CNY,1,2025Q4,2026Q1,127694.9,0.95,calibrated,113007.790785723,143822.925183956,30815.1343982333,True,30815.1343982333,2.66912378959948,40,False,,2025Q4
SARIMA+CNY,1,2026Q1,2026Q2,121027.2,0.8,calibrated,114899.088926299,130742.314097234,15843.2251709347,True,15843.2251709347,1.43553853951738,40,False,,2026Q1
SARIMA+CNY,1,2026Q1,2026Q2,121027.2,0.95,calibrated,108695.827246905,138203.7669189,29507.9396719953,True,29507.9396719953,2.66912378959948,40,False,,2026Q1
SARIMA+CNY,2,2004Q3,2005Q1,15112.2,0.8,calibrated,14575.8617888607,15643.286099636,1067.42431077529,True,1067.42431077529,1.2815515655446,0,True,insufficient_history,
SARIMA+CNY,2,2004Q3,2005Q1,15112.2,0.95,calibrated,14305.7324210839,15938.6719533388,1632.93953225491,True,1632.93953225491,1.95996398454005,0,True,insufficient_history,
SARIMA+CNY,2,2004Q4,2005Q2,14497.5,0.8,calibrated,14147.4883829772,15210.3539657684,1062.86558279122,True,1062.86558279122,1.2815515655446,0,True,insufficient_history,
SARIMA+CNY,2,2004Q4,2005Q2,14497.5,0.95,calibrated,13878.8152190184,15504.8037340249,1625.98851500656,True,1625.98851500656,1.95996398454005,0,True,insufficient_history,
SARIMA+CNY,2,2005Q1,2005Q3,15470.9,0.8,calibrated,15053.2035841052,16126.9732952863,1073.76971118109,True,1073.76971118109,1.2815515655446,1,True,insufficient_history,2005Q1
SARIMA+CNY,2,2005Q1,2005Q3,15470.9,0.95,calibrated,14781.1610503962,16423.7850722062,1642.62402181001,True,1642.62402181001,1.95996398454005,1,True,insufficient_history,2005Q1
SARIMA+CNY,2,2005Q2,2005Q4,22096,0.8,calibrated,17398.6241890277,18679.2341798539,1280.60999082615,False,35448.2681922871,1.2815515655446,2,True,insufficient_history,2005Q2
SARIMA+CNY,2,2005Q2,2005Q4,22096,0.95,calibrated,17074.6162437577,19033.6913576569,1959.07511389922,False,124451.420807622,1.95996398454005,2,True,insufficient_history,2005Q2
SARIMA+CNY,2,2005Q3,2006Q1,18440.2,0.8,calibrated,17126.5927975043,18324.9597175068,1198.36692000253,False,2350.76974493445,1.2815515655446,3,True,insufficient_history,2005Q3
SARIMA+CNY,2,2005Q3,2006Q1,18440.2,0.95,calibrated,16822.7371118857,18655.9488521442,1833.21174025852,True,1833.21174025852,1.95996398454005,3,True,insufficient_history,2005Q3
SARIMA+CNY,2,2005Q4,2006Q2,18008,0.8,calibrated,19427.2956571256,22037.5008064643,2610.20514933874,False,16803.1617205946,1.2815515655446,4,True,insufficient_history,2005Q4
SARIMA+CNY,2,2005Q4,2006Q2,18008,0.95,calibrated,18789.7456903518,22785.2495061262,3995.50381577437,False,35265.3314298473,1.95996398454005,4,True,insufficient_history,2005Q4
SARIMA+CNY,2,2006Q1,2006Q3,18643.2,0.8,calibrated,18587.2626017781,20711.5571057719,2124.29450399384,True,2124.29450399384,1.2815515655446,5,True,insufficient_history,2006Q1
SARIMA+CNY,2,2006Q1,2006Q3,18643.2,0.95,calibrated,18062.422496749,21313.3731583344,3250.95066158536,True,3250.95066158536,1.95996398454005,5,True,insufficient_history,2006Q1
SARIMA+CNY,2,2006Q2,2006Q4,21318.6,0.8,calibrated,25735.504786715,28834.0426682906,3098.53788157557,False,47267.5857487258,1.2815515655446,6,True,insufficient_history,2006Q2
SARIMA+CNY,2,2006Q2,2006Q4,21318.6,0.95,calibrated,24972.6418236992,29714.8635033846,4742.2216796854,False,150903.894627655,1.95996398454005,6,True,insufficient_history,2006Q2
SARIMA+CNY,2,2006Q3,2007Q1,21187.8,0.8,calibrated,21033.3586909058,23557.2343134126,2523.87562250682,True,2523.87562250682,1.2815515655446,7,True,insufficient_history,2006Q3
SARIMA+CNY,2,2006Q3,2007Q1,21187.8,0.95,calibrated,20411.8339259753,24274.5341196011,3862.70019362577,True,3862.70019362577,1.95996398454005,7,True,insufficient_history,2006Q3
SARIMA+CNY,2,2006Q4,2007Q2,20856,0.8,calibrated,17714.3929631258,20535.2079807757,2820.81501764997,False,6028.73520989268,1.2815515655446,8,True,insufficient_history,2006Q4
SARIMA+CNY,2,2006Q4,2007Q2,20856,0.95,calibrated,17034.9456429902,21354.2650134998,4319.31937050962,True,4319.31937050962,1.95996398454005,8,True,insufficient_history,2006Q4
SARIMA+CNY,2,2007Q1,2007Q3,21783.2,0.8,calibrated,19637.699277253,22362.9998924399,2725.30061518697,True,2725.30061518697,1.2815515655446,9,True,insufficient_history,2007Q1
SARIMA+CNY,2,2007Q1,2007Q3,21783.2,0.95,calibrated,18973.6979845452,23145.6127942316,4171.91480968645,True,4171.91480968645,1.95996398454005,9,True,insufficient_history,2007Q1
SARIMA+CNY,2,2007Q2,2007Q4,25383,0.8,calibrated,24760.6258055811,28235.817287931,3475.19148234996,True,3475.19148234996,1.2815515655446,10,True,insufficient_history,2007Q2
SARIMA+CNY,2,2007Q2,2007Q4,25383,0.95,calibrated,23914.668922855,29234.630361663,5319.96143880796,True,5319.96143880796,1.95996398454005,10,True,insufficient_history,2007Q2
SARIMA+CNY,2,2007Q3,2008Q1,25555.2,0.8,calibrated,23272.7385961724,26504.2028184212,3231.46422224872,True,3231.46422224872,1.2815515655446,11,True,insufficient_history,2007Q3
SARIMA+CNY,2,2007Q3,2008Q1,25555.2,0.95,calibrated,22485.4462949067,27432.2055165422,4946.75922163553,True,4946.75922163553,1.95996398454005,11,True,insufficient_history,2007Q3
SARIMA+CNY,2,2007Q4,2008Q2,25487.5,0.8,calibrated,21665.6837428392,24682.3756809213,3016.69193808204,False,11067.9351288695,1.2815515655446,12,True,insufficient_history,2007Q4
SARIMA+CNY,2,2007Q4,2008Q2,25487.5,0.95,calibrated,20930.8772534566,25548.8835488953,4618.00629543873,True,4618.00629543873,1.95996398454005,12,True,insufficient_history,2007Q4
SARIMA+CNY,2,2008Q1,2008Q3,26843,0.8,calibrated,23824.2540989719,27157.2738460916,3333.01974711978,True,3333.01974711978,1.2815515655446,13,True,insufficient_history,2008Q1
SARIMA+CNY,2,2008Q1,2008Q3,26843,0.95,calibrated,23012.699368883,28114.9891359335,5102.28976705057,True,5102.28976705057,1.95996398454005,13,True,insufficient_history,2008Q1
SARIMA+CNY,2,2008Q2,2008Q4,30602,0.8,calibrated,29887.6108644671,34198.0688041779,4310.45793971083,True,4310.45793971083,1.2815515655446,14,True,insufficient_history,2008Q2
SARIMA+CNY,2,2008Q2,2008Q4,30602,0.95,calibrated,28840.6097183642,35439.5618787741,6598.95216040991,True,6598.95216040991,1.95996398454005,14,True,insufficient_history,2008Q2
SARIMA+CNY,2,2008Q3,2009Q1,29398,0.8,calibrated,28803.9009366598,32909.2219058066,4105.32096914685,True,4105.32096914685,1.2815515655446,15,True,insufficient_history,2008Q3
SARIMA+CNY,2,2008Q3,2009Q1,29398,0.95,calibrated,27805.7761867674,34090.541523114,6284.76533634662,True,6284.76533634662,1.95996398454005,15,True,insufficient_history,2008Q3
SARIMA+CNY,2,2008Q4,2009Q2,29313.2,0.8,calibrated,27070.3281079492,30974.9943133124,3904.66620536316,True,3904.66620536316,1.2815515655446,16,True,insufficient_history,2008Q4
SARIMA+CNY,2,2008Q4,2009Q2,29313.2,0.95,calibrated,26121.9032135031,32099.6235362278,5977.72032272475,True,5977.72032272475,1.95996398454005,16,True,insufficient_history,2008Q4
SARIMA+CNY,2,2009Q1,2009Q3,30964.9,0.8,calibrated,28101.6828645939,32120.7464332243,4019.06356863036,True,4019.06356863036,1.2815515655446,17,True,insufficient_history,2009Q1
SARIMA+CNY,2,2009Q1,2009Q3,30964.9,0.95,calibrated,27124.8001968012,33277.5549715183,6152.75477471707,True,6152.75477471707,1.95996398454005,17,True,insufficient_history,2009Q1
SARIMA+CNY,2,2009Q2,2009Q4,35666.6,0.8,calibrated,33795.2112859662,38613.9269832729,4818.71569730672,True,4818.71569730672,1.2815515655446,18,True,insufficient_history,2009Q2
SARIMA+CNY,2,2009Q2,2009Q4,35666.6,0.95,calibrated,32623.6782189627,40000.5729648859,7376.89474592327,True,7376.89474592327,1.95996398454005,18,True,insufficient_history,2009Q2
SARIMA+CNY,2,2009Q3,2010Q1,36374,0.8,calibrated,32897.6243170552,37553.4944745141,4655.87015745888,True,4655.87015745888,1.2815515655446,19,True,insufficient_history,2009Q3
SARIMA+CNY,2,2009Q3,2010Q1,36374,0.95,calibrated,31765.0073073623,38892.5064949957,7127.49918763333,True,7127.49918763333,1.95996398454005,19,True,insufficient_history,2009Q3
SARIMA+CNY,2,2009Q4,2010Q2,36295.4,0.8,calibrated,30796.1370046729,37470.9526461072,6674.8156414343,True,6674.8156414343,1.9126679672764,20,False,,2009Q4
SARIMA+CNY,2,2009Q4,2010Q2,36295.4,0.95,calibrated,23309.312035884,49506.4199925182,26197.1079566342,True,26197.1079566342,7.34396833655244,20,False,,2009Q4
SARIMA+CNY,2,2010Q1,2010Q3,38359.1,0.8,calibrated,34320.7170875379,40240.1138137347,5919.39672619677,True,5919.39672619677,1.5504283697128,21,False,,2010Q1
SARIMA+CNY,2,2010Q1,2010Q3,38359.1,0.95,calibrated,27986.2519770444,49348.1428990324,21361.8909219879,True,21361.8909219879,5.52670329561471,21,False,,2010Q1
SARIMA+CNY,2,2010Q2,2010Q4,43525.2,0.8,calibrated,40795.1007244666,47836.610855506,7041.51013103939,True,7041.51013103939,1.5504283697128,22,False,,2010Q2
SARIMA+CNY,2,2010Q2,2010Q4,43525.2,0.95,calibrated,33260.8131627922,58672.6292173324,25411.8160545402,True,25411.8160545402,5.52670329561471,22,False,,2010Q2
SARIMA+CNY,2,2010Q3,2011Q1,42921.8,0.8,calibrated,40481.3320433904,47413.8020867735,6932.4700433832,True,6932.4700433832,1.5504283697128,23,False,,2010Q3
SARIMA+CNY,2,2010Q3,2011Q1,42921.8,0.95,calibrated,33053.9898449845,58067.8421792857,25013.8523343011,True,25013.8523343011,5.52670329561471,23,False,,2010Q3
SARIMA+CNY,2,2010Q4,2011Q2,42910.9,0.8,calibrated,39566.6679195478,46298.7952766986,6732.12735715083,True,6732.12735715083,1.5504283697128,24,False,,2010Q4
SARIMA+CNY,2,2010Q4,2011Q2,42910.9,0.95,calibrated,32346.2570774731,56633.7259176748,24287.4688402017,True,24287.4688402017,5.52670329561471,24,False,,2010Q4
SARIMA+CNY,2,2011Q1,2011Q3,44978.1,0.8,calibrated,41505.2406971718,48512.6083833319,7007.36768616011,True,7007.36768616011,1.5504283697128,25,False,,2011Q1
SARIMA+CNY,2,2011Q1,2011Q3,44978.1,0.95,calibrated,33980.0437250133,59256.177069473,25276.1333444596,True,25276.1333444596,5.52670329561471,25,False,,2011Q1
SARIMA+CNY,2,2011Q2,2011Q4,50415,0.8,calibrated,47992.2796107577,55855.2562231983,7862.97661244061,True,7862.97661244061,1.51913453791686,26,False,,2011Q2
SARIMA+CNY,2,2011Q2,2011Q4,50415,0.95,calibrated,39287.7318216401,68230.486976541,28942.755154901,True,28942.755154901,5.52670329561471,26,False,,2011Q2
SARIMA+CNY,2,2011Q3,2012Q1,49318.8,0.8,calibrated,47037.876690542,54683.3070473816,7645.43035683957,True,7645.43035683957,1.51913453791686,27,False,,2011Q3
SARIMA+CNY,2,2011Q3,2012Q1,49318.8,0.95,calibrated,38563.2668203692,66700.4345328738,28137.1677125046,True,28137.1677125046,5.52670329561471,27,False,,2011Q3
SARIMA+CNY,2,2011Q4,2012Q2,48902.8,0.8,calibrated,46231.2621940224,53731.8947879188,7500.6325938964,True,7500.6325938964,1.51913453791686,28,False,,2011Q4
SARIMA+CNY,2,2011Q4,2012Q2,48902.8,0.95,calibrated,37914.7169706432,65517.9179642907,27603.2009936474,True,27603.2009936474,5.52670329561471,28,False,,2011Q4
SARIMA+CNY,2,2012Q1,2012Q3,51200.4,0.8,calibrated,48218.8308859676,55998.652470214,7779.82158424642,True,7779.82158424642,1.51913453791686,29,False,,2012Q1
SARIMA+CNY,2,2012Q1,2012Q3,51200.4,0.95,calibrated,39585.0579601726,68212.3430517657,28627.285091593,True,28627.285091593,5.52670329561471,29,False,,2012Q1
SARIMA+CNY,2,2012Q2,2012Q4,57744.7,0.8,calibrated,54191.9835028885,62847.0696640227,8655.0861611342,True,8655.0861611342,1.51913453791686,30,False,,2012Q2
SARIMA+CNY,2,2012Q2,2012Q4,57744.7,0.95,calibrated,44571.3173761923,76412.5353013867,31841.2179251944,True,31841.2179251944,5.52670329561471,30,False,,2012Q2
SARIMA+CNY,2,2012Q3,2013Q1,55451,0.8,calibrated,53928.319936652,61115.4723952496,7187.15245859759,True,7187.15245859759,1.29112304426218,31,False,,2012Q3
SARIMA+CNY,2,2012Q3,2013Q1,55451,0.95,calibrated,43923.2036209669,75036.7568097278,31113.5531887609,True,31113.5531887609,5.52670329561471,31,False,,2012Q3
SARIMA+CNY,2,2012Q4,2013Q2,55313.3,0.8,calibrated,53126.4801652059,60154.8013125561,7028.32114735022,True,7028.32114735022,1.29112304426218,32,False,,2012Q4
SARIMA+CNY,2,2012Q4,2013Q2,55313.3,0.95,calibrated,43331.4587437053,73752.718035085,30421.2592913797,True,30421.2592913797,5.52670329561471,32,False,,2012Q4
SARIMA+CNY,2,2013Q1,2013Q3,58052.7,0.8,calibrated,54402.0238422628,61576.994363265,7174.97052100219,True,7174.97052100219,1.29112304426218,33,False,,2013Q1
SARIMA+CNY,2,2013Q1,2013Q3,58052.7,0.95,calibrated,44397.9497303219,75451.9777564724,31054.0280261505,True,31054.0280261505,5.52670329561471,33,False,,2013Q1
SARIMA+CNY,2,2013Q2,2013Q4,65563,0.8,calibrated,61535.7746289036,69593.5929589877,8057.81833008415,True,8057.81833008415,1.29112304426218,34,False,,2013Q2
SARIMA+CNY,2,2013Q2,2013Q4,65563,0.95,calibrated,50288.5428412949,85158.4756682054,34869.9328269105,True,34869.9328269105,5.52670329561471,34,False,,2013Q2
SARIMA+CNY,2,2013Q3,2014Q1,62081.2,0.8,calibrated,60063.9105447561,67877.4866246124,7813.57607985632,True,7813.57607985632,1.29112304426218,35,False,,2013Q3
SARIMA+CNY,2,2013Q3,2014Q1,62081.2,0.95,calibrated,49146.8119242705,82955.2747166135,33808.4627923429,True,33808.4627923429,5.52670329561471,35,False,,2013Q3
SARIMA+CNY,2,2013Q4,2014Q2,62117.5,0.8,calibrated,60092.9588627485,67338.7463595676,7245.78749681912,True,7245.78749681912,1.21037918541889,36,False,,2013Q4
SARIMA+CNY,2,2013Q4,2014Q2,62117.5,0.95,calibrated,49053.1856955675,82493.816812803,33440.6311172355,True,33440.6311172355,5.52670329561471,36,False,,2013Q4
SARIMA+CNY,2,2014Q1,2014Q3,64952.1,0.8,calibrated,61591.7167721968,68993.1452468472,7401.42847465042,True,7401.42847465042,1.21037918541889,37,False,,2014Q1
SARIMA+CNY,2,2014Q1,2014Q3,64952.1,0.95,calibrated,50309.1883191201,84465.8083988974,34156.6200797773,True,34156.6200797773,5.52670329561471,37,False,,2014Q1
SARIMA+CNY,2,2014Q2,2014Q4,73243.3,0.8,calibrated,69360.7452693059,77642.5257133169,8281.78044401103,True,8281.78044401103,1.21037918541889,38,False,,2014Q2
SARIMA+CNY,2,2014Q2,2014Q4,73243.3,0.95,calibrated,56724.3619625094,94938.8104466688,38214.4484841594,True,38214.4484841594,5.52670329561471,38,False,,2014Q2
SARIMA+CNY,2,2014Q3,2015Q1,70715.3,0.8,calibrated,67157.7923788759,75121.9176123834,7964.12523350758,True,7964.12523350758,1.21037918541889,39,False,,2014Q3
SARIMA+CNY,2,2014Q3,2015Q1,70715.3,0.95,calibrated,54993.9732595106,91737.7277380661,36743.7544785555,True,36743.7544785555,5.52670329561471,39,False,,2014Q3
SARIMA+CNY,2,2014Q4,2015Q2,70861.8,0.8,calibrated,66600.4333049337,74446.5353373478,7846.10203241411,True,7846.10203241411,1.21037918541889,40,False,,2014Q4
SARIMA+CNY,2,2014Q4,2015Q2,70861.8,0.95,calibrated,54605.4108918684,90800.0037090971,36194.5928172287,True,36194.5928172287,5.52670329561471,40,False,,2014Q4
SARIMA+CNY,2,2015Q1,2015Q3,74502.8,0.8,calibrated,69525.9955326671,77658.9945590298,8132.99902636271,True,8132.99902636271,1.21037918541889,40,False,,2015Q1
SARIMA+CNY,2,2015Q1,2015Q3,74502.8,0.95,calibrated,57079.6848699676,94592.6544808829,37512.9696109153,True,37512.9696109153,5.52670329561471,40,False,,2015Q1
SARIMA+CNY,2,2015Q2,2015Q4,84850.9,0.8,calibrated,78921.6717032554,88095.0073667138,9173.33566345846,True,9173.33566345846,1.21037918541889,40,False,,2015Q2
SARIMA+CNY,2,2015Q2,2015Q4,84850.9,0.95,calibrated,64870.4433790251,107176.780178131,42306.3367991058,True,42306.3367991058,5.52670329561471,40,False,,2015Q2
SARIMA+CNY,2,2015Q3,2016Q1,78024.4,0.8,calibrated,76553.2464673137,85399.0070472611,8845.76057994738,True,8845.76057994738,1.21037918541889,40,False,,2015Q3
SARIMA+CNY,2,2015Q3,2016Q1,78024.4,0.95,calibrated,62992.4005522694,103783.490980442,40791.0904281724,True,40791.0904281724,5.52670329561471,40,False,,2015Q3
SARIMA+CNY,2,2015Q4,2016Q2,78113.9,0.8,calibrated,77658.1976874139,85852.084958359,8193.88727094514,True,8193.88727094514,1.11608425112767,40,False,,2015Q4
SARIMA+CNY,2,2015Q4,2016Q2,78113.9,0.95,calibrated,71921.0825687827,92700.4703967952,20779.3878280125,True,20779.3878280125,2.82394850580291,40,False,,2015Q4
SARIMA+CNY,2,2016Q1,2016Q3,82343.5,0.8,calibrated,78670.9935138507,86487.4259164784,7816.43240262769,True,7816.43240262769,1.05370718207488,40,False,,2016Q1
SARIMA+CNY,2,2016Q1,2016Q3,82343.5,0.95,calibrated,72653.7730652519,93650.3561514149,20996.583086163,True,20996.583086163,2.82394850580291,40,False,,2016Q1
SARIMA+CNY,2,2016Q2,2016Q4,93834.2,0.8,calibrated,88469.1223675457,96632.5541217812,8163.43175423553,True,8163.43175423553,0.985884268452423,40,False,,2016Q2
SARIMA+CNY,2,2016Q2,2016Q4,93834.2,0.95,calibrated,84874.02161951,100725.723751061,15851.7021315509,True,15851.7021315509,1.9126679672764,40,False,,2016Q2
SARIMA+CNY,2,2016Q3,2017Q1,85823.4,0.8,calibrated,84273.4927597878,91239.4949509936,6966.0021912058,True,6966.0021912058,0.888823973098714,40,False,,2016Q3
SARIMA+CNY,2,2016Q3,2017Q1,85823.4,0.95,calibrated,80505.4436524916,95509.9502382691,15004.5065857775,True,15004.5065857775,1.9126679672764,40,False,,2016Q3
SARIMA+CNY,2,2016Q4,2017Q2,86545.3,0.8,calibrated,85414.5953164176,91970.3674565483,6555.77214013076,True,6555.77214013076,0.832163328375349,40,False,,2016Q4
SARIMA+CNY,2,2016Q4,2017Q2,86545.3,0.95,calibrated,82731.7135240182,94952.8467716639,12221.1332476456,True,12221.1332476456,1.5504283697128,40,False,,2016Q4
SARIMA+CNY,2,2017Q1,2017Q3,90809.7,0.8,calibrated,87952.9374754321,94384.8124696551,6431.87499422298,True,6431.87499422298,0.797079695705999,40,False,,2017Q1
SARIMA+CNY,2,2017Q1,2017Q3,90809.7,0.95,calibrated,85067.820214963,97585.9201375631,12518.0999226001,True,12518.0999226001,1.5504283697128,40,False,,2017Q1
SARIMA+CNY,2,2017Q2,2017Q4,103083.2,0.8,calibrated,99425.1315885469,106579.158103588,7154.02651504138,True,7154.02651504138,0.788978494932531,40,False,,2017Q2
SARIMA+CNY,2,2017Q2,2017Q4,103083.2,0.95,calibrated,97250.8480415287,108961.999123347,11711.1510818184,True,11711.1510818184,1.29112304426218,40,False,,2017Q2
SARIMA+CNY,2,2017Q3,2018Q1,90275.4,0.8,calibrated,93138.2940638911,99802.1598238753,6663.86575998424,False,35292.8063988948,0.788978494932531,40,False,,2017Q3
SARIMA+CNY,2,2017Q3,2018Q1,90275.4,0.95,calibrated,91112.4728330048,102021.190083652,10908.7172506471,False,44391.6305708391,1.29112304426218,40,False,,2017Q3
SARIMA+CNY,2,2017Q4,2018Q2,89742.5,0.8,calibrated,93533.8598795838,99557.0672492573,6023.20736967347,False,43936.806165512,0.716425290289135,40,False,,2017Q4
SARIMA+CNY,2,2017Q4,2018Q2,89742.5,0.95,calibrated,91221.6871370718,102080.51473683,10858.8275997581,False,70026.3130826295,1.29112304426218,40,False,,2017Q4
SARIMA+CNY,2,2018Q1,2018Q3,94281.4,0.8,calibrated,93111.2455130712,99791.1460417701,6679.9005286989,True,6679.9005286989,0.788978494932531,40,False,,2018Q1
SARIMA+CNY,2,2018Q1,2018Q3,94281.4,0.95,calibrated,90241.8401863022,102964.189116086,12722.3489297835,True,12722.3489297835,1.50187786628939,40,False,,2018Q1
SARIMA+CNY,2,2018Q2,2018Q4,106687.6,0.8,calibrated,103448.347528013,110891.335228926,7442.9877009124,True,7442.9877009124,0.788978494932531,40,False,,2018Q2
SARIMA+CNY,2,2018Q2,2018Q4,106687.6,0.95,calibrated,100251.604604485,114427.349366278,14175.7447617937,True,14175.7447617937,1.50187786628939,40,False,,2018Q2
SARIMA+CNY,2,2018Q3,2019Q1,97789.7,0.8,calibrated,93799.7897813856,99878.2396607265,6078.4498793409,True,6078.4498793409,0.716425290289135,40,False,,2018Q3
SARIMA+CNY,2,2018Q3,2019Q1,97789.7,0.95,calibrated,90626.1809035661,103375.843387684,12749.6624841181,True,12749.6624841181,1.50187786628939,40,False,,2018Q3
SARIMA+CNY,2,2018Q4,2019Q2,97420,0.8,calibrated,94007.445203313,99608.2518218672,5600.80661855423,True,5600.80661855423,0.663611374286358,40,False,,2018Q4
SARIMA+CNY,2,2018Q4,2019Q2,97420,0.95,calibrated,90633.4150906834,103316.390158893,12682.97506821,True,12682.97506821,1.50187786628939,40,False,,2018Q4
SARIMA+CNY,2,2019Q1,2019Q3,101464.5,0.8,calibrated,99676.6232201772,105168.566803227,5491.94358305029,True,5491.94358305029,0.61748177840194,40,False,,2019Q1
SARIMA+CNY,2,2019Q1,2019Q3,101464.5,0.95,calibrated,95920.7859451361,109286.506616483,13365.7206713466,True,13365.7206713466,1.50187786628939,40,False,,2019Q1
SARIMA+CNY,2,2019Q2,2019Q4,114974.8,0.8,calibrated,112488.636378753,118651.827711297,6163.19133254404,True,6163.19133254404,0.61748177840194,40,False,,2019Q2
SARIMA+CNY,2,2019Q2,2019Q4,114974.8,0.95,calibrated,108272.686110645,123271.923719074,14999.237608429,True,14999.237608429,1.50187786628939,40,False,,2019Q2
SARIMA+CNY,2,2019Q3,2020Q1,78579.7,0.8,calibrated,101782.507728778,107331.370767532,5548.86303875406,False,237576.940326532,0.61748177840194,40,False,,2019Q3
SARIMA+CNY,2,2019Q3,2020Q1,78579.7,0.95,calibrated,97985.9466106765,111490.029464045,13504.082853368,False,789753.947280429,1.50187786628939,40,False,,2019Q3
SARIMA+CNY,2,2019Q4,2020Q2,93676.5,0.8,calibrated,101989.428569103,107521.020722004,5531.59215290046,False,88660.8778439326,0.61748177840194,40,False,,2019Q4
SARIMA+CNY,2,2019Q4,2020Q2,93676.5,0.95,calibrated,98203.8197674812,111665.793536018,13461.9737685366,False,194554.764467784,1.50187786628939,40,False,,2019Q4
SARIMA+CNY,2,2020Q1,2020Q3,101067.8,0.8,calibrated,84473.456266072,90374.9758980421,5901.51963197006,False,112829.76065155,0.61748177840194,40,False,,2020Q1
SARIMA+CNY,2,2020Q1,2020Q3,101067.8,0.95,calibrated,79764.3538421145,95710.5048350528,15946.1509929383,False,230237.957590826,1.66647111862754,40,False,,2020Q1
SARIMA+CNY,2,2020Q2,2020Q4,118656.6,0.8,calibrated,102837.301329286,109673.242421893,6835.94109260736,False,96669.516873677,0.61748177840194,40,False,,2020Q2
SARIMA+CNY,2,2020Q2,2020Q4,118656.6,0.95,calibrated,92716.8144270702,121644.605117139,28927.7906900689,True,28927.7906900689,2.60544836020568,40,False,,2020Q2
SARIMA+CNY,2,2020Q3,2021Q1,105220.8,0.8,calibrated,86295.1441970478,93073.0799317881,6777.93573474024,False,128255.13641686,0.716425290289135,40,False,,2020Q3
SARIMA+CNY,2,2020Q3,2021Q1,105220.8,0.95,calibrated,77873.0470147189,103139.085492043,25266.0384773244,False,108534.618795589,2.66247888168092,40,False,,2020Q3
SARIMA+CNY,2,2020Q4,2021Q2,106683.5,0.8,calibrated,96252.4238016672,104690.77191455,8438.34811288248,False,28365.6289673858,0.788978494932531,40,False,,2020Q4
SARIMA+CNY,2,2020Q4,2021Q2,106683.5,0.95,calibrated,87112.2626002636,115675.339448851,28563.0768485872,True,28563.0768485872,2.66247888168092,40,False,,2020Q4
SARIMA+CNY,2,2021Q1,2021Q3,106152.9,0.8,calibrated,108348.701895671,120881.359430018,12532.6575343473,False,34490.6764910579,0.985884268452423,40,False,,2021Q1
SARIMA+CNY,2,2021Q1,2021Q3,106152.9,0.95,calibrated,96666.3007091547,135490.220289211,38823.9195800567,True,38823.9195800567,3.04115126647766,40,False,,2021Q1
SARIMA+CNY,2,2021Q2,2021Q4,122766,0.8,calibrated,121641.116693191,137974.254816782,16333.1381235914,True,16333.1381235914,1.14302827488209,40,False,,2021Q2
SARIMA+CNY,2,2021Q2,2021Q4,122766,0.95,calibrated,109559.005477563,153189.985229114,43630.9797515506,True,43630.9797515506,3.04115126647766,40,False,,2021Q2
SARIMA+CNY,2,2021Q3,2022Q1,108659.1,0.8,calibrated,96653.8007215168,112275.760877305,15621.9601557887,True,15621.9601557887,1.35471647470182,40,False,,2021Q3
SARIMA+CNY,2,2021Q3,2022Q1,108659.1,0.95,calibrated,88047.9362898207,123249.669157167,35201.7328673467,True,35201.7328673467,3.04115126647766,40,False,,2021Q3
SARIMA+CNY,2,2021Q4,2022Q2,101772.6,0.8,calibrated,101281.908742182,117595.079035416,16313.1702932345,True,16313.1702932345,1.35471647470182,40,False,,2021Q4
SARIMA+CNY,2,2021Q4,2022Q2,101772.6,0.95,calibrated,92291.7131975984,129050.091831047,36758.3786334484,True,36758.3786334484,3.04115126647766,40,False,,2021Q4
SARIMA+CNY,2,2022Q1,2022Q3,109872.9,0.8,calibrated,108131.265565904,125519.958234642,17388.6926687382,True,17388.6926687382,1.35471647470182,40,False,,2022Q1
SARIMA+CNY,2,2022Q1,2022Q3,109872.9,0.95,calibrated,98546.6186213418,137728.032961161,39181.4143398196,True,39181.4143398196,3.04115126647766,40,False,,2022Q1
SARIMA+CNY,2,2022Q2,2022Q4,119427.9,0.8,calibrated,115419.912139565,134195.501039749,18775.5889001833,True,18775.5889001833,1.35471647470182,40,False,,2022Q2
SARIMA+CNY,2,2022Q2,2022Q4,119427.9,0.95,calibrated,105084.374852075,147394.253059372,42309.878207297,True,42309.878207297,3.04115126647766,40,False,,2022Q2
SARIMA+CNY,2,2022Q3,2023Q1,114922.4,0.8,calibrated,98785.9829521418,114754.729539713,15968.7465875712,False,17645.4511904407,1.35471647470182,40,False,,2022Q3
SARIMA+CNY,2,2022Q3,2023Q1,114922.4,0.95,calibrated,89989.215915649,125972.413923615,35983.1980079664,True,35983.1980079664,3.04115126647766,40,False,,2022Q3
SARIMA+CNY,2,2022Q4,2023Q2,112665.2,0.8,calibrated,97704.1664720834,113545.450100736,15841.2836286523,True,15841.2836286523,1.35471647470182,40,False,,2022Q4
SARIMA+CNY,2,2022Q4,2023Q2,112665.2,0.95,calibrated,88980.599462356,124677.329955315,35696.7304929594,True,35696.7304929594,3.04115126647766,40,False,,2022Q4
SARIMA+CNY,2,2023Q1,2023Q3,114519.4,0.8,calibrated,109641.045522402,127970.230688477,18329.1851660753,True,18329.1851660753,1.38111718614962,40,False,,2023Q1
SARIMA+CNY,2,2023Q1,2023Q3,114519.4,0.95,calibrated,99913.9740734958,140428.703977951,40514.7299044553,True,40514.7299044553,3.04115126647766,40,False,,2023Q1
SARIMA+CNY,2,2023Q2,2023Q4,129388.2,0.8,calibrated,122819.938954173,143258.830576487,20438.8916223138,True,20438.8916223138,1.38111718614962,40,False,,2023Q2
SARIMA+CNY,2,2023Q2,2023Q4,129388.2,0.95,calibrated,111967.549785821,157144.108803911,45176.5590180906,True,45176.5590180906,3.04115126647766,40,False,,2023Q2
SARIMA+CNY,2,2023Q3,2024Q1,120326.8,0.8,calibrated,109394.543440007,127520.844493165,18126.3010531577,True,18126.3010531577,1.38111718614962,40,False,,2023Q3
SARIMA+CNY,2,2023Q3,2024Q1,120326.8,0.95,calibrated,99765.2787802119,139829.054085507,40063.7753052948,True,40063.7753052948,3.04115126647766,40,False,,2023Q3
SARIMA+CNY,2,2023Q4,2024Q2,115642.2,0.8,calibrated,107599.091275044,125346.485011913,17747.393736869,True,17747.393736869,1.38111718614962,40,False,,2023Q4
SARIMA+CNY,2,2023Q4,2024Q2,115642.2,0.95,calibrated,98166.1632026672,137391.209371788,39225.0461691204,True,39225.0461691204,3.04115126647766,40,False,,2023Q4
SARIMA+CNY,2,2024Q1,2024Q3,117595,0.8,calibrated,112983.802582468,131540.870267979,18557.0676855108,True,18557.0676855108,1.38111718614962,40,False,,2024Q1
SARIMA+CNY,2,2024Q1,2024Q3,117595,0.95,calibrated,103115.76618196,144129.149868874,41013.3836869148,True,41013.3836869148,3.04115126647766,40,False,,2024Q1
SARIMA+CNY,2,2024Q2,2024Q4,134330.8,0.8,calibrated,125369.100316063,145866.651649947,20497.5513338841,True,20497.5513338841,1.38111718614962,40,False,,2024Q2
SARIMA+CNY,2,2024Q2,2024Q4,134330.8,0.95,calibrated,114463.515046373,159764.191026824,45300.6759804518,True,45300.6759804518,3.04115126647766,40,False,,2024Q2
SARIMA+CNY,2,2024Q3,2025Q1,124671.1,0.8,calibrated,112073.988786867,130346.664825754,18272.6760388875,True,18272.6760388875,1.38111718614962,40,False,,2024Q3
SARIMA+CNY,2,2024Q3,2025Q1,124671.1,0.95,calibrated,102349.048748584,142731.865422338,40382.816673754,True,40382.816673754,3.04115126647766,40,False,,2024Q3
SARIMA+CNY,2,2024Q4,2025Q2,120787.3,0.8,calibrated,111438.153115082,129515.051750465,18076.8986353823,True,18076.8986353823,1.38111718614962,40,False,,2024Q4
SARIMA+CNY,2,2024Q4,2025Q2,120787.3,0.95,calibrated,101811.876617267,141760.653542736,39948.7769254691,True,39948.7769254691,3.04115126647766,40,False,,2024Q4
SARIMA+CNY,2,2025Q1,2025Q3,120418.8,0.8,calibrated,116420.178245671,135243.121409531,18822.9431638607,True,18822.9431638607,1.38111718614962,40,False,,2025Q1
SARIMA+CNY,2,2025Q1,2025Q3,120418.8,0.95,calibrated,106392.897854917,147989.467515672,41596.5696607548,True,41596.5696607548,3.04115126647766,40,False,,2025Q1
SARIMA+CNY,2,2025Q2,2025Q4,135325.2,0.8,calibrated,130362.281978027,151340.530070582,20978.2480925555,True,20978.2480925555,1.38111718614962,40,False,,2025Q2
SARIMA+CNY,2,2025Q2,2025Q4,135325.2,0.95,calibrated,119180.934503073,165539.034729222,46358.1002261488,True,46358.1002261488,3.04115126647766,40,False,,2025Q2
SARIMA+CNY,2,2025Q3,2026Q1,127694.9,0.8,calibrated,119471.830467916,138655.540456939,19183.7099890236,True,19183.7099890236,1.38111718614962,40,False,,2025Q3
SARIMA+CNY,2,2025Q3,2026Q1,127694.9,0.95,calibrated,109244.461971644,151636.347728167,42391.8857565229,True,42391.8857565229,3.04115126647766,40,False,,2025Q3
SARIMA+CNY,2,2025Q4,2026Q2,121027.2,0.8,calibrated,113679.899061802,131885.51348184,18205.6144200375,True,18205.6144200375,1.38111718614962,40,False,,2025Q4
SARIMA+CNY,2,2025Q4,2026Q2,121027.2,0.95,calibrated,103971.120180216,144200.926510575,40229.8063303591,True,40229.8063303591,3.04115126647766,40,False,,2025Q4
SARIMA-W40,1,2004Q4,2005Q1,15112.2,0.8,calibrated,14780.9385757757,15528.061414356,747.122838580295,True,747.122838580295,1.2815515655446,0,True,insufficient_history,
SARIMA-W40,1,2004Q4,2005Q1,15112.2,0.95,calibrated,14589.2761165224,15732.0568980485,1142.78078152607,True,1142.78078152607,1.95996398454005,0,True,insufficient_history,
SARIMA-W40,1,2005Q1,2005Q2,14497.5,0.8,calibrated,14283.2503452727,14998.4868529945,715.236507721844,True,715.236507721844,1.2815515655446,1,True,insufficient_history,2005Q1
SARIMA-W40,1,2005Q1,2005Q2,14497.5,0.95,calibrated,14099.7154460269,15193.7209897359,1094.00554370908,True,1094.00554370908,1.95996398454005,1,True,insufficient_history,2005Q1
SARIMA-W40,1,2005Q2,2005Q3,15470.9,0.8,calibrated,15013.5752013702,15744.1811056217,730.605904251513,True,730.605904251513,1.2815515655446,2,True,insufficient_history,2005Q2
SARIMA-W40,1,2005Q2,2005Q3,15470.9,0.95,calibrated,14825.9358542724,15943.4419072524,1117.50605297998,True,1117.50605297998,1.95996398454005,2,True,insufficient_history,2005Q2
SARIMA-W40,1,2005Q3,2005Q4,22096,0.8,calibrated,17716.7377927354,18573.2190185773,856.481225841988,False,36084.2910400685,1.2815515655446,3,True,insufficient_history,2005Q3
SARIMA-W40,1,2005Q3,2005Q4,22096,0.95,calibrated,17496.7275630558,18806.7654441841,1310.03788112826,False,132879.420113766,1.95996398454005,3,True,insufficient_history,2005Q3
SARIMA-W40,1,2005Q4,2006Q1,18440.2,0.8,calibrated,20545.1191295001,22595.9174384474,2050.79830894726,False,23099.9896039483,1.2815515655446,4,True,insufficient_history,2005Q4
SARIMA-W40,1,2005Q4,2006Q1,18440.2,0.95,calibrated,20034.180040104,23172.1894624064,3138.00942230243,False,66897.2110264611,1.95996398454005,4,True,insufficient_history,2005Q4
SARIMA-W40,1,2006Q1,2006Q2,18008,0.8,calibrated,18410.4381954356,20299.1046297195,1888.66643428392,False,5913.04838863999,1.2815515655446,5,True,insufficient_history,2006Q1
SARIMA-W40,1,2006Q1,2006Q2,18008,0.95,calibrated,17940.6488917658,20830.6518600704,2890.00296830464,True,2890.00296830464,1.95996398454005,5,True,insufficient_history,2006Q1
SARIMA-W40,1,2006Q2,2006Q3,18643.2,0.8,calibrated,18355.9792806253,20205.467750467,1849.48846984169,True,1849.48846984169,1.2815515655446,6,True,insufficient_history,2006Q2
SARIMA-W40,1,2006Q2,2006Q3,18643.2,0.95,calibrated,17895.4459379413,20725.4487353434,2830.00279740209,True,2830.00279740209,1.95996398454005,6,True,insufficient_history,2006Q2
SARIMA-W40,1,2006Q3,2006Q4,21318.6,0.8,calibrated,25333.7533368286,27993.6153229615,2659.86198613296,False,42811.3953544188,1.2815515655446,7,True,insufficient_history,2006Q3
SARIMA-W40,1,2006Q3,2006Q4,21318.6,0.95,calibrated,24673.0582367098,28743.2282935568,4070.17005684704,False,138248.499525239,1.95996398454005,7,True,insufficient_history,2006Q3
SARIMA-W40,1,2006Q4,2007Q1,21187.8,0.8,calibrated,18772.8182373702,20898.2138292567,2125.39559188644,False,5021.25729931955,1.2815515655446,8,True,insufficient_history,2006Q4
SARIMA-W40,1,2006Q4,2007Q1,21187.8,0.95,calibrated,18247.3824732119,21499.9806289081,3252.59815569616,True,3252.59815569616,1.95996398454005,8,True,insufficient_history,2006Q4
SARIMA-W40,1,2007Q1,2007Q2,20856,0.8,calibrated,18700.6520935315,20728.619457848,2027.9673643165,False,3301.77278583681,1.2815515655446,9,True,insufficient_history,2007Q1
SARIMA-W40,1,2007Q1,2007Q2,20856,0.95,calibrated,18197.9207022229,21301.2633258189,3103.34262359601,True,3103.34262359601,1.95996398454005,9,True,insufficient_history,2007Q1
SARIMA-W40,1,2007Q2,2007Q3,21783.2,0.8,calibrated,20411.8201486125,22690.8431336368,2279.02298502432,True,2279.02298502432,1.2815515655446,10,True,insufficient_history,2007Q2
SARIMA-W40,1,2007Q2,2007Q3,21783.2,0.95,calibrated,19847.8971171712,23335.5406031137,3487.64348594249,True,3487.64348594249,1.95996398454005,10,True,insufficient_history,2007Q2
SARIMA-W40,1,2007Q3,2007Q4,25383,0.8,calibrated,25124.926690406,27887.0177032759,2762.09101286998,True,2762.09101286998,1.2815515655446,11,True,insufficient_history,2007Q3
SARIMA-W40,1,2007Q3,2007Q4,25383,0.95,calibrated,24440.795674395,28667.6131474269,4226.8174730319,True,4226.8174730319,1.95996398454005,11,True,insufficient_history,2007Q3
SARIMA-W40,1,2007Q4,2008Q1,25555.2,0.8,calibrated,22875.4988033448,25434.7118253896,2559.21302204486,False,3764.0947681486,1.2815515655446,12,True,insufficient_history,2007Q4
SARIMA-W40,1,2007Q4,2008Q1,25555.2,0.95,calibrated,22242.3269324958,26158.7612524061,3916.43431991026,True,3916.43431991026,1.95996398454005,12,True,insufficient_history,2007Q4
SARIMA-W40,1,2008Q1,2008Q2,25487.5,0.8,calibrated,22585.1432046421,25190.9487197071,2605.805515065,False,5571.3183179936,1.2815515655446,13,True,insufficient_history,2008Q1
SARIMA-W40,1,2008Q1,2008Q2,25487.5,0.95,calibrated,21941.7412545706,25929.6278127821,3987.88655821151,True,3987.88655821151,1.95996398454005,13,True,insufficient_history,2008Q1
SARIMA-W40,1,2008Q2,2008Q3,26843,0.8,calibrated,24854.9362576995,27850.5695318561,2995.63327415659,True,2995.63327415659,1.2815515655446,14,True,insufficient_history,2008Q2
SARIMA-W40,1,2008Q2,2008Q3,26843,0.95,calibrated,24117.4614010728,28702.19709045,4584.73568937719,True,4584.73568937719,1.95996398454005,14,True,insufficient_history,2008Q2
SARIMA-W40,1,2008Q3,2008Q4,30602,0.8,calibrated,30581.633269272,34255.3272847669,3673.6940154949,True,3673.6940154949,1.2815515655446,15,True,insufficient_history,2008Q3
SARIMA-W40,1,2008Q3,2008Q4,30602,0.95,calibrated,29677.0255743883,35299.489630986,5622.46405659777,True,5622.46405659777,1.95996398454005,15,True,insufficient_history,2008Q3
SARIMA-W40,1,2008Q4,2009Q1,29398,0.8,calibrated,28059.9950602129,31494.5871255839,3434.59206537103,True,3434.59206537103,1.2815515655446,16,True,insufficient_history,2008Q4
SARIMA-W40,1,2008Q4,2009Q1,29398,0.95,calibrated,27215.3628724166,32472.0255728436,5256.66270042703,True,5256.66270042703,1.95996398454005,16,True,insufficient_history,2008Q4
SARIMA-W40,1,2009Q1,2009Q2,29313.2,0.8,calibrated,26700.4204684546,29935.6123386035,3235.19187014891,True,3235.19187014891,1.2815515655446,17,True,insufficient_history,2009Q1
SARIMA-W40,1,2009Q1,2009Q2,29313.2,0.95,calibrated,25904.262574883,30855.6722705696,4951.40969568657,True,4951.40969568657,1.95996398454005,17,True,insufficient_history,2009Q1
SARIMA-W40,1,2009Q2,2009Q3,30964.9,0.8,calibrated,28687.484906313,32242.6387470326,3555.15384071961,True,3555.15384071961,1.2815515655446,18,True,insufficient_history,2009Q2
SARIMA-W40,1,2009Q2,2009Q3,30964.9,0.95,calibrated,27813.9653790517,33255.2442555293,5441.27887647755,True,5441.27887647755,1.95996398454005,18,True,insufficient_history,2009Q2
SARIMA-W40,1,2009Q3,2009Q4,35666.6,0.8,calibrated,34624.8907325657,38932.4576456488,4307.56691308306,True,4307.56691308306,1.2815515655446,19,True,insufficient_history,2009Q3
SARIMA-W40,1,2009Q3,2009Q4,35666.6,0.95,calibrated,33566.7890738113,40159.6974011007,6592.9083272894,True,6592.9083272894,1.95996398454005,19,True,insufficient_history,2009Q3
SARIMA-W40,1,2009Q4,2010Q1,36374,0.8,calibrated,31683.5359517482,37629.8524393738,5946.31648762559,True,5946.31648762559,1.86162027867043,20,False,,2009Q4
SARIMA-W40,1,2009Q4,2010Q1,36374,0.95,calibrated,21052.30399008,56632.6034045335,35580.2994144535,True,35580.2994144535,10.710506726486,20,False,,2009Q4
SARIMA-W40,1,2010Q1,2010Q2,36295.4,0.8,calibrated,32380.4196498387,37647.4865218841,5267.06687204544,True,5267.06687204544,1.61042639978752,21,False,,2010Q1
SARIMA-W40,1,2010Q1,2010Q2,36295.4,0.95,calibrated,26726.4219606937,45611.844867715,18885.4229070213,True,18885.4229070213,5.71152317408564,21,False,,2010Q1
SARIMA-W40,1,2010Q2,2010Q3,38359.1,0.8,calibrated,35108.7448511615,40917.3951477984,5808.65029663692,True,5808.65029663692,1.61042639978752,22,False,,2010Q2
SARIMA-W40,1,2010Q2,2010Q3,38359.1,0.95,calibrated,28890.1962913755,49724.7707052463,20834.5744138708,True,20834.5744138708,5.71152317408564,22,False,,2010Q2
SARIMA-W40,1,2010Q3,2010Q4,43525.2,0.8,calibrated,41457.1250601115,48326.0020866168,6868.87702650526,True,6868.87702650526,1.61042639978752,23,False,,2010Q3
SARIMA-W40,1,2010Q3,2010Q4,43525.2,0.95,calibrated,34105.2338786105,58743.3916826641,24638.1578040535,True,24638.1578040535,5.71152317408564,23,False,,2010Q3
SARIMA-W40,1,2010Q4,2011Q1,42921.8,0.8,calibrated,39855.0322880067,46521.6914551315,6666.6591671248,True,6666.6591671248,1.61042639978752,24,False,,2010Q4
SARIMA-W40,1,2010Q4,2011Q1,42921.8,0.95,calibrated,32730.5234325366,56648.1473740751,23917.6239415385,True,23917.6239415385,5.71152317408564,24,False,,2010Q4
SARIMA-W40,1,2011Q1,2011Q2,42910.9,0.8,calibrated,39168.4056967433,45658.0618441432,6489.65614739984,True,6489.65614739984,1.61042639978752,25,False,,2011Q1
SARIMA-W40,1,2011Q1,2011Q2,42910.9,0.95,calibrated,32222.3999454803,55500.319425749,23277.9194802686,True,23277.9194802686,5.71152317408564,25,False,,2011Q1
SARIMA-W40,1,2011Q2,2011Q3,44978.1,0.8,calibrated,41737.9429595168,48405.9002248328,6667.95726531594,True,6667.95726531594,1.5562681917157,26,False,,2011Q2
SARIMA-W40,1,2011Q2,2011Q3,44978.1,0.95,calibrated,34245.2513308504,58996.8717989247,24751.6204680744,True,24751.6204680744,5.71152317408564,26,False,,2011Q2
SARIMA-W40,1,2011Q3,2011Q4,50415,0.8,calibrated,48333.1643989341,56055.974117299,7722.80971836488,True,7722.80971836488,1.5562681917157,27,False,,2011Q3
SARIMA-W40,1,2011Q3,2011Q4,50415,0.95,calibrated,39655.3674217288,68322.7212029118,28667.353781183,True,28667.353781183,5.71152317408564,27,False,,2011Q3
SARIMA-W40,1,2011Q4,2012Q1,49318.8,0.8,calibrated,46822.4531928665,53943.8856159327,7121.43242306614,True,7121.43242306614,1.5562681917157,28,False,,2011Q4
SARIMA-W40,1,2011Q4,2012Q1,49318.8,0.95,calibrated,38758.5238600466,65167.2150470365,26408.6911869899,True,26408.6911869899,5.71152317408564,28,False,,2011Q4
SARIMA-W40,1,2012Q1,2012Q2,48902.8,0.8,calibrated,45986.010060222,52822.2780825076,6836.26802228556,True,6836.26802228556,1.5562681917157,29,False,,2012Q1
SARIMA-W40,1,2012Q1,2012Q2,48902.8,0.95,calibrated,38218.1665754323,63558.4076622745,25340.2410868421,True,25340.2410868421,5.71152317408564,29,False,,2012Q1
SARIMA-W40,1,2012Q2,2012Q3,51200.4,0.8,calibrated,47746.0710728889,55274.0271459133,7527.95607302438,True,7527.95607302438,1.5562681917157,30,False,,2012Q2
SARIMA-W40,1,2012Q2,2012Q3,51200.4,0.95,calibrated,39269.3149418615,67205.5937950739,27936.2788532124,True,27936.2788532124,5.71152317408564,30,False,,2012Q2
SARIMA-W40,1,2012Q3,2012Q4,57744.7,0.8,calibrated,54846.859842817,62762.2525745441,7915.39273172712,True,7915.39273172712,1.4340664388658,31,False,,2012Q3
SARIMA-W40,1,2012Q3,2012Q4,57744.7,0.95,calibrated,44857.6690809555,76738.549748608,31880.8806676525,True,31880.8806676525,5.71152317408564,31,False,,2012Q3
SARIMA-W40,1,2012Q4,2013Q1,55451,0.8,calibrated,53236.8821296745,60895.3069019999,7658.42477232534,True,7658.42477232534,1.4340664388658,32,False,,2012Q4
SARIMA-W40,1,2012Q4,2013Q1,55451,0.95,calibrated,43567.1698102879,74410.9908885243,30843.8210782364,True,30843.8210782364,5.71152317408564,32,False,,2012Q4
SARIMA-W40,1,2013Q1,2013Q2,55313.3,0.8,calibrated,51810.7040141698,59224.1408619628,7413.43684779294,True,7413.43684779294,1.4340664388658,33,False,,2013Q1
SARIMA-W40,1,2013Q1,2013Q2,55313.3,0.95,calibrated,42442.5641478936,72296.3961838046,29853.832035911,True,29853.832035911,5.71152317408564,33,False,,2013Q1
SARIMA-W40,1,2013Q2,2013Q3,58052.7,0.8,calibrated,54172.6623535972,61924.9177964465,7752.25544284934,True,7752.25544284934,1.4340664388658,34,False,,2013Q2
SARIMA-W40,1,2013Q2,2013Q3,58052.7,0.95,calibrated,44376.5337755734,75594.8556060429,31218.3218304694,True,31218.3218304694,5.71152317408564,34,False,,2013Q2
SARIMA-W40,1,2013Q3,2013Q4,65563,0.8,calibrated,61837.6696713368,70685.6182042735,8847.94853293667,True,8847.94853293667,1.4340664388658,35,False,,2013Q3
SARIMA-W40,1,2013Q3,2013Q4,65563,0.95,calibrated,50656.7378228529,86287.3153086888,35630.5774858359,True,35630.5774858359,5.71152317408564,35,False,,2013Q3
SARIMA-W40,1,2013Q4,2014Q1,62081.2,0.8,calibrated,60149.9769992229,68424.8940113691,8274.91701214623,True,8274.91701214623,1.39577436453955,36,False,,2013Q4
SARIMA-W40,1,2013Q4,2014Q1,62081.2,0.95,calibrated,49282.4346833039,83513.6459350388,34231.2112517349,True,34231.2112517349,5.71152317408564,36,False,,2013Q4
SARIMA-W40,1,2014Q1,2014Q2,62117.5,0.8,calibrated,58373.4643442527,66551.9562144869,8178.4918702342,True,8178.4918702342,1.39577436453955,37,False,,2014Q1
SARIMA-W40,1,2014Q1,2014Q2,62117.5,0.95,calibrated,47662.5914272254,81507.7008361644,33845.109408939,True,33845.109408939,5.71152317408564,37,False,,2014Q1
SARIMA-W40,1,2014Q2,2014Q3,64952.1,0.8,calibrated,60921.3908560989,69316.898652024,8395.50779592511,True,8395.50779592511,1.39577436453955,38,False,,2014Q2
SARIMA-W40,1,2014Q2,2014Q3,64952.1,0.95,calibrated,49898.3701521113,84629.6554945466,34731.2853424353,True,34731.2853424353,5.71152317408564,38,False,,2014Q2
SARIMA-W40,1,2014Q3,2014Q4,73243.3,0.8,calibrated,68704.149135279,78302.3578231573,9598.20868787829,True,9598.20868787829,1.39577436453955,39,False,,2014Q3
SARIMA-W40,1,2014Q3,2014Q4,73243.3,0.95,calibrated,56128.3704282341,95846.3042572146,39717.9338289805,True,39717.9338289805,5.71152317408564,39,False,,2014Q3
SARIMA-W40,1,2014Q4,2015Q1,70715.3,0.8,calibrated,65865.1927446856,74986.9966221297,9121.80387744417,True,9121.80387744417,1.39577436453955,40,False,,2014Q4
SARIMA-W40,1,2014Q4,2015Q1,70715.3,0.95,calibrated,53897.609873682,91637.3285835327,37739.7187098506,True,37739.7187098506,5.71152317408564,40,False,,2014Q4
SARIMA-W40,1,2015Q1,2015Q2,70861.8,0.8,calibrated,66114.3141252553,75209.3662018374,9095.05207658214,True,9095.05207658214,1.39577436453955,40,False,,2015Q1
SARIMA-W40,1,2015Q1,2015Q2,70861.8,0.95,calibrated,54169.6017687881,91793.4690281345,37623.8672593463,True,37623.8672593463,5.71152317408564,40,False,,2015Q1
SARIMA-W40,1,2015Q2,2015Q3,74502.8,0.8,calibrated,69894.5625833605,78107.3775104597,8212.81492709916,True,8212.81492709916,1.39577436453955,40,False,,2015Q2
SARIMA-W40,1,2015Q2,2015Q3,74502.8,0.95,calibrated,58864.1266470731,92743.7693649778,33879.6427179047,True,33879.6427179047,5.71152317408564,40,False,,2015Q2
SARIMA-W40,1,2015Q3,2015Q4,84850.9,0.8,calibrated,80827.6916779023,87746.289664093,6918.59798619077,True,6918.59798619077,1.39577436453955,40,False,,2015Q3
SARIMA-W40,1,2015Q3,2015Q4,84850.9,0.95,calibrated,71189.5681319802,99625.9737620624,28436.4056300822,True,28436.4056300822,5.71152317408564,40,False,,2015Q3
SARIMA-W40,1,2015Q4,2016Q1,78024.4,0.8,calibrated,80434.342560442,83390.1683578853,2955.82579744334,False,27055.2514018632,1.26650953659979,40,False,,2015Q4
SARIMA-W40,1,2015Q4,2016Q1,78024.4,0.95,calibrated,77149.1763131235,86941.0885301973,9791.91221707386,True,9791.91221707386,4.19336217506352,40,False,,2015Q4
SARIMA-W40,1,2016Q1,2016Q2,78113.9,0.8,calibrated,75943.4642007921,79069.1919216665,3125.72772087439,True,3125.72772087439,1.26650953659979,40,False,,2016Q1
SARIMA-W40,1,2016Q1,2016Q2,78113.9,0.95,calibrated,73404.9561260229,81803.5819785726,8398.62585254964,True,8398.62585254964,3.40159540508216,40,False,,2016Q1
SARIMA-W40,1,2016Q2,2016Q3,82343.5,0.8,calibrated,80507.9219221852,83408.8813408115,2900.95941862625,True,2900.95941862625,1.12685716939044,40,False,,2016Q2
SARIMA-W40,1,2016Q2,2016Q3,82343.5,0.95,calibrated,77682.2011026836,86442.9124211682,8760.71131848461,True,8760.71131848461,3.40159540508216,40,False,,2016Q2
SARIMA-W40,1,2016Q3,2016Q4,93834.2,0.8,calibrated,91497.3408632043,94960.9972343656,3463.65637116136,True,3463.65637116136,1.12685716939044,40,False,,2016Q3
SARIMA-W40,1,2016Q3,2016Q4,93834.2,0.95,calibrated,88129.467394173,98589.9380714632,10460.4706772902,True,10460.4706772902,3.40159540508216,40,False,,2016Q3
SARIMA-W40,1,2016Q4,2017Q1,85823.4,0.8,calibrated,87228.3591338367,90023.0722251873,2794.71309135064,False,16844.3044297174,1.03042324205935,40,False,,2016Q4
SARIMA-W40,1,2016Q4,2017Q1,85823.4,0.95,calibrated,86457.5799156186,90825.6382153415,4368.05829972294,False,29735.2549244676,1.61042639978752,40,False,,2016Q4
SARIMA-W40,1,2017Q1,2017Q2,86545.3,0.8,calibrated,84268.3409279506,87148.4833191369,2880.14239118624,True,2880.14239118624,1.03042324205935,40,False,,2017Q1
SARIMA-W40,1,2017Q1,2017Q2,86545.3,0.95,calibrated,82822.7098142308,88669.6187574994,5846.9089432686,True,5846.9089432686,2.09153074965238,40,False,,2017Q1
SARIMA-W40,1,2017Q2,2017Q3,90809.7,0.8,calibrated,89891.9282399526,92346.1400590177,2454.21181906512,True,2454.21181906512,0.828782912797046,40,False,,2017Q2
SARIMA-W40,1,2017Q2,2017Q3,90809.7,0.95,calibrated,88066.1521315221,94260.6483251871,6194.49619366496,True,6194.49619366496,2.09153074965238,40,False,,2017Q2
SARIMA-W40,1,2017Q3,2017Q4,103083.2,0.8,calibrated,101761.398277474,104488.247695313,2726.84941783824,True,2726.84941783824,0.828782912797046,40,False,,2017Q3
SARIMA-W40,1,2017Q3,2017Q4,103083.2,0.95,calibrated,99731.9169712738,106614.517317467,6882.60034619356,True,6882.60034619356,2.09153074965238,40,False,,2017Q3
SARIMA-W40,1,2017Q4,2018Q1,90275.4,0.8,calibrated,93847.4069638189,96184.1953136807,2336.78834986183,False,38056.8579880504,0.810682293745055,40,False,,2017Q4
SARIMA-W40,1,2017Q4,2018Q1,90275.4,0.95,calibrated,92041.5949438784,98071.2831692492,6029.68822537076,False,76677.485980507,2.09153074965238,40,False,,2017Q4
SARIMA-W40,1,2018Q1,2018Q2,89742.5,0.8,calibrated,89407.699274846,91934.4780342896,2526.77875944356,True,2526.77875944356,0.810682293745055,40,False,,2018Q1
SARIMA-W40,1,2018Q1,2018Q2,89742.5,0.95,calibrated,85561.4989742569,96067.1594539591,10505.6604797022,True,10505.6604797022,3.36882310419958,40,False,,2018Q1
SARIMA-W40,1,2018Q2,2018Q3,94281.4,0.8,calibrated,92942.2756541663,95249.2613209271,2306.9856667608,True,2306.9856667608,0.711353035720755,40,False,,2018Q2
SARIMA-W40,1,2018Q2,2018Q3,94281.4,0.95,calibrated,88781.6750432927,99712.9542467911,10931.2792034985,True,10931.2792034985,3.36882310419958,40,False,,2018Q2
SARIMA-W40,1,2018Q3,2018Q4,106687.6,0.8,calibrated,105545.050544263,108180.194420732,2635.14387646834,True,2635.14387646834,0.711353035720755,40,False,,2018Q3
SARIMA-W40,1,2018Q3,2018Q4,106687.6,0.95,calibrated,100793.586042422,113279.867661607,12486.2816191851,True,12486.2816191851,3.36882310419958,40,False,,2018Q3
SARIMA-W40,1,2018Q4,2019Q1,97789.7,0.8,calibrated,92770.660360485,94593.3734579239,1822.71309743891,False,33785.9785182002,0.670781659138009,40,False,,2018Q4
SARIMA-W40,1,2018Q4,2019Q1,97789.7,0.95,calibrated,89210.6231109113,98368.2146296347,9157.59151872341,True,9157.59151872341,3.36882310419958,40,False,,2018Q4
SARIMA-W40,1,2019Q1,2019Q2,97420,0.8,calibrated,96613.9116114545,98847.1803980749,2233.26878662041,True,2233.26878662041,0.711353035720755,40,False,,2019Q1
SARIMA-W40,1,2019Q1,2019Q2,97420,0.95,calibrated,92576.655373089,103157.893440134,10581.2380670448,True,10581.2380670448,3.36882310419958,40,False,,2019Q1
SARIMA-W40,1,2019Q2,2019Q3,101464.5,0.8,calibrated,101132.161971686,103335.669057227,2203.50708554102,True,2203.50708554102,0.670781659138009,40,False,,2019Q2
SARIMA-W40,1,2019Q2,2019Q3,101464.5,0.95,calibrated,96841.8980700819,107913.618266601,11071.7201965193,True,11071.7201965193,3.36882310419958,40,False,,2019Q2
SARIMA-W40,1,2019Q3,2019Q4,114974.8,0.8,calibrated,113386.019445547,115836.89763563,2450.87819008296,True,2450.87819008296,0.670781659138009,40,False,,2019Q3
SARIMA-W40,1,2019Q3,2019Q4,114974.8,0.95,calibrated,108612.907450756,120927.475712593,12314.5682618379,True,12314.5682618379,3.36882310419958,40,False,,2019Q3
SARIMA-W40,1,2019Q4,2020Q1,78579.7,0.8,calibrated,103642.36150261,105702.33969377,2059.97819116087,False,252686.593217257,0.670781659138009,40,False,,2019Q4
SARIMA-W40,1,2019Q4,2020Q1,78579.7,0.95,calibrated,99620.2607938306,109970.000228024,10349.7394341938,False,851972.171187418,3.36882310419958,40,False,,2019Q4
SARIMA-W40,1,2020Q1,2020Q2,93676.5,0.8,calibrated,80006.53828111,85537.0522020706,5530.51392096051,False,86924.991900255,0.670781659138009,40,False,,2020Q1
SARIMA-W40,1,2020Q1,2020Q2,93676.5,0.95,calibrated,69829.0325248094,98003.9847899488,28174.9522651393,True,28174.9522651393,3.40159540508216,40,False,,2020Q1
SARIMA-W40,1,2020Q2,2020Q3,101067.8,0.8,calibrated,85641.8889943384,91632.546632959,5990.65763862063,False,100343.191309031,0.670781659138009,40,False,,2020Q2
SARIMA-W40,1,2020Q2,2020Q3,101067.8,0.95,calibrated,74630.3446435497,105152.728752495,30522.3841089454,True,30522.3841089454,3.40159540508216,40,False,,2020Q2
SARIMA-W40,1,2020Q3,2020Q4,118656.6,0.8,calibrated,106461.734482815,114463.966822458,8002.23233964312,False,49928.56411506,0.711353035720755,40,False,,2020Q3
SARIMA-W40,1,2020Q3,2020Q4,118656.6,0.95,calibrated,92827.3446579559,131276.32260305,38448.977945094,True,38448.977945094,3.40159540508216,40,False,,2020Q3
SARIMA-W40,1,2020Q4,2021Q1,105220.8,0.8,calibrated,80192.0950264545,92876.4126834494,12684.3176569949,False,136128.190822501,1.41752966459622,40,False,,2020Q4
SARIMA-W40,1,2020Q4,2021Q1,105220.8,0.95,calibrated,72360.332080967,102928.688929917,30568.3568489503,False,122252.799652259,3.40159540508216,40,False,,2020Q4
SARIMA-W40,1,2021Q1,2021Q2,106683.5,0.8,calibrated,95047.9572698643,120379.96513942,25332.0078695558,True,25332.0078695558,2.09153074965238,40,False,,2021Q1
SARIMA-W40,1,2021Q1,2021Q2,106683.5,0.95,calibrated,86173.9344780022,132776.457893311,46602.5234153083,True,46602.5234153083,3.82681329818215,40,False,,2021Q1
SARIMA-W40,1,2021Q2,2021Q3,106152.9,0.8,calibrated,99983.4797705636,126629.616602246,26646.1368316829,True,26646.1368316829,2.09153074965238,40,False,,2021Q2
SARIMA-W40,1,2021Q2,2021Q3,106152.9,0.95,calibrated,90649.0380187406,139669.101698437,49020.0636796961,True,49020.0636796961,3.82681329818215,40,False,,2021Q2
SARIMA-W40,1,2021Q3,2021Q4,122766,0.8,calibrated,109798.123580368,139535.574952999,29737.4513726306,True,29737.4513726306,2.09153074965238,40,False,,2021Q3
SARIMA-W40,1,2021Q3,2021Q4,122766,0.95,calibrated,99406.4754853484,154122.196041496,54715.7205561477,True,54715.7205561477,3.82681329818215,40,False,,2021Q3
SARIMA-W40,1,2021Q4,2022Q1,108659.1,0.8,calibrated,94052.3195806898,119314.209942339,25261.8903616494,True,25261.8903616494,2.09153074965238,40,False,,2021Q4
SARIMA-W40,1,2021Q4,2022Q1,108659.1,0.95,calibrated,85213.34243194,131690.388896284,46477.0464643442,True,46477.0464643442,3.82681329818215,40,False,,2021Q4
SARIMA-W40,1,2022Q1,2022Q2,101772.6,0.8,calibrated,99121.1070073965,125524.771457707,26403.6644503105,True,26403.6644503105,2.09153074965238,40,False,,2022Q1
SARIMA-W40,1,2022Q1,2022Q2,101772.6,0.95,calibrated,89870.9317321949,138444.701350316,48573.7696181212,True,48573.7696181212,3.82681329818215,40,False,,2022Q1
SARIMA-W40,1,2022Q2,2022Q3,109872.9,0.8,calibrated,97417.6577375003,124688.247100881,27270.5893633807,True,27270.5893633807,2.09153074965238,40,False,,2022Q2
SARIMA-W40,1,2022Q2,2022Q3,109872.9,0.95,calibrated,87937.1447280288,138130.90040085,50193.7556728213,True,50193.7556728213,3.82681329818215,40,False,,2022Q2
SARIMA-W40,1,2022Q3,2022Q4,119427.9,0.8,calibrated,110516.022172941,141420.310922993,30904.2887500519,True,30904.2887500519,2.09153074965238,40,False,,2022Q3
SARIMA-W40,1,2022Q3,2022Q4,119427.9,0.95,calibrated,99770.4524559368,156651.692289081,56881.239833144,True,56881.239833144,3.82681329818215,40,False,,2022Q3
SARIMA-W40,1,2022Q4,2023Q1,114922.4,0.8,calibrated,94267.2112741003,120646.20282178,26378.9915476795,True,26378.9915476795,2.09153074965238,40,False,,2022Q4
SARIMA-W40,1,2022Q4,2023Q1,114922.4,0.95,calibrated,85096.1258058468,133648.635388725,48552.509582878,True,48552.509582878,3.82681329818215,40,False,,2022Q4
SARIMA-W40,1,2023Q1,2023Q2,112665.2,0.8,calibrated,99061.3203003657,127202.180784335,28140.8604839689,True,28140.8604839689,2.09153074965238,40,False,,2023Q1
SARIMA-W40,1,2023Q1,2023Q2,112665.2,0.95,calibrated,89301.1263851559,141104.782029676,51803.6556445204,True,51803.6556445204,3.82681329818215,40,False,,2023Q1
SARIMA-W40,1,2023Q2,2023Q3,114519.4,0.8,calibrated,103767.520747862,133208.772213834,29441.2514659722,True,29441.2514659722,2.09153074965238,40,False,,2023Q2
SARIMA-W40,1,2023Q2,2023Q3,114519.4,0.95,calibrated,93554.2789136152,147751.061683236,54196.7827696204,True,54196.7827696204,3.82681329818215,40,False,,2023Q2
SARIMA-W40,1,2023Q3,2023Q4,129388.2,0.8,calibrated,114838.23750269,147493.016111663,32654.7786089728,True,32654.7786089728,2.09153074965238,40,False,,2023Q3
SARIMA-W40,1,2023Q3,2023Q4,129388.2,0.95,calibrated,103514.251027636,163628.078704808,60113.8276771717,True,60113.8276771717,3.82681329818215,40,False,,2023Q3
SARIMA-W40,1,2023Q4,2024Q1,120326.8,0.8,calibrated,102996.186969816,131085.9073588,28089.7203889837,True,28089.7203889837,2.09153074965238,40,False,,2023Q4
SARIMA-W40,1,2023Q4,2024Q1,120326.8,0.95,calibrated,93190.8786360677,144878.434682013,51687.5560459453,True,51687.5560459453,3.82681329818215,40,False,,2023Q4
SARIMA-W40,1,2024Q1,2024Q2,115642.2,0.8,calibrated,105660.527080394,134624.49954351,28963.9724631155,True,28963.9724631155,2.09153074965238,40,False,,2024Q1
SARIMA-W40,1,2024Q1,2024Q2,115642.2,0.95,calibrated,95558.0711740538,148857.081405426,53299.0102313718,True,53299.0102313718,3.82681329818215,40,False,,2024Q1
SARIMA-W40,1,2024Q2,2024Q3,117595,0.8,calibrated,108437.010681411,138273.443623818,29836.4329424066,True,29836.4329424066,2.09153074965238,40,False,,2024Q2
SARIMA-W40,1,2024Q2,2024Q3,117595,0.95,calibrated,98036.3158975884,152942.90433001,54906.5884324212,True,54906.5884324212,3.82681329818215,40,False,,2024Q2
SARIMA-W40,1,2024Q3,2024Q4,134330.8,0.8,calibrated,119522.029576013,152647.667922718,33125.6383467056,True,33125.6383467056,2.09153074965238,40,False,,2024Q3
SARIMA-W40,1,2024Q3,2024Q4,134330.8,0.95,calibrated,107987.854681757,168951.954216853,60964.0995350956,True,60964.0995350956,3.82681329818215,40,False,,2024Q3
SARIMA-W40,1,2024Q4,2025Q1,124671.1,0.8,calibrated,107054.149722326,135122.479680592,28068.3299582659,True,28068.3299582659,2.09153074965238,40,False,,2024Q4
SARIMA-W40,1,2024Q4,2025Q1,124671.1,0.95,calibrated,97197.1736430374,148825.543258112,51628.3696150747,True,51628.3696150747,3.82681329818215,40,False,,2024Q4
SARIMA-W40,1,2025Q1,2025Q2,120787.3,0.8,calibrated,108876.40706974,137502.813556422,28626.4064866815,True,28626.4064866815,2.09153074965238,40,False,,2025Q1
SARIMA-W40,1,2025Q1,2025Q2,120787.3,0.95,calibrated,98827.6947756284,151483.977603568,52656.28282794,True,52656.28282794,3.82681329818215,40,False,,2025Q1
SARIMA-W40,1,2025Q2,2025Q3,120418.8,0.8,calibrated,112573.094993635,141976.78985256,29403.6948589258,True,29403.6948589258,2.09153074965238,40,False,,2025Q2
SARIMA-W40,1,2025Q2,2025Q3,120418.8,0.95,calibrated,102241.295123133,156323.98466505,54082.6895419169,True,54082.6895419169,3.82681329818215,40,False,,2025Q2
SARIMA-W40,1,2025Q3,2025Q4,135325.2,0.8,calibrated,125146.653281482,157732.410292962,32585.7570114799,True,32585.7570114799,2.09153074965238,40,False,,2025Q3
SARIMA-W40,1,2025Q3,2025Q4,135325.2,0.95,calibrated,113691.386746781,173625.142827672,59933.7560808908,True,59933.7560808908,3.82681329818215,40,False,,2025Q3
SARIMA-W40,1,2025Q4,2026Q1,127694.9,0.8,calibrated,110883.203117729,139674.957034407,28791.753916678,True,28791.753916678,2.09153074965238,40,False,,2025Q4
SARIMA-W40,1,2025Q4,2026Q1,127694.9,0.95,calibrated,100757.491403858,153711.713298107,52954.2218942487,True,52954.2218942487,3.82681329818215,40,False,,2025Q4
SARIMA-W40,1,2026Q1,2026Q2,121027.2,0.8,calibrated,114221.93208896,136411.928194758,22189.996105798,True,22189.996105798,1.62393994706845,40,False,,2026Q1
SARIMA-W40,1,2026Q1,2026Q2,121027.2,0.95,calibrated,101263.871021085,153867.651327901,52603.7803068164,True,52603.7803068164,3.82681329818215,40,False,,2026Q1
SARIMA-W40,2,2004Q3,2005Q1,15112.2,0.8,calibrated,14623.1866017723,15683.8141861479,1060.62758437563,True,1060.62758437563,1.2815515655446,0,True,insufficient_history,
SARIMA-W40,2,2004Q3,2005Q1,15112.2,0.95,calibrated,14354.6652562578,15977.1988672171,1622.5336109593,True,1622.5336109593,1.95996398454005,0,True,insufficient_history,
SARIMA-W40,2,2004Q4,2005Q2,14497.5,0.8,calibrated,14158.5851165302,15205.0594219007,1046.47430537055,True,1046.47430537055,1.2815515655446,0,True,insufficient_history,
SARIMA-W40,2,2004Q4,2005Q2,14497.5,0.95,calibrated,13893.8642464,15494.7625951263,1600.89834872628,True,1600.89834872628,1.95996398454005,0,True,insufficient_history,
SARIMA-W40,2,2005Q1,2005Q3,15470.9,0.8,calibrated,14999.1920315276,16072.3003404153,1073.1083088877,True,1073.1083088877,1.2815515655446,1,True,insufficient_history,2005Q1
SARIMA-W40,2,2005Q1,2005Q3,15470.9,0.95,calibrated,14727.3514919893,16368.9662275938,1641.61473560457,True,1641.61473560457,1.95996398454005,1,True,insufficient_history,2005Q1
SARIMA-W40,2,2005Q2,2005Q4,22096,0.8,calibrated,17419.4335191431,18658.3050166421,1238.87149749904,False,35615.821331078,1.2815515655446,2,True,insufficient_history,2005Q2
SARIMA-W40,2,2005Q2,2005Q4,22096,0.95,calibrated,17105.5224595295,19000.7118804035,1895.18942087404,False,125706.714204734,1.95996398454005,2,True,insufficient_history,2005Q2
SARIMA-W40,2,2005Q3,2006Q1,18440.2,0.8,calibrated,17101.1563357392,18281.9155438019,1180.75920806274,False,2763.60377004377,1.2815515655446,3,True,insufficient_history,2005Q3
SARIMA-W40,2,2005Q3,2006Q1,18440.2,0.95,calibrated,16801.599999924,18607.8644791418,1806.2644792178,True,1806.2644792178,1.95996398454005,3,True,insufficient_history,2005Q3
SARIMA-W40,2,2005Q4,2006Q2,18008,0.8,calibrated,19351.5028939406,22138.6871114445,2787.1842175039,False,16222.2131569095,1.2815515655446,4,True,insufficient_history,2005Q4
SARIMA-W40,2,2005Q4,2006Q2,18008,0.95,calibrated,18674.4283555011,22941.3644985261,4266.93614302504,False,30924.0703630682,1.95996398454005,4,True,insufficient_history,2005Q4
SARIMA-W40,2,2006Q1,2006Q3,18643.2,0.8,calibrated,18583.7497344283,20674.0414219733,2090.29168754505,True,2090.29168754505,1.2815515655446,5,True,insufficient_history,2006Q1
SARIMA-W40,2,2006Q1,2006Q3,18643.2,0.95,calibrated,18066.7729627362,21265.6246125189,3198.85164978272,True,3198.85164978272,1.95996398454005,5,True,insufficient_history,2006Q1
SARIMA-W40,2,2006Q2,2006Q4,21318.6,0.8,calibrated,25810.9197573275,28662.8429881179,2851.92323079048,False,47775.1208040651,1.2815515655446,6,True,insufficient_history,2006Q2
SARIMA-W40,2,2006Q2,2006Q4,21318.6,0.95,calibrated,25104.7661533228,29469.0791328191,4364.31297949636,False,155810.959112407,1.95996398454005,6,True,insufficient_history,2006Q2
SARIMA-W40,2,2006Q3,2007Q1,21187.8,0.8,calibrated,21005.7879677725,23547.6249015381,2541.83693376564,True,2541.83693376564,1.2815515655446,7,True,insufficient_history,2006Q3
SARIMA-W40,2,2006Q3,2007Q1,21187.8,0.95,calibrated,20380.202649764,24270.4365764526,3890.23392668863,True,3890.23392668863,1.95996398454005,7,True,insufficient_history,2006Q3
SARIMA-W40,2,2006Q4,2007Q2,20856,0.8,calibrated,17481.7661481558,20338.0941204877,2856.32797233194,False,8035.38676745506,1.2815515655446,8,True,insufficient_history,2006Q4
SARIMA-W40,2,2006Q4,2007Q2,20856,0.95,calibrated,16795.3463402906,21169.3047651315,4373.95842484089,True,4373.95842484089,1.95996398454005,8,True,insufficient_history,2006Q4
SARIMA-W40,2,2007Q1,2007Q3,21783.2,0.8,calibrated,19406.9971200649,21930.3815343943,2523.38441432937,True,2523.38441432937,1.2815515655446,9,True,insufficient_history,2007Q1
SARIMA-W40,2,2007Q1,2007Q3,21783.2,0.95,calibrated,18789.1371860649,22651.537804278,3862.40061821312,True,3862.40061821312,1.95996398454005,9,True,insufficient_history,2007Q1
SARIMA-W40,2,2007Q2,2007Q4,25383,0.8,calibrated,24602.8335005722,27963.5270112575,3360.69351068532,True,3360.69351068532,1.2815515655446,10,True,insufficient_history,2007Q2
SARIMA-W40,2,2007Q2,2007Q4,25383,0.95,calibrated,23783.0139891223,28927.4521497311,5144.43816060885,True,5144.43816060885,1.95996398454005,10,True,insufficient_history,2007Q2
SARIMA-W40,2,2007Q3,2008Q1,25555.2,0.8,calibrated,23256.3391448277,26388.1248882159,3131.78574338827,True,3131.78574338827,1.2815515655446,11,True,insufficient_history,2007Q3
SARIMA-W40,2,2007Q3,2008Q1,25555.2,0.95,calibrated,22491.5241747345,27285.4421527287,4793.91797799428,True,4793.91797799428,1.95996398454005,11,True,insufficient_history,2007Q3
SARIMA-W40,2,2007Q4,2008Q2,25487.5,0.8,calibrated,21516.3842967362,24465.435906803,2949.05161006676,False,13169.6925420371,1.2815515655446,12,True,insufficient_history,2007Q4
SARIMA-W40,2,2007Q4,2008Q2,25487.5,0.95,calibrated,20797.1702979157,25311.5069702871,4514.33667237143,False,11554.0578608864,1.95996398454005,12,True,insufficient_history,2007Q4
SARIMA-W40,2,2008Q1,2008Q3,26843,0.8,calibrated,23494.3554610866,26763.8915422751,3269.53608118854,False,4060.62065843723,1.2815515655446,13,True,insufficient_history,2008Q1
SARIMA-W40,2,2008Q1,2008Q3,26843,0.95,calibrated,22697.9271713299,27702.9870027263,5005.0598313964,True,5005.0598313964,1.95996398454005,13,True,insufficient_history,2008Q1
SARIMA-W40,2,2008Q2,2008Q4,30602,0.8,calibrated,29733.9438418978,34157.8945094657,4423.95066756783,True,4423.95066756783,1.2815515655446,14,True,insufficient_history,2008Q2
SARIMA-W40,2,2008Q2,2008Q4,30602,0.95,calibrated,28662.1212492971,35435.2320356201,6773.11078632298,True,6773.11078632298,1.95996398454005,14,True,insufficient_history,2008Q2
SARIMA-W40,2,2008Q3,2009Q1,29398,0.8,calibrated,28733.3290542417,32992.7414516453,4259.41239740357,True,4259.41239740357,1.2815515655446,15,True,insufficient_history,2008Q3
SARIMA-W40,2,2008Q3,2009Q1,29398,0.95,calibrated,27701.0553344312,34222.2086879604,6521.15335352917,True,6521.15335352917,1.95996398454005,15,True,insufficient_history,2008Q3
SARIMA-W40,2,2008Q4,2009Q2,29313.2,0.8,calibrated,26677.5327591773,30678.9410327523,4001.40827357499,True,4001.40827357499,1.2815515655446,16,True,insufficient_history,2008Q4
SARIMA-W40,2,2008Q4,2009Q2,29313.2,0.95,calibrated,25708.7371769605,31835.0313663629,6126.2941894024,True,6126.2941894024,1.95996398454005,16,True,insufficient_history,2008Q4
SARIMA-W40,2,2009Q1,2009Q3,30964.9,0.8,calibrated,27584.0634909565,31704.5549679176,4120.49147696115,True,4120.49147696115,1.2815515655446,17,True,insufficient_history,2009Q1
SARIMA-W40,2,2009Q1,2009Q3,30964.9,0.95,calibrated,26586.0944824714,32894.6569329375,6308.56245046606,True,6308.56245046606,1.95996398454005,17,True,insufficient_history,2009Q1
SARIMA-W40,2,2009Q2,2009Q4,35666.6,0.8,calibrated,33812.0299065117,38966.54724197,5154.51733545828,True,5154.51733545828,1.2815515655446,18,True,insufficient_history,2009Q2
SARIMA-W40,2,2009Q2,2009Q4,35666.6,0.95,calibrated,32565.7613093237,40457.7693788405,7892.00806951677,True,7892.00806951677,1.95996398454005,18,True,insufficient_history,2009Q2
SARIMA-W40,2,2009Q3,2010Q1,36374,0.8,calibrated,32747.3307414618,37769.8145127089,5022.48377124707,True,5022.48377124707,1.2815515655446,19,True,insufficient_history,2009Q3
SARIMA-W40,2,2009Q3,2010Q1,36374,0.95,calibrated,31533.6118038919,39223.5629582618,7689.95115436999,True,7689.95115436999,1.95996398454005,19,True,insufficient_history,2009Q3
SARIMA-W40,2,2009Q4,2010Q2,36295.4,0.8,calibrated,29981.8432196238,37912.5883485494,7930.74512892554,True,7930.74512892554,2.09822995992306,20,False,,2009Q4
SARIMA-W40,2,2009Q4,2010Q2,36295.4,0.95,calibrated,22053.0030087301,51543.51448038,29490.5114716498,True,29490.5114716498,7.59018667684875,20,False,,2009Q4
SARIMA-W40,2,2010Q1,2010Q3,38359.1,0.8,calibrated,33497.4814568903,40584.5587768546,7087.07731996425,True,7087.07731996425,1.7074332033319,21,False,,2010Q1
SARIMA-W40,2,2010Q1,2010Q3,38359.1,0.95,calibrated,26379.4632933211,51535.5634778195,25156.1001844984,True,25156.1001844984,5.95800371480295,21,False,,2010Q1
SARIMA-W40,2,2010Q2,2010Q4,43525.2,0.8,calibrated,40257.2341454276,49010.8506675812,8753.61652215356,True,8753.61652215356,1.7074332033319,22,False,,2010Q2
SARIMA-W40,2,2010Q2,2010Q4,43525.2,0.95,calibrated,31512.6021608935,62611.1826918535,31098.5805309599,True,31098.5805309599,5.95800371480295,22,False,,2010Q2
SARIMA-W40,2,2010Q3,2011Q1,42921.8,0.8,calibrated,39704.2348794286,48358.9416504153,8654.70677098667,True,8654.70677098667,1.7074332033319,23,False,,2010Q3
SARIMA-W40,2,2010Q3,2011Q1,42921.8,0.95,calibrated,31062.6578943983,61812.3144624699,30749.6565680716,True,30749.6565680716,5.95800371480295,23,False,,2010Q3
SARIMA-W40,2,2010Q4,2011Q2,42910.9,0.8,calibrated,38446.4780498368,46881.1985533052,8434.72050346832,True,8434.72050346832,1.7074332033319,24,False,,2010Q4
SARIMA-W40,2,2010Q4,2011Q2,42910.9,0.95,calibrated,30035.388764831,60009.7766418849,29974.3878770539,True,29974.3878770539,5.95800371480295,24,False,,2010Q4
SARIMA-W40,2,2011Q1,2011Q3,44978.1,0.8,calibrated,40321.8941268236,49068.7146076034,8746.82048077975,True,8746.82048077975,1.7074332033319,25,False,,2011Q1
SARIMA-W40,2,2011Q1,2011Q3,44978.1,0.95,calibrated,31579.9161542229,62651.9559356884,31072.0397814655,True,31072.0397814655,5.95800371480295,25,False,,2011Q1
SARIMA-W40,2,2011Q2,2011Q4,50415,0.8,calibrated,47419.0453236848,57092.4894483221,9673.44412463728,True,9673.44412463728,1.612493843006,26,False,,2011Q2
SARIMA-W40,2,2011Q2,2011Q4,50415,0.95,calibrated,36924.3673094559,73319.3698920518,36395.0025825959,True,36395.0025825959,5.95800371480295,26,False,,2011Q2
SARIMA-W40,2,2011Q3,2012Q1,49318.8,0.8,calibrated,46537.378192037,56041.3004782034,9503.92228616641,True,9503.92228616641,1.612493843006,27,False,,2011Q3
SARIMA-W40,2,2011Q3,2012Q1,49318.8,0.95,calibrated,36228.8220475308,71987.3031286008,35758.48108107,True,35758.48108107,5.95800371480295,27,False,,2011Q3
SARIMA-W40,2,2011Q4,2012Q2,48902.8,0.8,calibrated,45858.8072146441,54074.4208379392,8215.61362329513,True,8215.61362329513,1.612493843006,28,False,,2011Q4
SARIMA-W40,2,2011Q4,2012Q2,48902.8,0.95,calibrated,36727.1252677241,67519.2632794986,30792.1380117744,True,30792.1380117744,5.95800371480295,28,False,,2011Q4
SARIMA-W40,2,2012Q1,2012Q3,51200.4,0.8,calibrated,47803.710227777,56086.0697778922,8282.35955011524,True,8282.35955011524,1.612493843006,29,False,,2012Q1
SARIMA-W40,2,2012Q1,2012Q3,51200.4,0.95,calibrated,38544.060111554,69559.9327034451,31015.8725918911,True,31015.8725918911,5.95800371480295,29,False,,2012Q1
SARIMA-W40,2,2012Q2,2012Q4,57744.7,0.8,calibrated,53669.3707133315,64423.7740082065,10754.403294875,True,10754.403294875,1.612493843006,30,False,,2012Q2
SARIMA-W40,2,2012Q2,2012Q4,57744.7,0.95,calibrated,41961.1345914974,82399.6644432712,40438.5298517738,True,40438.5298517738,5.95800371480295,30,False,,2012Q2
SARIMA-W40,2,2012Q3,2013Q1,55451,0.8,calibrated,53300.7396375392,62047.5035305815,8746.7638930423,True,8746.7638930423,1.33961144144022,31,False,,2012Q3
SARIMA-W40,2,2012Q3,2013Q1,55451,0.95,calibrated,41018.4364210509,80626.6186476469,39608.1822265961,True,39608.1822265961,5.95800371480295,31,False,,2012Q3
SARIMA-W40,2,2012Q4,2013Q2,55313.3,0.8,calibrated,52299.6755249364,60804.7113584535,8505.03583351705,True,8505.03583351705,1.33961144144022,32,False,,2012Q4
SARIMA-W40,2,2012Q4,2013Q2,55313.3,0.95,calibrated,40336.4650268994,78838.5068526413,38502.0418257418,True,38502.0418257418,5.95800371480295,32,False,,2012Q4
SARIMA-W40,2,2013Q1,2013Q3,58052.7,0.8,calibrated,53779.6281122503,62521.0788412387,8741.45072898844,True,8741.45072898844,1.33961144144022,33,False,,2013Q1
SARIMA-W40,2,2013Q1,2013Q3,58052.7,0.95,calibrated,41482.7562236751,81054.4109250756,39571.6547014005,True,39571.6547014005,5.95800371480295,33,False,,2013Q1
SARIMA-W40,2,2013Q2,2013Q4,65563,0.8,calibrated,61253.9532176077,71224.5569767207,9970.60375911306,True,9970.60375911306,1.33961144144022,34,False,,2013Q2
SARIMA-W40,2,2013Q2,2013Q4,65563,0.95,calibrated,47231.7484618423,92369.7687059268,45138.0202440845,True,45138.0202440845,5.95800371480295,34,False,,2013Q2
SARIMA-W40,2,2013Q3,2014Q1,62081.2,0.8,calibrated,59794.4258934483,69530.0596005194,9735.63370707107,True,9735.63370707107,1.33961144144022,35,False,,2013Q3
SARIMA-W40,2,2013Q3,2014Q1,62081.2,0.95,calibrated,46103.3580918723,90178.0297189078,44074.6716270355,True,44074.6716270355,5.95800371480295,35,False,,2013Q3
SARIMA-W40,2,2013Q4,2014Q2,62117.5,0.8,calibrated,58681.9625148199,68042.2570712058,9360.29455638595,True,9360.29455638595,1.31876800365537,36,False,,2013Q4
SARIMA-W40,2,2013Q4,2014Q2,62117.5,0.95,calibrated,45232.5584345331,88273.8743300415,43041.3158955083,True,43041.3158955083,5.95800371480295,36,False,,2013Q4
SARIMA-W40,2,2014Q1,2014Q3,64952.1,0.8,calibrated,60429.4397959482,70198.7611341943,9769.32133824605,True,9769.32133824605,1.31876800365537,37,False,,2014Q1
SARIMA-W40,2,2014Q1,2014Q3,64952.1,0.95,calibrated,46427.5741538624,91369.6631155137,44942.0889616512,True,44942.0889616512,5.95800371480295,37,False,,2014Q1
SARIMA-W40,2,2014Q2,2014Q4,73243.3,0.8,calibrated,69885.1407940313,81099.9684411321,11214.8276471008,True,11214.8276471008,1.31876800365537,38,False,,2014Q2
SARIMA-W40,2,2014Q2,2014Q4,73243.3,0.95,calibrated,53789.1968654212,105368.42048563,51579.2236202085,True,51579.2236202085,5.95800371480295,38,False,,2014Q2
SARIMA-W40,2,2014Q3,2015Q1,70715.3,0.8,calibrated,65686.2080369028,76305.3810272119,10619.172990309,True,10619.172990309,1.31876800365537,39,False,,2014Q3
SARIMA-W40,2,2014Q3,2015Q1,70715.3,0.95,calibrated,50466.2982187711,99317.9866444864,48851.6884257153,True,48851.6884257153,5.95800371480295,39,False,,2014Q3
SARIMA-W40,2,2014Q4,2015Q2,70861.8,0.8,calibrated,65154.9278862052,75631.3586621388,10476.4307759336,True,10476.4307759336,1.31876800365537,40,False,,2014Q4
SARIMA-W40,2,2014Q4,2015Q2,70861.8,0.95,calibrated,50124.3247868036,98310.6653411663,48186.3405543626,True,48186.3405543626,5.95800371480295,40,False,,2014Q4
SARIMA-W40,2,2015Q1,2015Q3,74502.8,0.8,calibrated,68478.0238493137,79433.5176123108,10955.4937629971,True,10955.4937629971,1.31876800365537,40,False,,2015Q1
SARIMA-W40,2,2015Q1,2015Q3,74502.8,0.95,calibrated,52745.3020046569,103126.726111274,50381.4241066174,True,50381.4241066174,5.95800371480295,40,False,,2015Q1
SARIMA-W40,2,2015Q2,2015Q4,84850.9,0.8,calibrated,78729.7509037382,87760.3645562019,9030.61365246373,True,9030.61365246373,1.31876800365537,40,False,,2015Q2
SARIMA-W40,2,2015Q2,2015Q4,84850.9,0.95,calibrated,65041.2147406812,106230.359753866,41189.145013185,True,41189.145013185,5.95800371480295,40,False,,2015Q2
SARIMA-W40,2,2015Q3,2016Q1,78024.4,0.8,calibrated,75898.8219571153,87116.5492758033,11217.727318688,True,11217.727318688,1.31876800365537,40,False,,2015Q3
SARIMA-W40,2,2015Q3,2016Q1,78024.4,0.95,calibrated,59557.3970308884,111019.685087534,51462.2880566454,True,51462.2880566454,5.95800371480295,40,False,,2015Q3
SARIMA-W40,2,2015Q4,2016Q2,78113.9,0.8,calibrated,79779.105500565,84268.1218574954,4489.01635693038,False,21141.0713625806,1.2047498640919,40,False,,2015Q4
SARIMA-W40,2,2015Q4,2016Q2,78113.9,0.95,calibrated,77198.295616553,87085.2825222487,9886.98690569565,True,9886.98690569565,2.65216851975418,40,False,,2015Q4
SARIMA-W40,2,2016Q1,2016Q3,82343.5,0.8,calibrated,78957.0566127386,83468.5377238929,4511.48111115431,True,4511.48111115431,1.14035508859556,40,False,,2016Q1
SARIMA-W40,2,2016Q1,2016Q3,82343.5,0.95,calibrated,76101.7558724009,86600.2365240827,10498.4806516819,True,10498.4806516819,2.65216851975418,40,False,,2016Q1
SARIMA-W40,2,2016Q2,2016Q4,93834.2,0.8,calibrated,90314.7588598929,95330.169300938,5015.41044104501,True,5015.41044104501,1.14035508859556,40,False,,2016Q2
SARIMA-W40,2,2016Q2,2016Q4,93834.2,0.95,calibrated,88214.7119767841,97599.6073620106,9384.8953852265,True,9384.8953852265,2.13319704360302,40,False,,2016Q2
SARIMA-W40,2,2016Q3,2017Q1,85823.4,0.8,calibrated,85009.7323334482,89742.516796662,4732.78446321373,True,4732.78446321373,1.0879611503132,40,False,,2016Q3
SARIMA-W40,2,2016Q3,2017Q1,85823.4,0.95,calibrated,82825.8430887031,92108.7796672819,9282.93657857881,True,9282.93657857881,2.13319704360302,40,False,,2016Q3
SARIMA-W40,2,2016Q4,2017Q2,86545.3,0.8,calibrated,86919.0400432852,90425.2879492615,3506.24790597621,False,7243.64833882866,0.857508820158164,40,False,,2016Q4
SARIMA-W40,2,2016Q4,2017Q2,86545.3,0.95,calibrated,84467.5244834715,93049.7167076967,8582.19222422526,True,8582.19222422526,2.09822995992306,40,False,,2016Q4
SARIMA-W40,2,2017Q1,2017Q3,90809.7,0.8,calibrated,88290.6926476918,92000.9142516191,3710.22160392729,True,3710.22160392729,0.846960169589374,40,False,,2017Q1
SARIMA-W40,2,2017Q1,2017Q3,90809.7,0.95,calibrated,85646.4427941293,94841.3521740934,9194.90937996411,True,9194.90937996411,2.09822995992306,40,False,,2017Q1
SARIMA-W40,2,2017Q2,2017Q4,103083.2,0.8,calibrated,101384.559025269,105619.30315009,4234.74412482104,True,4234.74412482104,0.846960169589374,40,False,,2017Q2
SARIMA-W40,2,2017Q2,2017Q4,103083.2,0.95,calibrated,98365.8455047693,108860.615384117,10494.7698793476,True,10494.7698793476,2.09822995992306,40,False,,2017Q2
SARIMA-W40,2,2017Q3,2018Q1,90275.4,0.8,calibrated,93564.6999000696,97021.3890657504,3456.68916568087,False,36349.6881663766,0.790279346989634,40,False,,2017Q3
SARIMA-W40,2,2017Q3,2018Q1,90275.4,0.95,calibrated,90797.5238019329,99978.2457903503,9180.72198841738,False,30065.6740657341,2.09822995992306,40,False,,2017Q3
SARIMA-W40,2,2017Q4,2018Q2,89742.5,0.8,calibrated,93933.0798882134,97240.7447965673,3307.66490835385,False,45213.463790488,0.790279346989634,40,False,,2017Q4
SARIMA-W40,2,2017Q4,2018Q2,89742.5,0.95,calibrated,91281.1513989418,100065.813252562,8784.66185362,False,70330.7178112908,2.09822995992306,40,False,,2017Q4
SARIMA-W40,2,2018Q1,2018Q3,94281.4,0.8,calibrated,93129.8689522869,97154.5464602066,4024.6775079197,True,4024.6775079197,0.846960169589374,40,False,,2018Q1
SARIMA-W40,2,2018Q1,2018Q3,94281.4,0.95,calibrated,90185.5673075975,100326.365404985,10140.7980973877,True,10140.7980973877,2.13319704360302,40,False,,2018Q1
SARIMA-W40,2,2018Q2,2018Q4,106687.6,0.8,calibrated,104366.863308272,108979.133453548,4612.27014527662,True,4612.27014527662,0.846960169589374,40,False,,2018Q2
SARIMA-W40,2,2018Q2,2018Q4,106687.6,0.95,calibrated,100439.360220113,113240.56923177,12801.2090116564,True,12801.2090116564,2.34948515520648,40,False,,2018Q2
SARIMA-W40,2,2018Q3,2019Q1,97789.7,0.8,calibrated,92712.0840910646,96562.5848709717,3850.50077990715,False,16121.6520701897,0.790279346989634,40,False,,2018Q3
SARIMA-W40,2,2018Q3,2019Q1,97789.7,0.95,calibrated,89064.0737239208,100517.729700518,11453.6559765973,True,11453.6559765973,2.34948515520648,40,False,,2018Q3
SARIMA-W40,2,2018Q4,2019Q2,97420,0.8,calibrated,91592.8050699786,94749.9642690766,3157.15919909802,False,29857.5165083317,0.790279346989634,40,False,,2018Q4
SARIMA-W40,2,2018Q4,2019Q2,97420,0.95,calibrated,88581.3911013882,97971.0851204839,9389.6940190957,True,9389.6940190957,2.34948515520648,40,False,,2018Q4
SARIMA-W40,2,2019Q1,2019Q3,101464.5,0.8,calibrated,100665.831633324,104504.072466136,3838.24083281169,True,3838.24083281169,0.790279346989634,40,False,,2019Q1
SARIMA-W40,2,2019Q1,2019Q3,101464.5,0.95,calibrated,97017.5949825223,108433.829613771,11416.2346312487,True,11416.2346312487,2.34948515520648,40,False,,2019Q1
SARIMA-W40,2,2019Q2,2019Q4,114974.8,0.8,calibrated,113215.762609121,117821.780388015,4606.01777889401,True,4606.01777889401,0.846960169589374,40,False,,2019Q2
SARIMA-W40,2,2019Q2,2019Q4,114974.8,0.95,calibrated,109281.096130377,122063.954251329,12782.8581209514,True,12782.8581209514,2.34948515520648,40,False,,2019Q2
SARIMA-W40,2,2019Q3,2020Q1,78579.7,0.8,calibrated,102695.983258248,106435.646322599,3739.66306435145,False,244902.49564683,0.790279346989634,40,False,,2019Q3
SARIMA-W40,2,2019Q3,2020Q1,78579.7,0.95,calibrated,99135.6065373398,110258.198185426,11122.5916480864,False,833358.853141677,2.34948515520648,40,False,,2019Q3
SARIMA-W40,2,2019Q4,2020Q2,93676.5,0.8,calibrated,102602.421995703,106024.682609114,3422.26061341078,False,92681.4805704425,0.790279346989634,40,False,,2019Q4
SARIMA-W40,2,2019Q4,2020Q2,93676.5,0.95,calibrated,99334.6461655123,109512.53814198,10177.8919764682,False,236503.73859696,2.34948515520648,40,False,,2019Q4
SARIMA-W40,2,2020Q1,2020Q3,101067.8,0.8,calibrated,79749.6618423314,91197.6442719306,11447.9824295992,False,110149.539710293,1.04438191343139,40,False,,2020Q1
SARIMA-W40,2,2020Q1,2020Q3,101067.8,0.95,calibrated,70906.1291691935,102571.969119188,31665.8399499947,True,31665.8399499947,2.8746372126285,40,False,,2020Q1
SARIMA-W40,2,2020Q2,2020Q4,118656.6,0.8,calibrated,98715.608537511,110860.517928282,12144.909390771,False,90105.7301079513,1.04438191343139,40,False,,2020Q2
SARIMA-W40,2,2020Q2,2020Q4,118656.6,0.95,calibrated,78477.2052709463,139450.219363578,60973.0140926318,True,60973.0140926318,5.17466141406506,40,False,,2020Q2
SARIMA-W40,2,2020Q3,2021Q1,105220.8,0.8,calibrated,78019.6548419771,89901.8357055387,11882.1808635616,False,165071.823808175,1.28076625072494,40,False,,2020Q3
SARIMA-W40,2,2020Q3,2021Q1,105220.8,0.95,calibrated,62895.1475996251,111520.688941798,48625.5413421729,True,48625.5413421729,5.17466141406506,40,False,,2020Q3
SARIMA-W40,2,2020Q4,2021Q2,106683.5,0.8,calibrated,86200.0986806668,108793.340354758,22593.241674091,True,22593.241674091,2.08639764994405,40,False,,2020Q4
SARIMA-W40,2,2020Q4,2021Q2,106683.5,0.95,calibrated,72558.4875774181,129247.41112297,56688.9235455523,True,56688.9235455523,5.17466141406506,40,False,,2020Q4
SARIMA-W40,2,2021Q1,2021Q3,106152.9,0.8,calibrated,98263.8364291313,129326.524703472,31062.6882743408,True,31062.6882743408,2.13319704360302,40,False,,2021Q1
SARIMA-W40,2,2021Q1,2021Q3,106152.9,0.95,calibrated,80788.6669614601,157300.78174792,76512.1147864594,True,76512.1147864594,5.17466141406506,40,False,,2021Q1
SARIMA-W40,2,2021Q2,2021Q4,122766,0.8,calibrated,111423.426333248,146554.795547609,35131.3692143605,True,35131.3692143605,2.13319704360302,40,False,,2021Q2
SARIMA-W40,2,2021Q2,2021Q4,122766,0.95,calibrated,91648.6298600072,178176.558563141,86527.928703134,True,86527.928703134,5.17466141406506,40,False,,2021Q2
SARIMA-W40,2,2021Q3,2022Q1,108659.1,0.8,calibrated,92552.5176935875,121777.970198124,29225.4525045361,True,29225.4525045361,2.13319704360302,40,False,,2021Q3
SARIMA-W40,2,2021Q3,2022Q1,108659.1,0.95,calibrated,76107.2103556555,148091.852122569,71984.6417669137,True,71984.6417669137,5.17466141406506,40,False,,2021Q3
SARIMA-W40,2,2021Q4,2022Q2,101772.6,0.8,calibrated,96167.0323872615,126300.245389802,30133.2130025404,True,30133.2130025404,2.13319704360302,40,False,,2021Q4
SARIMA-W40,2,2021Q4,2022Q2,101772.6,0.95,calibrated,79183.7168681491,153389.109141525,74205.392273376,True,74205.392273376,5.17466141406506,40,False,,2021Q4
SARIMA-W40,2,2022Q1,2022Q3,109872.9,0.8,calibrated,101629.457267114,133446.786074737,31817.3288076233,True,31817.3288076233,2.13319704360302,40,False,,2022Q1
SARIMA-W40,2,2022Q1,2022Q3,109872.9,0.95,calibrated,83693.7555029322,162044.639547106,78350.8840441733,True,78350.8840441733,5.17466141406506,40,False,,2022Q1
SARIMA-W40,2,2022Q2,2022Q4,119427.9,0.8,calibrated,108815.186612936,144179.629379097,35364.442766161,True,35364.442766161,2.13319704360302,40,False,,2022Q2
SARIMA-W40,2,2022Q2,2022Q4,119427.9,0.95,calibrated,89035.7136862467,176209.440314665,87173.7266284187,True,87173.7266284187,5.17466141406506,40,False,,2022Q2
SARIMA-W40,2,2022Q3,2023Q1,114922.4,0.8,calibrated,94748.2629218724,125453.520826458,30705.2579045851,True,30705.2579045851,2.13319704360302,40,False,,2022Q3
SARIMA-W40,2,2022Q3,2023Q1,114922.4,0.95,calibrated,77564.2949924245,153247.098770133,75682.8037777083,True,75682.8037777083,5.17466141406506,40,False,,2022Q3
SARIMA-W40,2,2022Q4,2023Q2,112665.2,0.8,calibrated,93456.7010070532,124019.028914046,30562.3279069927,True,30562.3279069927,2.13319704360302,40,False,,2022Q4
SARIMA-W40,2,2022Q4,2023Q2,112665.2,0.95,calibrated,76385.721940905,151735.285206467,75349.5632655615,True,75349.5632655615,5.17466141406506,40,False,,2022Q4
SARIMA-W40,2,2023Q1,2023Q3,114519.4,0.8,calibrated,101865.987155206,135354.983279844,33488.996124638,True,33488.996124638,2.13319704360302,40,False,,2023Q1
SARIMA-W40,2,2023Q1,2023Q3,114519.4,0.95,calibrated,83181.4734681673,165758.893336437,82577.4198682696,True,82577.4198682696,5.17466141406506,40,False,,2023Q1
SARIMA-W40,2,2023Q2,2023Q4,129388.2,0.8,calibrated,114560.230466475,152095.172760788,37534.9422943121,True,37534.9422943121,2.13319704360302,40,False,,2023Q2
SARIMA-W40,2,2023Q2,2023Q4,129388.2,0.95,calibrated,93603.1414179365,186148.218749583,92545.0773316469,True,92545.0773316469,5.17466141406506,40,False,,2023Q2
SARIMA-W40,2,2023Q3,2024Q1,120326.8,0.8,calibrated,101250.389473053,134280.421129774,33030.0316567201,True,33030.0316567201,2.13319704360302,40,False,,2023Q3
SARIMA-W40,2,2023Q3,2024Q1,120326.8,0.95,calibrated,82791.3835818577,164219.322709501,81427.9391276438,True,81427.9391276438,5.17466141406506,40,False,,2023Q3
SARIMA-W40,2,2023Q4,2024Q2,115642.2,0.8,calibrated,102418.395478107,134419.547119961,32001.1516418534,True,32001.1516418534,2.13319704360302,40,False,,2023Q4
SARIMA-W40,2,2023Q4,2024Q2,115642.2,0.95,calibrated,84371.7163545299,163171.201579817,78799.4852252875,True,78799.4852252875,5.17466141406506,40,False,,2023Q4
SARIMA-W40,2,2024Q1,2024Q3,117595,0.8,calibrated,108560.96011988,142609.416409285,34048.4562894049,True,34048.4562894049,2.13319704360302,40,False,,2024Q1
SARIMA-W40,2,2024Q1,2024Q3,117595,0.95,calibrated,89374.6836257219,173223.719955885,83849.0363301628,True,83849.0363301628,5.17466141406506,40,False,,2024Q1
SARIMA-W40,2,2024Q2,2024Q4,134330.8,0.8,calibrated,120576.583315431,158114.592710618,37538.0093951875,True,37538.0093951875,2.13319704360302,40,False,,2024Q2
SARIMA-W40,2,2024Q2,2024Q4,134330.8,0.95,calibrated,99391.5732512967,191816.234895029,92424.661643732,True,92424.661643732,5.17466141406506,40,False,,2024Q2
SARIMA-W40,2,2024Q3,2025Q1,124671.1,0.8,calibrated,106007.447336424,138712.037572729,32704.5902363056,True,32704.5902363056,2.13319704360302,40,False,,2024Q3
SARIMA-W40,2,2024Q3,2025Q1,124671.1,0.95,calibrated,87515.8700125251,168021.057390102,80505.1873775765,True,80505.1873775765,5.17466141406506,40,False,,2024Q3
SARIMA-W40,2,2024Q4,2025Q2,120787.3,0.8,calibrated,106631.281664058,137239.982861821,30608.7011977633,True,30608.7011977633,2.13319704360302,40,False,,2024Q4
SARIMA-W40,2,2024Q4,2025Q2,120787.3,0.95,calibrated,89074.7997761599,164289.735198776,75214.9354226166,True,75214.9354226166,5.17466141406506,40,False,,2024Q4
SARIMA-W40,2,2025Q1,2025Q3,120418.8,0.8,calibrated,112314.951494384,144369.931338083,32054.9798436992,True,32054.9798436992,2.13319704360302,40,False,,2025Q1
SARIMA-W40,2,2025Q1,2025Q3,120418.8,0.95,calibrated,93908.4714102156,172667.083086186,78758.61167597,True,78758.61167597,5.17466141406506,40,False,,2025Q1
SARIMA-W40,2,2025Q2,2025Q4,135325.2,0.8,calibrated,126218.28586971,161591.190370029,35372.9045003183,True,35372.9045003183,2.13319704360302,40,False,,2025Q2
SARIMA-W40,2,2025Q2,2025Q4,135325.2,0.95,calibrated,105835.798806798,192711.38206632,86875.5832595216,True,86875.5832595216,5.17466141406506,40,False,,2025Q2
SARIMA-W40,2,2025Q3,2026Q1,127694.9,0.8,calibrated,111020.271250742,141699.728689312,30679.4574385705,True,30679.4574385705,2.13319704360302,40,False,,2025Q3
SARIMA-W40,2,2025Q3,2026Q1,127694.9,0.95,calibrated,93295.3053680604,168620.942427717,75325.6370596565,True,75325.6370596565,5.17466141406506,40,False,,2025Q3
SARIMA-W40,2,2025Q4,2026Q2,121027.2,0.8,calibrated,110114.206666602,140187.054739895,30072.8480732931,True,30072.8480732931,2.13319704360302,40,False,,2025Q4
SARIMA-W40,2,2025Q4,2026Q2,121027.2,0.95,calibrated,92701.463488329,166519.337847935,73817.8743596063,True,73817.8743596063,5.17466141406506,40,False,,2025Q4
SARIMA-W60,1,2004Q4,2005Q1,15112.2,0.8,calibrated,14778.8924189191,15527.2088559957,748.316437076632,True,748.316437076632,1.2815515655446,0,True,insufficient_history,
SARIMA-W60,1,2004Q4,2005Q1,15112.2,0.95,calibrated,14586.9339624518,15731.5409694415,1144.60700698972,True,1144.60700698972,1.95996398454005,0,True,insufficient_history,
SARIMA-W60,1,2005Q1,2005Q2,14497.5,0.8,calibrated,14280.6458202858,14997.0956023319,716.449782046126,True,716.449782046126,1.2815515655446,1,True,insufficient_history,2005Q1
SARIMA-W60,1,2005Q1,2005Q2,14497.5,0.95,calibrated,14096.8100646011,15192.6719341755,1095.86186957435,True,1095.86186957435,1.95996398454005,1,True,insufficient_history,2005Q1
SARIMA-W60,1,2005Q2,2005Q3,15470.9,0.8,calibrated,15004.0301610876,15746.9183916814,742.888230593833,True,742.888230593833,1.2815515655446,2,True,insufficient_history,2005Q2
SARIMA-W60,1,2005Q2,2005Q3,15470.9,0.95,calibrated,14813.3346298316,15949.632165682,1136.29753585039,True,1136.29753585039,1.95996398454005,2,True,insufficient_history,2005Q2
SARIMA-W60,1,2005Q3,2005Q4,22096,0.8,calibrated,17719.957124053,18590.1414938526,870.184369799605,False,35928.7694312734,1.2815515655446,3,True,insufficient_history,2005Q3
SARIMA-W60,1,2005Q3,2005Q4,22096,0.95,calibrated,17496.5304943628,18827.533281943,1331.00278758017,False,132069.67150986,1.95996398454005,3,True,insufficient_history,2005Q3
SARIMA-W60,1,2005Q4,2006Q1,18440.2,0.8,calibrated,20603.429090062,22526.2771179779,1922.84802791589,False,23555.1389285357,1.2815515655446,4,True,insufficient_history,2005Q4
SARIMA-W60,1,2005Q4,2006Q1,18440.2,0.95,calibrated,20122.5504224462,23064.5988465572,2942.04842411097,False,70236.0653219607,1.95996398454005,4,True,insufficient_history,2005Q4
SARIMA-W60,1,2006Q1,2006Q2,18008,0.8,calibrated,18175.7609767386,20001.1897729816,1825.42879624298,False,3503.03856362915,1.2815515655446,5,True,insufficient_history,2006Q1
SARIMA-W60,1,2006Q1,2006Q2,18008,0.95,calibrated,17721.1328339113,20514.3118090304,2793.17897511913,True,2793.17897511913,1.95996398454005,5,True,insufficient_history,2006Q1
SARIMA-W60,1,2006Q2,2006Q3,18643.2,0.8,calibrated,18370.1144677122,20232.0478936071,1861.93342589487,True,1861.93342589487,1.2815515655446,6,True,insufficient_history,2006Q2
SARIMA-W60,1,2006Q2,2006Q3,18643.2,0.95,calibrated,17906.643855491,20755.7060229256,2849.06216743464,True,2849.06216743464,1.95996398454005,6,True,insufficient_history,2006Q2
SARIMA-W60,1,2006Q3,2006Q4,21318.6,0.8,calibrated,25385.9185805354,27946.033127384,2560.1145468486,False,43233.3003522022,1.2815515655446,7,True,insufficient_history,2006Q3
SARIMA-W60,1,2006Q3,2006Q4,21318.6,0.95,calibrated,24748.4689760079,28665.8428167199,3917.37384071199,False,141112.13288103,1.95996398454005,7,True,insufficient_history,2006Q3
SARIMA-W60,1,2006Q4,2007Q1,21187.8,0.8,calibrated,18736.4028022984,20817.4192231051,2081.01642080669,False,5784.82418975588,1.2815515655446,8,True,insufficient_history,2006Q4
SARIMA-W60,1,2006Q4,2007Q1,21187.8,0.95,calibrated,18221.3012977264,21405.9108894201,3184.60959169364,True,3184.60959169364,1.95996398454005,8,True,insufficient_history,2006Q4
SARIMA-W60,1,2007Q1,2007Q2,20856,0.8,calibrated,18988.5651586357,21075.3823830689,2086.81722443322,True,2086.81722443322,1.2815515655446,9,True,insufficient_history,2007Q1
SARIMA-W60,1,2007Q1,2007Q2,20856,0.95,calibrated,18471.6793061611,21665.1266509692,3193.44734480814,True,3193.44734480814,1.95996398454005,9,True,insufficient_history,2007Q1
SARIMA-W60,1,2007Q2,2007Q3,21783.2,0.8,calibrated,20560.4236227659,22818.9722723327,2258.54864956676,True,2258.54864956676,1.2815515655446,10,True,insufficient_history,2007Q2
SARIMA-W60,1,2007Q2,2007Q3,21783.2,0.95,calibrated,20000.9855266196,23457.2309414897,3456.24541487006,True,3456.24541487006,1.95996398454005,10,True,insufficient_history,2007Q2
SARIMA-W60,1,2007Q3,2007Q4,25383,0.8,calibrated,25221.6057536665,27937.9856075993,2716.3798539328,True,2716.3798539328,1.2815515655446,11,True,insufficient_history,2007Q3
SARIMA-W60,1,2007Q3,2007Q4,25383,0.95,calibrated,24547.9282540799,28704.6976532273,4156.76939914739,True,4156.76939914739,1.95996398454005,11,True,insufficient_history,2007Q3
SARIMA-W60,1,2007Q4,2008Q1,25555.2,0.8,calibrated,22775.9708209597,25256.916180798,2480.94535983824,False,5463.78355185837,1.2815515655446,12,True,insufficient_history,2007Q4
SARIMA-W60,1,2007Q4,2008Q1,25555.2,0.95,calibrated,22161.1186541338,25957.66012263,3796.54146849613,True,3796.54146849613,1.95996398454005,12,True,insufficient_history,2007Q4
SARIMA-W60,1,2008Q1,2008Q2,25487.5,0.8,calibrated,23015.6653800226,25534.9152859834,2519.24990596078,True,2519.24990596078,1.2815515655446,13,True,insufficient_history,2008Q1
SARIMA-W60,1,2008Q1,2008Q2,25487.5,0.95,calibrated,22391.5111659602,26246.6906040201,3855.17943805996,True,3855.17943805996,1.95996398454005,13,True,insufficient_history,2008Q1
SARIMA-W60,1,2008Q2,2008Q3,26843,0.8,calibrated,25073.2718008476,27877.3137398292,2804.04193898158,True,2804.04193898158,1.2815515655446,14,True,insufficient_history,2008Q2
SARIMA-W60,1,2008Q2,2008Q3,26843,0.95,calibrated,24379.5103826682,28670.6112430032,4291.10086033496,True,4291.10086033496,1.95996398454005,14,True,insufficient_history,2008Q2
SARIMA-W60,1,2008Q3,2008Q4,30602,0.8,calibrated,30740.7355567243,34135.6489361545,3394.91337943021,False,4782.26894667346,1.2815515655446,15,True,insufficient_history,2008Q3
SARIMA-W60,1,2008Q3,2008Q4,30602,0.95,calibrated,29900.1071583494,35095.3577338762,5195.25057552682,True,5195.25057552682,1.95996398454005,15,True,insufficient_history,2008Q3
SARIMA-W60,1,2008Q4,2009Q1,29398,0.8,calibrated,28162.159999503,31343.5442900908,3181.38429058773,True,3181.38429058773,1.2815515655446,16,True,insufficient_history,2008Q4
SARIMA-W60,1,2008Q4,2009Q1,29398,0.95,calibrated,27375.5517770879,32244.1686814812,4868.61690439333,True,4868.61690439333,1.95996398454005,16,True,insufficient_history,2008Q4
SARIMA-W60,1,2009Q1,2009Q2,29313.2,0.8,calibrated,26869.2836839688,29702.9622293819,2833.67854541312,True,2833.67854541312,1.2815515655446,17,True,insufficient_history,2009Q1
SARIMA-W60,1,2009Q1,2009Q2,29313.2,0.95,calibrated,26165.6045939156,30501.7724903271,4336.16789641149,True,4336.16789641149,1.95996398454005,17,True,insufficient_history,2009Q1
SARIMA-W60,1,2009Q2,2009Q3,30964.9,0.8,calibrated,28866.2880367734,31945.813975181,3079.52593840762,True,3079.52593840762,1.2815515655446,18,True,insufficient_history,2009Q2
SARIMA-W60,1,2009Q2,2009Q3,30964.9,0.95,calibrated,28102.098516983,32814.526901593,4712.42838461004,True,4712.42838461004,1.95996398454005,18,True,insufficient_history,2009Q2
SARIMA-W60,1,2009Q3,2009Q4,35666.6,0.8,calibrated,35090.3308069874,38834.8817435094,3744.55093652199,True,3744.55093652199,1.2815515655446,19,True,insufficient_history,2009Q3
SARIMA-W60,1,2009Q3,2009Q4,35666.6,0.95,calibrated,34161.1299817886,39891.2110915668,5730.0811097782,True,5730.0811097782,1.95996398454005,19,True,insufficient_history,2009Q3
SARIMA-W60,1,2009Q4,2010Q1,36374,0.8,calibrated,32138.5839612834,36876.6072157838,4738.02325450048,True,4738.02325450048,1.71072642091917,20,False,,2009Q4
SARIMA-W60,1,2009Q4,2010Q1,36374,0.95,calibrated,22556.989620996,52540.784791096,29983.7951700999,True,29983.7951700999,10.5184314734676,20,False,,2009Q4
SARIMA-W60,1,2010Q1,2010Q2,36295.4,0.8,calibrated,32826.4703130234,37200.4639045347,4373.99359151134,True,4373.99359151134,1.57260204533385,21,False,,2010Q1
SARIMA-W60,1,2010Q1,2010Q2,36295.4,0.95,calibrated,27592.8023215018,44256.466224937,16663.6639034353,True,16663.6639034353,5.93967567029433,21,False,,2010Q1
SARIMA-W60,1,2010Q2,2010Q3,38359.1,0.8,calibrated,35596.3925192909,40381.5550207113,4785.16250142036,True,4785.16250142036,1.57260204533385,22,False,,2010Q2
SARIMA-W60,1,2010Q2,2010Q3,38359.1,0.95,calibrated,29877.8117509762,48110.540860129,18232.7291091528,True,18232.7291091528,5.93967567029433,22,False,,2010Q2
SARIMA-W60,1,2010Q3,2010Q4,43525.2,0.8,calibrated,42086.4922463581,47750.7640730102,5664.27182665205,True,5664.27182665205,1.57260204533385,23,False,,2010Q3
SARIMA-W60,1,2010Q3,2010Q4,43525.2,0.95,calibrated,35318.4362589237,56901.2214239425,21582.7851650188,True,21582.7851650188,5.93967567029433,23,False,,2010Q3
SARIMA-W60,1,2010Q4,2011Q1,42921.8,0.8,calibrated,40444.8120710152,45906.584776706,5461.7727056908,True,5461.7727056908,1.57260204533385,24,False,,2010Q4
SARIMA-W60,1,2010Q4,2011Q1,42921.8,0.95,calibrated,33921.8221454762,54734.1822073556,20812.3600618794,True,20812.3600618794,5.93967567029433,24,False,,2010Q4
SARIMA-W60,1,2011Q1,2011Q2,42910.9,0.8,calibrated,39828.5551206912,45100.2551457457,5271.70002505449,True,5271.70002505449,1.57260204533385,25,False,,2011Q1
SARIMA-W60,1,2011Q1,2011Q2,42910.9,0.95,calibrated,33514.8956759889,53596.4072630689,20081.5115870799,True,20081.5115870799,5.93967567029433,25,False,,2011Q1
SARIMA-W60,1,2011Q2,2011Q3,44978.1,0.8,calibrated,42344.4037522388,47792.4340684031,5448.03031616435,True,5448.03031616435,1.52989430866677,26,False,,2011Q2
SARIMA-W60,1,2011Q2,2011Q3,44978.1,0.95,calibrated,35566.55504399,56900.1445878488,21333.5895438588,True,21333.5895438588,5.93967567029433,26,False,,2011Q2
SARIMA-W60,1,2011Q3,2011Q4,50415,0.8,calibrated,48857.7038153412,55127.0837382965,6269.37992295539,True,6269.37992295539,1.52989430866677,27,False,,2011Q3
SARIMA-W60,1,2011Q3,2011Q4,50415,0.95,calibrated,41055.1707505221,65603.983134206,24548.8123836839,True,24548.8123836839,5.93967567029433,27,False,,2011Q3
SARIMA-W60,1,2011Q4,2012Q1,49318.8,0.8,calibrated,47317.3730689821,53312.3146016565,5994.94153267439,True,5994.94153267439,1.52989430866677,28,False,,2011Q4
SARIMA-W60,1,2011Q4,2012Q1,49318.8,0.95,calibrated,39843.3885307449,63312.8549603903,23469.4664296454,True,23469.4664296454,5.93967567029433,28,False,,2011Q4
SARIMA-W60,1,2012Q1,2012Q2,48902.8,0.8,calibrated,46539.7157957884,52448.7665379552,5909.05074216686,True,5909.05074216686,1.52989430866677,29,False,,2012Q1
SARIMA-W60,1,2012Q1,2012Q2,48902.8,0.95,calibrated,39174.9598520284,62308.9518849808,23133.9920329524,True,23133.9920329524,5.93967567029433,29,False,,2012Q1
SARIMA-W60,1,2012Q2,2012Q3,51200.4,0.8,calibrated,48361.4711172318,54589.3943572745,6227.92324004271,True,6227.92324004271,1.52989430866677,30,False,,2012Q2
SARIMA-W60,1,2012Q2,2012Q3,51200.4,0.95,calibrated,40614.3492571908,65002.2336144924,24387.8843573015,True,24387.8843573015,5.93967567029433,30,False,,2012Q2
SARIMA-W60,1,2012Q3,2012Q4,57744.7,0.8,calibrated,55278.0085833485,61709.3268633324,6431.31827998385,True,6431.31827998385,1.39222732767643,31,False,,2012Q3
SARIMA-W60,1,2012Q3,2012Q4,57744.7,0.95,calibrated,46183.8485939924,73860.6418449863,27676.793250994,True,27676.793250994,5.93967567029433,31,False,,2012Q3
SARIMA-W60,1,2012Q4,2013Q1,55451,0.8,calibrated,53863.0206665213,60134.2114910878,6271.1908245665,True,6271.1908245665,1.39222732767643,32,False,,2012Q4
SARIMA-W60,1,2012Q4,2013Q1,55451,0.95,calibrated,44996.1511524682,71984.1629417176,26988.0117892494,True,26988.0117892494,5.93967567029433,32,False,,2012Q4
SARIMA-W60,1,2013Q1,2013Q2,55313.3,0.8,calibrated,52482.1615752551,58614.1659794097,6132.00440415464,True,6132.00440415464,1.39222732767643,33,False,,2013Q1
SARIMA-W60,1,2013Q1,2013Q2,55313.3,0.95,calibrated,43816.2429015429,70206.7983428556,26390.5554413127,True,26390.5554413127,5.93967567029433,33,False,,2013Q1
SARIMA-W60,1,2013Q2,2013Q3,58052.7,0.8,calibrated,54795.8864833157,61193.0056996183,6397.11921630265,True,6397.11921630265,1.39222732767643,34,False,,2013Q2
SARIMA-W60,1,2013Q2,2013Q3,58052.7,0.95,calibrated,45754.2966189587,73285.4669762266,27531.1703572679,True,27531.1703572679,5.93967567029433,34,False,,2013Q2
SARIMA-W60,1,2013Q3,2013Q4,65563,0.8,calibrated,62283.3596484488,69525.1675927247,7241.80794427593,True,7241.80794427593,1.39222732767643,35,False,,2013Q3
SARIMA-W60,1,2013Q3,2013Q4,65563,0.95,calibrated,52042.2608494819,83206.6275967613,31164.3667472794,True,31164.3667472794,5.93967567029433,35,False,,2013Q3
SARIMA-W60,1,2013Q4,2014Q1,62081.2,0.8,calibrated,60654.6158788422,67547.2092694763,6892.59339063412,True,6892.59339063412,1.3692987734093,36,False,,2013Q4
SARIMA-W60,1,2013Q4,2014Q1,62081.2,0.95,calibrated,50682.1126001217,80838.1857373092,30156.0731371875,True,30156.0731371875,5.93967567029433,36,False,,2013Q4
SARIMA-W60,1,2014Q1,2014Q2,62117.5,0.8,calibrated,59038.3084186926,65786.6331825398,6748.32476384714,True,6748.32476384714,1.3692987734093,37,False,,2014Q1
SARIMA-W60,1,2014Q1,2014Q2,62117.5,0.95,calibrated,49282.2485696552,78809.9498781728,29527.7013085177,True,29527.7013085177,5.93967567029433,37,False,,2014Q1
SARIMA-W60,1,2014Q2,2014Q3,64952.1,0.8,calibrated,61563.7972618531,68604.6938839822,7040.89662212913,True,7040.89662212913,1.3692987734093,38,False,,2014Q2
SARIMA-W60,1,2014Q2,2014Q3,64952.1,0.95,calibrated,51385.5284407208,82193.6758003248,30808.1473596041,True,30808.1473596041,5.93967567029433,38,False,,2014Q2
SARIMA-W60,1,2014Q3,2014Q4,73243.3,0.8,calibrated,69631.7363877148,77593.7876573306,7962.05126961577,True,7962.05126961577,1.3692987734093,39,False,,2014Q3
SARIMA-W60,1,2014Q3,2014Q4,73243.3,0.95,calibrated,58121.5489834613,92960.1888108144,34838.6398273531,True,34838.6398273531,5.93967567029433,39,False,,2014Q3
SARIMA-W60,1,2014Q4,2015Q1,70715.3,0.8,calibrated,67061.0728496696,74720.6714245604,7659.5985748908,True,7659.5985748908,1.3692987734093,40,False,,2014Q4
SARIMA-W60,1,2014Q4,2015Q1,70715.3,0.95,calibrated,55986.4578361659,89501.0790724071,33514.6212362412,True,33514.6212362412,5.93967567029433,40,False,,2014Q4
SARIMA-W60,1,2015Q1,2015Q2,70861.8,0.8,calibrated,66773.500790799,74386.9481482757,7613.44735747666,True,7613.44735747666,1.3692987734093,40,False,,2015Q1
SARIMA-W60,1,2015Q1,2015Q2,70861.8,0.95,calibrated,55763.0175640193,89074.7516542036,33311.7340901843,True,33311.7340901843,5.93967567029433,40,False,,2015Q1
SARIMA-W60,1,2015Q2,2015Q3,74502.8,0.8,calibrated,70162.3155927813,78158.8943275361,7996.57873475476,True,7996.57873475476,1.3692987734093,40,False,,2015Q2
SARIMA-W60,1,2015Q2,2015Q3,74502.8,0.95,calibrated,58597.1164882488,93584.9635415281,34987.8470532793,True,34987.8470532793,5.93967567029433,40,False,,2015Q2
SARIMA-W60,1,2015Q3,2015Q4,84850.9,0.8,calibrated,79573.6055383625,88642.1726303902,9068.56709202765,True,9068.56709202765,1.3692987734093,40,False,,2015Q3
SARIMA-W60,1,2015Q3,2015Q4,84850.9,0.95,calibrated,66457.8986175806,106136.026351699,39678.1277341188,True,39678.1277341188,5.93967567029433,40,False,,2015Q3
SARIMA-W60,1,2015Q4,2016Q1,78024.4,0.8,calibrated,77875.6073970385,85835.3440181187,7959.73662108021,True,7959.73662108021,1.23568919364778,40,False,,2015Q4
SARIMA-W60,1,2015Q4,2016Q1,78024.4,0.95,calibrated,68568.3212930046,97486.4110057586,28918.089712754,True,28918.089712754,4.46800043253615,40,False,,2015Q4
SARIMA-W60,1,2016Q1,2016Q2,78113.9,0.8,calibrated,75511.0732966765,82974.0765751021,7463.00327842555,True,7463.00327842555,1.18721494951209,40,False,,2016Q1
SARIMA-W60,1,2016Q1,2016Q2,78113.9,0.95,calibrated,73958.1522362465,84716.3076488533,10758.1554126068,True,10758.1554126068,1.71072642091917,40,False,,2016Q1
SARIMA-W60,1,2016Q2,2016Q3,82343.5,0.8,calibrated,78226.9582197722,85502.433648621,7275.47542884888,True,7275.47542884888,1.12171421565554,40,False,,2016Q2
SARIMA-W60,1,2016Q2,2016Q3,82343.5,0.95,calibrated,76421.6178586721,87522.2939808584,11100.6761221863,True,11100.6761221863,1.71072642091917,40,False,,2016Q2
SARIMA-W60,1,2016Q3,2016Q4,93834.2,0.8,calibrated,89282.6723984564,97377.4738075562,8094.80140909979,True,8094.80140909979,1.12171421565554,40,False,,2016Q3
SARIMA-W60,1,2016Q3,2016Q4,93834.2,0.95,calibrated,87271.27543802,99621.7947923067,12350.5193542866,True,12350.5193542866,1.71072642091917,40,False,,2016Q3
SARIMA-W60,1,2016Q4,2017Q1,85823.4,0.8,calibrated,85752.2261168975,92724.2931452463,6972.06702834879,True,6972.06702834879,1.02432920516404,40,False,,2016Q4
SARIMA-W60,1,2016Q4,2017Q1,85823.4,0.95,calibrated,83976.9359911834,94684.5042447779,10707.5682535945,True,10707.5682535945,1.57260204533385,40,False,,2016Q4
SARIMA-W60,1,2017Q1,2017Q2,86545.3,0.8,calibrated,83987.5891420931,90653.913884277,6666.32474218385,True,6666.32474218385,1.00258552168808,40,False,,2017Q1
SARIMA-W60,1,2017Q1,2017Q2,86545.3,0.95,calibrated,82750.2453664687,92009.4392435547,9259.193877086,True,9259.193877086,1.39222732767643,40,False,,2017Q1
SARIMA-W60,1,2017Q2,2017Q3,90809.7,0.8,calibrated,87972.0203237583,94564.9717201943,6592.95139643604,True,6592.95139643604,0.953291673896538,40,False,,2017Q2
SARIMA-W60,1,2017Q2,2017Q3,90809.7,0.95,calibrated,86520.4778479371,96151.47559293,9630.99774499297,True,9630.99774499297,1.39222732767643,40,False,,2017Q2
SARIMA-W60,1,2017Q3,2017Q4,103083.2,0.8,calibrated,99463.5220497826,106920.875594864,7457.35354508096,True,7457.35354508096,0.953291673896538,40,False,,2017Q3
SARIMA-W60,1,2017Q3,2017Q4,103083.2,0.95,calibrated,97821.6981498024,108715.418648999,10893.7204991965,True,10893.7204991965,1.39222732767643,40,False,,2017Q3
SARIMA-W60,1,2017Q4,2018Q1,90275.4,0.8,calibrated,93580.6193228343,100469.414776437,6888.79545360288,False,39940.9886819461,0.943883169168522,40,False,,2017Q4
SARIMA-W60,1,2017Q4,2018Q1,90275.4,0.95,calibrated,92015.1907621363,102178.672672497,10163.4819103608,False,79755.1123958144,1.39222732767643,40,False,,2017Q4
SARIMA-W60,1,2018Q1,2018Q2,89742.5,0.8,calibrated,90172.4930841574,96992.4996543338,6820.00657017645,False,11119.9374117501,0.943883169168522,40,False,,2018Q1
SARIMA-W60,1,2018Q1,2018Q2,89742.5,0.95,calibrated,88624.5137233758,98686.6402629261,10062.1265395503,True,10062.1265395503,1.39222732767643,40,False,,2018Q1
SARIMA-W60,1,2018Q2,2018Q3,94281.4,0.8,calibrated,92335.175435117,99401.9212053042,7066.74577018719,True,7066.74577018719,0.943883169168522,40,False,,2018Q2
SARIMA-W60,1,2018Q2,2018Q3,94281.4,0.95,calibrated,90732.0304027432,101158.254613488,10426.224210745,True,10426.224210745,1.39222732767643,40,False,,2018Q2
SARIMA-W60,1,2018Q3,2018Q4,106687.6,0.8,calibrated,103499.167912225,111422.055723781,7922.8878115558,True,7922.8878115558,0.943883169168522,40,False,,2018Q3
SARIMA-W60,1,2018Q3,2018Q4,106687.6,0.95,calibrated,101701.817886181,113391.189008903,11689.3711227214,True,11689.3711227214,1.39222732767643,40,False,,2018Q3
SARIMA-W60,1,2018Q4,2019Q1,97789.7,0.8,calibrated,94547.5445717116,101178.2486523,6630.70408058808,True,6630.70408058808,0.869783088868975,40,False,,2018Q4
SARIMA-W60,1,2018Q4,2019Q1,97789.7,0.95,calibrated,92725.1320355278,103166.798085289,10441.6660497608,True,10441.6660497608,1.3692987734093,40,False,,2018Q4
SARIMA-W60,1,2019Q1,2019Q2,97420,0.8,calibrated,94516.0161054488,101137.783439545,6621.76733409637,True,6621.76733409637,0.869783088868975,40,False,,2019Q1
SARIMA-W60,1,2019Q1,2019Q2,97420,0.95,calibrated,92695.9812693329,103123.568438926,10427.5871695932,True,10427.5871695932,1.3692987734093,40,False,,2019Q1
SARIMA-W60,1,2019Q2,2019Q3,101464.5,0.8,calibrated,99289.1023330612,105487.677668911,6198.57533584994,True,6198.57533584994,0.777782873980555,40,False,,2019Q2
SARIMA-W60,1,2019Q2,2019Q3,101464.5,0.95,calibrated,97028.8200574513,107945.008676225,10916.1886187741,True,10916.1886187741,1.3692987734093,40,False,,2019Q2
SARIMA-W60,1,2019Q3,2019Q4,114974.8,0.8,calibrated,111574.647716517,118497.597182507,6922.94946598995,True,6922.94946598995,0.777782873980555,40,False,,2019Q3
SARIMA-W60,1,2019Q3,2019Q4,114974.8,0.95,calibrated,109049.595421848,121241.418730133,12191.8233082851,True,12191.8233082851,1.3692987734093,40,False,,2019Q3
SARIMA-W60,1,2019Q4,2020Q1,78579.7,0.8,calibrated,101758.398811415,107543.892776829,5785.49396541413,False,237572.482079566,0.73533281555005,40,False,,2019Q4
SARIMA-W60,1,2019Q4,2020Q1,78579.7,0.95,calibrated,99361.4242888789,110138.259482876,10776.8351939971,False,842045.806749152,1.3692987734093,40,False,,2019Q4
SARIMA-W60,1,2020Q1,2020Q2,93676.5,0.8,calibrated,82163.9445581335,89004.6498905559,6840.70533242234,False,53559.2064268635,0.73533281555005,40,False,,2020Q1
SARIMA-W60,1,2020Q1,2020Q2,93676.5,0.95,calibrated,77123.5565763032,94821.5233278114,17697.9667515082,True,17697.9667515082,1.89954744710454,40,False,,2020Q1
SARIMA-W60,1,2020Q2,2020Q3,101067.8,0.8,calibrated,83905.2864522078,90492.9385397918,6587.65208758408,False,112336.266689666,0.73533281555005,40,False,,2020Q2
SARIMA-W60,1,2020Q2,2020Q3,101067.8,0.95,calibrated,79032.1809746413,96072.711602373,17040.5306277317,False,216844.066532811,1.89954744710454,40,False,,2020Q2
SARIMA-W60,1,2020Q3,2020Q4,118656.6,0.8,calibrated,108011.88780439,117736.888615345,9725.00081095456,False,18922.1146575043,0.777782873980555,40,False,,2020Q3
SARIMA-W60,1,2020Q3,2020Q4,118656.6,0.95,calibrated,96102.3658611044,132327.476952424,36225.1110913192,True,36225.1110913192,2.88577907888208,40,False,,2020Q3
SARIMA-W60,1,2020Q4,2021Q1,105220.8,0.8,calibrated,84357.384849457,91480.7112610544,7123.32641159745,False,144524.213801053,0.9181849422184,40,False,,2020Q4
SARIMA-W60,1,2020Q4,2021Q1,105220.8,0.95,calibrated,77339.4152966059,99781.8969351516,22442.4816385456,False,239998.604232483,2.88577907888208,40,False,,2020Q4
SARIMA-W60,1,2021Q1,2021Q2,106683.5,0.8,calibrated,103320.761827238,113629.920254218,10309.1584269806,True,10309.1584269806,1.00258552168808,40,False,,2021Q1
SARIMA-W60,1,2021Q1,2021Q2,106683.5,0.95,calibrated,89254.2690486049,131538.021118527,42283.7520699219,True,42283.7520699219,4.08806072553516,40,False,,2021Q1
SARIMA-W60,1,2021Q2,2021Q3,106152.9,0.8,calibrated,107988.157543139,118758.88528493,10770.7277417914,False,29123.3031731811,1.00258552168808,40,False,,2021Q2
SARIMA-W60,1,2021Q2,2021Q3,106152.9,0.95,calibrated,93291.2252798516,137467.94701566,44176.7217358083,True,44176.7217358083,4.08806072553516,40,False,,2021Q2
SARIMA-W60,1,2021Q3,2021Q4,122766,0.8,calibrated,117889.404964741,130673.769243746,12784.364279005,True,12784.364279005,1.0676461279674,40,False,,2021Q3
SARIMA-W60,1,2021Q3,2021Q4,122766,0.95,calibrated,101912.255378615,151159.964455832,49247.7090772167,True,49247.7090772167,4.08806072553516,40,False,,2021Q3
SARIMA-W60,1,2021Q4,2022Q1,108659.1,0.8,calibrated,99725.4814618451,110549.740316943,10824.2588550981,True,10824.2588550981,1.0676461279674,40,False,,2021Q4
SARIMA-W60,1,2021Q4,2022Q1,108659.1,0.95,calibrated,86199.3733785679,127896.823915082,41697.4505365142,True,41697.4505365142,4.08806072553516,40,False,,2021Q4
SARIMA-W60,1,2022Q1,2022Q2,101772.6,0.8,calibrated,106303.098097163,117896.331675776,11593.2335786134,False,56898.2145502406,1.0676461279674,40,False,,2022Q1
SARIMA-W60,1,2022Q1,2022Q2,101772.6,0.95,calibrated,91824.1770175874,136486.334193066,44662.1571754784,True,44662.1571754784,4.08806072553516,40,False,,2022Q1
SARIMA-W60,1,2022Q2,2022Q3,109872.9,0.8,calibrated,102982.039181574,115987.204568651,13005.1653870773,True,13005.1653870773,1.18721494951209,40,False,,2022Q2
SARIMA-W60,1,2022Q2,2022Q3,109872.9,0.95,calibrated,89055.817720706,134124.857321622,45069.0396009157,True,45069.0396009157,4.08806072553516,40,False,,2022Q2
SARIMA-W60,1,2022Q3,2022Q4,119427.9,0.8,calibrated,117999.441348541,132817.396106865,14817.9547583233,True,14817.9547583233,1.18721494951209,40,False,,2022Q3
SARIMA-W60,1,2022Q3,2022Q4,119427.9,0.95,calibrated,102120.985636972,153468.735580867,51347.7499438957,True,51347.7499438957,4.08806072553516,40,False,,2022Q3
SARIMA-W60,1,2022Q4,2023Q1,114922.4,0.8,calibrated,99553.0792408736,112144.5444723,12591.4652314265,False,40370.0205084256,1.18721494951209,40,False,,2022Q4
SARIMA-W60,1,2022Q4,2023Q1,114922.4,0.95,calibrated,86072.4272809099,129708.6079128,43636.1806318903,True,43636.1806318903,4.08806072553516,40,False,,2022Q4
SARIMA-W60,1,2023Q1,2023Q2,112665.2,0.8,calibrated,103911.317974644,119566.149556716,15654.8315820715,True,15654.8315820715,1.36410254787289,40,False,,2023Q1
SARIMA-W60,1,2023Q1,2023Q2,112665.2,0.95,calibrated,90325.9077572369,137549.419586058,47223.5118288211,True,47223.5118288211,4.08806072553516,40,False,,2023Q1
SARIMA-W60,1,2023Q2,2023Q3,114519.4,0.8,calibrated,109513.266733874,126019.079572748,16505.8128388737,True,16505.8128388737,1.36410254787289,40,False,,2023Q2
SARIMA-W60,1,2023Q2,2023Q3,114519.4,0.95,calibrated,95190.1638253111,144980.957277626,49790.7934523146,True,49790.7934523146,4.08806072553516,40,False,,2023Q2
SARIMA-W60,1,2023Q3,2023Q4,129388.2,0.8,calibrated,120650.970042149,138887.328619054,18236.358576905,True,18236.358576905,1.36410254787289,40,False,,2023Q3
SARIMA-W60,1,2023Q3,2023Q4,129388.2,0.95,calibrated,104832.072908033,159845.078510965,55013.0056029314,True,55013.0056029314,4.08806072553516,40,False,,2023Q3
SARIMA-W60,1,2023Q4,2024Q1,120326.8,0.8,calibrated,108903.784715388,125355.383417543,16451.5987021547,True,16451.5987021547,1.36410254787289,40,False,,2023Q4
SARIMA-W60,1,2023Q4,2024Q1,120326.8,0.95,calibrated,94632.0109461686,144260.652945278,49628.641999109,True,49628.641999109,4.08806072553516,40,False,,2023Q4
SARIMA-W60,1,2024Q1,2024Q2,115642.2,0.8,calibrated,110201.773132648,126912.23978077,16710.4666481228,True,16710.4666481228,1.36410254787289,40,False,,2024Q1
SARIMA-W60,1,2024Q1,2024Q2,115642.2,0.95,calibrated,95712.5976273593,146124.483116931,50411.8854895715,True,50411.8854895715,4.08806072553516,40,False,,2024Q1
SARIMA-W60,1,2024Q2,2024Q3,117595,0.8,calibrated,112628.157398776,129679.90358933,17051.7461905539,True,17051.7461905539,1.36410254787289,40,False,,2024Q2
SARIMA-W60,1,2024Q2,2024Q3,117595,0.95,calibrated,97840.0323236298,149280.496398504,51440.4640748745,True,51440.4640748745,4.08806072553516,40,False,,2024Q2
SARIMA-W60,1,2024Q3,2024Q4,134330.8,0.8,calibrated,123974.33802852,142628.555551014,18654.2175224935,True,18654.2175224935,1.36410254787289,40,False,,2024Q3
SARIMA-W60,1,2024Q3,2024Q4,134330.8,0.95,calibrated,107783.398693738,164053.842917353,56270.4442236153,True,56270.4442236153,4.08806072553516,40,False,,2024Q3
SARIMA-W60,1,2024Q4,2025Q1,124671.1,0.8,calibrated,114197.517176445,131127.148988497,16929.6318120517,True,16929.6318120517,1.36410254787289,40,False,,2024Q4
SARIMA-W60,1,2024Q4,2025Q1,124671.1,0.95,calibrated,99475.0488565609,150534.179385071,51059.1305285099,True,51059.1305285099,4.08806072553516,40,False,,2024Q4
SARIMA-W60,1,2025Q1,2025Q2,120787.3,0.8,calibrated,113449.689492653,130293.550610439,16843.8611177854,True,16843.8611177854,1.36410254787289,40,False,,2025Q1
SARIMA-W60,1,2025Q1,2025Q2,120787.3,0.95,calibrated,98804.628703161,149605.975485809,50801.3467826481,True,50801.3467826481,4.08806072553516,40,False,,2025Q1
SARIMA-W60,1,2025Q2,2025Q3,120418.8,0.8,calibrated,116217.812313713,133437.140480137,17219.328166424,True,17219.328166424,1.36410254787289,40,False,,2025Q2
SARIMA-W60,1,2025Q2,2025Q3,120418.8,0.95,calibrated,101242.316126218,153174.810112658,51932.4939864404,True,51932.4939864404,4.08806072553516,40,False,,2025Q2
SARIMA-W60,1,2025Q3,2025Q4,135325.2,0.8,calibrated,128163.915185097,147192.221136523,19028.3059514267,True,19028.3059514267,1.36410254787289,40,False,,2025Q3
SARIMA-W60,1,2025Q3,2025Q4,135325.2,0.95,calibrated,111619.547752205,169009.20784527,57389.6600930648,True,57389.6600930648,4.08806072553516,40,False,,2025Q3
SARIMA-W60,1,2025Q4,2026Q1,127694.9,0.8,calibrated,117480.614400667,134864.819218581,17384.204817915,True,17384.204817915,1.36410254787289,40,False,,2025Q4
SARIMA-W60,1,2025Q4,2026Q1,127694.9,0.95,calibrated,102359.23674101,154788.198185987,52428.9614449772,True,52428.9614449772,4.08806072553516,40,False,,2025Q4
SARIMA-W60,1,2026Q1,2026Q2,121027.2,0.8,calibrated,115811.006201542,132969.651072974,17158.6448714321,True,17158.6448714321,1.36410254787289,40,False,,2026Q1
SARIMA-W60,1,2026Q1,2026Q2,121027.2,0.95,calibrated,100888.239850019,152637.70195537,51749.462105351,True,51749.462105351,4.08806072553516,40,False,,2026Q1
SARIMA-W60,2,2004Q3,2005Q1,15112.2,0.8,calibrated,14621.7316443047,15698.49576819,1076.76412388531,True,1076.76412388531,1.2815515655446,0,True,insufficient_history,
SARIMA-W60,2,2004Q3,2005Q1,15112.2,0.95,calibrated,14349.3049015168,15996.5373874985,1647.23248598171,True,1647.23248598171,1.95996398454005,0,True,insufficient_history,
SARIMA-W60,2,2004Q4,2005Q2,14497.5,0.8,calibrated,14146.0421542732,15212.7309240885,1066.68876981533,True,1066.68876981533,1.2815515655446,0,True,insufficient_history,
SARIMA-W60,2,2004Q4,2005Q2,14497.5,0.95,calibrated,13876.4470199458,15508.2877212334,1631.8407012876,True,1631.8407012876,1.95996398454005,0,True,insufficient_history,
SARIMA-W60,2,2005Q1,2005Q3,15470.9,0.8,calibrated,14999.9863346302,16075.1884406374,1075.2021060072,True,1075.2021060072,1.2815515655446,1,True,insufficient_history,2005Q1
SARIMA-W60,2,2005Q1,2005Q3,15470.9,0.95,calibrated,14727.6374027785,16372.4567859524,1644.81938317395,True,1644.81938317395,1.95996398454005,1,True,insufficient_history,2005Q1
SARIMA-W60,2,2005Q2,2005Q4,22096,0.8,calibrated,17398.8013168449,18684.8060697455,1286.00475290066,False,35397.9440554453,1.2815515655446,2,True,insufficient_history,2005Q2
SARIMA-W60,2,2005Q2,2005Q4,22096,0.95,calibrated,17073.4882199472,19040.820731142,1967.33251119478,False,124174.503265515,1.95996398454005,2,True,insufficient_history,2005Q2
SARIMA-W60,2,2005Q3,2006Q1,18440.2,0.8,calibrated,17100.1799362744,18299.7286515449,1199.54871527054,False,2604.26219982146,1.2815515655446,3,True,insufficient_history,2005Q3
SARIMA-W60,2,2005Q3,2006Q1,18440.2,0.95,calibrated,16796.0567066565,18631.0786032531,1835.02189659668,True,1835.02189659668,1.95996398454005,3,True,insufficient_history,2005Q3
SARIMA-W60,2,2005Q4,2006Q2,18008,0.8,calibrated,19426.3272798608,22038.9732492313,2612.64596937053,False,16795.9187679781,1.2815515655446,4,True,insufficient_history,2005Q4
SARIMA-W60,2,2005Q4,2006Q2,18008,0.95,calibrated,18788.2289371998,22787.4755349597,3999.24659775989,False,35208.4040857529,1.95996398454005,4,True,insufficient_history,2005Q4
SARIMA-W60,2,2006Q1,2006Q3,18643.2,0.8,calibrated,18579.5543614577,20700.8967694542,2121.34240799646,True,2121.34240799646,1.2815515655446,5,True,insufficient_history,2006Q1
SARIMA-W60,2,2006Q1,2006Q3,18643.2,0.95,calibrated,18055.4100204287,21301.8389736832,3246.42895325446,True,3246.42895325446,1.95996398454005,5,True,insufficient_history,2006Q1
SARIMA-W60,2,2006Q2,2006Q4,21318.6,0.8,calibrated,25736.4194318702,28836.882879188,3100.46344731776,False,47278.6577660201,1.2815515655446,6,True,insufficient_history,2006Q2
SARIMA-W60,2,2006Q2,2006Q4,21318.6,0.95,calibrated,24973.1132045304,29718.2856942267,4745.17248969634,False,150925.700670912,1.95996398454005,6,True,insufficient_history,2006Q2
SARIMA-W60,2,2006Q3,2007Q1,21187.8,0.8,calibrated,21030.4383045512,23553.4605224104,2523.02221785924,True,2523.02221785924,1.2815515655446,7,True,insufficient_history,2006Q3
SARIMA-W60,2,2006Q3,2007Q1,21187.8,0.95,calibrated,20409.1151910746,24270.5082379984,3861.3930469238,True,3861.3930469238,1.95996398454005,7,True,insufficient_history,2006Q3
SARIMA-W60,2,2006Q4,2007Q2,20856,0.8,calibrated,17662.9966232073,20498.4749938078,2835.47837060054,False,6410.72843252263,1.2815515655446,8,True,insufficient_history,2006Q4
SARIMA-W60,2,2006Q4,2007Q2,20856,0.95,calibrated,16980.5075677553,21322.3599560745,4341.85238831925,True,4341.85238831925,1.95996398454005,8,True,insufficient_history,2006Q4
SARIMA-W60,2,2007Q1,2007Q3,21783.2,0.8,calibrated,19676.9717564038,22398.8978806998,2721.92612429601,True,2721.92612429601,1.2815515655446,9,True,insufficient_history,2007Q1
SARIMA-W60,2,2007Q1,2007Q3,21783.2,0.95,calibrated,19013.6248038166,23180.3501710328,4166.72536721626,True,4166.72536721626,1.95996398454005,9,True,insufficient_history,2007Q1
SARIMA-W60,2,2007Q2,2007Q4,25383,0.8,calibrated,24756.2924867448,28241.7541973672,3485.46171062236,True,3485.46171062236,1.2815515655446,10,True,insufficient_history,2007Q2
SARIMA-W60,2,2007Q2,2007Q4,25383,0.95,calibrated,23908.0455532418,29243.7592061544,5335.71365291266,True,5335.71365291266,1.95996398454005,10,True,insufficient_history,2007Q2
SARIMA-W60,2,2007Q3,2008Q1,25555.2,0.8,calibrated,23255.2270774249,26471.2051331025,3215.97805567756,True,3215.97805567756,1.2815515655446,11,True,insufficient_history,2007Q3
SARIMA-W60,2,2007Q3,2008Q1,25555.2,0.95,calibrated,22471.4595196645,27394.4772409952,4923.01772133072,True,4923.01772133072,1.95996398454005,11,True,insufficient_history,2007Q3
SARIMA-W60,2,2007Q4,2008Q2,25487.5,0.8,calibrated,21661.7761264398,24693.0067275343,3031.23060109444,False,10976.1633257519,1.2815515655446,12,True,insufficient_history,2007Q4
SARIMA-W60,2,2007Q4,2008Q2,25487.5,0.95,calibrated,20923.7180836603,25564.0217231864,4640.30363952615,True,4640.30363952615,1.95996398454005,12,True,insufficient_history,2007Q4
SARIMA-W60,2,2008Q1,2008Q3,26843,0.8,calibrated,23819.8912360179,27117.4312740277,3297.54003800982,True,3297.54003800982,1.2815515655446,13,True,insufficient_history,2008Q1
SARIMA-W60,2,2008Q1,2008Q3,26843,0.95,calibrated,23016.3123110679,28064.1944207943,5047.88210972638,True,5047.88210972638,1.95996398454005,13,True,insufficient_history,2008Q1
SARIMA-W60,2,2008Q2,2008Q4,30602,0.8,calibrated,29897.9422885277,34194.5478162733,4296.60552774556,True,4296.60552774556,1.2815515655446,14,True,insufficient_history,2008Q2
SARIMA-W60,2,2008Q2,2008Q4,30602,0.95,calibrated,28854.0049088769,35431.7059424467,6577.70103356979,True,6577.70103356979,1.95996398454005,14,True,insufficient_history,2008Q2
SARIMA-W60,2,2008Q3,2009Q1,29398,0.8,calibrated,28773.425521827,32874.9906938934,4101.5651720664,True,4101.5651720664,1.2815515655446,15,True,insufficient_history,2008Q3
SARIMA-W60,2,2008Q3,2009Q1,29398,0.95,calibrated,27776.22537506,34055.2426936612,6279.01731860122,True,6279.01731860122,1.95996398454005,15,True,insufficient_history,2008Q3
SARIMA-W60,2,2008Q4,2009Q2,29313.2,0.8,calibrated,27044.5599462104,30942.2803856228,3897.72043941235,True,3897.72043941235,1.2815515655446,16,True,insufficient_history,2008Q4
SARIMA-W60,2,2008Q4,2009Q2,29313.2,0.95,calibrated,26097.7586433601,32064.8362258624,5967.07758250233,True,5967.07758250233,1.95996398454005,16,True,insufficient_history,2008Q4
SARIMA-W60,2,2009Q1,2009Q3,30964.9,0.8,calibrated,27702.3199948893,31414.6272004971,3712.30720560785,True,3712.30720560785,1.2815515655446,17,True,insufficient_history,2009Q1
SARIMA-W60,2,2009Q1,2009Q3,30964.9,0.95,calibrated,26795.3985363923,32477.8918308073,5682.49329441499,True,5682.49329441499,1.95996398454005,17,True,insufficient_history,2009Q1
SARIMA-W60,2,2009Q2,2009Q4,35666.6,0.8,calibrated,34263.4918521594,38882.3358237154,4618.84397155602,True,4618.84397155602,1.2815515655446,18,True,insufficient_history,2009Q2
SARIMA-W60,2,2009Q2,2009Q4,35666.6,0.95,calibrated,33135.610947095,40205.8256543357,7070.21470724075,True,7070.21470724075,1.95996398454005,18,True,insufficient_history,2009Q2
SARIMA-W60,2,2009Q3,2010Q1,36374,0.8,calibrated,32974.3261927039,37427.5870842858,4453.26089158189,True,4453.26089158189,1.2815515655446,19,True,insufficient_history,2009Q3
SARIMA-W60,2,2009Q3,2010Q1,36374,0.95,calibrated,31887.0322317978,38703.8046109659,6816.77237916814,True,6816.77237916814,1.95996398454005,19,True,insufficient_history,2009Q3
SARIMA-W60,2,2009Q4,2010Q2,36295.4,0.8,calibrated,30639.5723146711,36999.0630413501,6359.49072667891,True,6359.49072667891,1.90129644835926,20,False,,2009Q4
SARIMA-W60,2,2009Q4,2010Q2,36295.4,0.95,calibrated,23431.8041068635,48380.2042070873,24948.4001002238,True,24948.4001002238,7.308757923374,20,False,,2009Q4
SARIMA-W60,2,2010Q1,2010Q3,38359.1,0.8,calibrated,34172.9713720706,39801.2427319347,5628.27135986405,True,5628.27135986405,1.57923759329572,21,False,,2010Q1
SARIMA-W60,2,2010Q1,2010Q3,38359.1,0.95,calibrated,28246.2644403283,48152.4461871612,19906.1817468329,True,19906.1817468329,5.52515449782071,21,False,,2010Q1
SARIMA-W60,2,2010Q2,2010Q4,43525.2,0.8,calibrated,41170.9547364389,48069.7922604853,6898.83752404642,True,6898.83752404642,1.57923759329572,22,False,,2010Q2
SARIMA-W60,2,2010Q2,2010Q4,43525.2,0.95,calibrated,33926.2361032344,58334.7718068195,24408.5357035851,True,24408.5357035851,5.52515449782071,22,False,,2010Q2
SARIMA-W60,2,2010Q3,2011Q1,42921.8,0.8,calibrated,40582.6094214013,47389.7212454852,6807.11182408386,True,6807.11182408386,1.57923759329572,23,False,,2010Q3
SARIMA-W60,2,2010Q3,2011Q1,42921.8,0.95,calibrated,33435.3716642398,57519.8794620109,24084.5077977712,True,24084.5077977712,5.52515449782071,23,False,,2010Q3
SARIMA-W60,2,2010Q4,2011Q2,42910.9,0.8,calibrated,39363.2811341589,45912.8624339798,6549.58129982093,True,6549.58129982093,1.57923759329572,24,False,,2010Q4
SARIMA-W60,2,2010Q4,2011Q2,42910.9,0.95,calibrated,32477.5693313363,55647.0496059855,23169.4802746492,True,23169.4802746492,5.52515449782071,24,False,,2010Q4
SARIMA-W60,2,2011Q1,2011Q3,44978.1,0.8,calibrated,41357.702783252,48093.0019233879,6735.29914013587,True,6735.29914013587,1.57923759329572,25,False,,2011Q1
SARIMA-W60,2,2011Q1,2011Q3,44978.1,0.95,calibrated,34252.6932603615,58068.8959079199,23816.2026475584,True,23816.2026475584,5.52515449782071,25,False,,2011Q1
SARIMA-W60,2,2011Q2,2011Q4,50415,0.8,calibrated,48203.1839817883,55988.3656416483,7785.1816598601,True,7785.1816598601,1.57064323946748,26,False,,2011Q2
SARIMA-W60,2,2011Q2,2011Q4,50415,0.95,calibrated,39922.7613558259,67600.9724329896,27678.2110771638,True,27678.2110771638,5.52515449782071,26,False,,2011Q2
SARIMA-W60,2,2011Q3,2012Q1,49318.8,0.8,calibrated,47374.4784139998,55023.0450782425,7648.56666424276,True,7648.56666424276,1.57064323946748,27,False,,2011Q3
SARIMA-W60,2,2011Q3,2012Q1,49318.8,0.95,calibrated,39238.9012883058,66431.2194212378,27192.318132932,True,27192.318132932,5.52515449782071,27,False,,2011Q3
SARIMA-W60,2,2011Q4,2012Q2,48902.8,0.8,calibrated,46530.9278710277,53634.81700814,7103.88913711223,True,7103.88913711223,1.57064323946748,28,False,,2011Q4
SARIMA-W60,2,2011Q4,2012Q2,48902.8,0.95,calibrated,38910.0905105008,64139.6041190912,25229.5136085904,True,25229.5136085904,5.52515449782071,28,False,,2011Q4
SARIMA-W60,2,2012Q1,2012Q3,51200.4,0.8,calibrated,48295.5204683409,55707.8364986502,7412.31603030934,True,7412.31603030934,1.57064323946748,29,False,,2012Q1
SARIMA-W60,2,2012Q1,2012Q3,51200.4,0.95,calibrated,40350.0647902478,66677.4383598462,26327.3735695984,True,26327.3735695984,5.52515449782071,29,False,,2012Q1
SARIMA-W60,2,2012Q2,2012Q4,57744.7,0.8,calibrated,54274.278022621,63106.0000143513,8831.72199173024,True,8831.72199173024,1.57064323946748,30,False,,2012Q2
SARIMA-W60,2,2012Q2,2012Q4,57744.7,0.95,calibrated,44891.7666904086,76295.3397066061,31403.5730161975,True,31403.5730161975,5.52515449782071,30,False,,2012Q2
SARIMA-W60,2,2012Q3,2013Q1,55451,0.8,calibrated,53347.8975634458,61666.4662722675,8318.56870882174,True,8318.56870882174,1.51415061460658,31,False,,2012Q3
SARIMA-W60,2,2012Q3,2013Q1,55451,0.95,calibrated,44031.5331734932,74714.0989351932,30682.5657617,True,30682.5657617,5.52515449782071,31,False,,2012Q3
SARIMA-W60,2,2012Q4,2013Q2,55313.3,0.8,calibrated,52506.0747908075,60708.2607459176,8202.18595511003,True,8202.18595511003,1.51415061460658,32,False,,2012Q4
SARIMA-W60,2,2012Q4,2013Q2,55313.3,0.95,calibrated,43322.6499066978,73577.0430943142,30254.3931876164,True,30254.3931876164,5.52515449782071,32,False,,2012Q4
SARIMA-W60,2,2013Q1,2013Q3,58052.7,0.8,calibrated,53933.2500470766,62400.4446836784,8467.19463660184,True,8467.19463660184,1.51415061460658,33,False,,2013Q1
SARIMA-W60,2,2013Q1,2013Q3,58052.7,0.95,calibrated,44460.4817580794,75695.5087550761,31235.0269969967,True,31235.0269969967,5.52515449782071,33,False,,2013Q1
SARIMA-W60,2,2013Q2,2013Q4,65563,0.8,calibrated,61059.2057574053,70637.8476907789,9578.64193337362,True,9578.64193337362,1.51415061460658,34,False,,2013Q2
SARIMA-W60,2,2013Q2,2013Q4,65563,0.95,calibrated,50341.7190831224,85676.2731779164,35334.5540947941,True,35334.5540947941,5.52515449782071,34,False,,2013Q2
SARIMA-W60,2,2013Q3,2014Q1,62081.2,0.8,calibrated,59680.3777258769,68973.6872110718,9293.30948519492,True,9293.30948519492,1.51415061460658,35,False,,2013Q3
SARIMA-W60,2,2013Q3,2014Q1,62081.2,0.95,calibrated,49270.1467379446,83547.0559443877,34276.9092064431,True,34276.9092064431,5.52515449782071,35,False,,2013Q3
SARIMA-W60,2,2013Q4,2014Q2,62117.5,0.8,calibrated,60097.6475778284,67366.6371303908,7268.9895525624,True,7268.9895525624,1.20047980740579,36,False,,2013Q4
SARIMA-W60,2,2013Q4,2014Q2,62117.5,0.95,calibrated,48925.9522831592,82749.0570512459,33823.1047680868,True,33823.1047680868,5.52515449782071,36,False,,2013Q4
SARIMA-W60,2,2014Q1,2014Q3,64952.1,0.8,calibrated,61500.0419328275,68984.2260052667,7484.18407243915,True,7484.18407243915,1.20047980740579,37,False,,2014Q1
SARIMA-W60,2,2014Q1,2014Q3,64952.1,0.95,calibrated,50008.0932301584,84836.923745555,34828.8305153966,True,34828.8305153966,5.52515449782071,37,False,,2014Q1
SARIMA-W60,2,2014Q2,2014Q4,73243.3,0.8,calibrated,69427.277873285,77888.4346288672,8461.15675558223,True,8461.15675558223,1.20047980740579,38,False,,2014Q2
SARIMA-W60,2,2014Q2,2014Q4,73243.3,0.95,calibrated,56438.0136302546,95814.5343229218,39376.5206926672,True,39376.5206926672,5.52515449782071,38,False,,2014Q2
SARIMA-W60,2,2014Q3,2015Q1,70715.3,0.8,calibrated,66989.309751284,75150.1300431436,8160.82029185956,True,8160.82029185956,1.20047980740579,39,False,,2014Q3
SARIMA-W60,2,2014Q3,2015Q1,70715.3,0.95,calibrated,54460.3710869751,92438.8732362757,37978.5021493006,True,37978.5021493006,5.52515449782071,39,False,,2014Q3
SARIMA-W60,2,2014Q4,2015Q2,70861.8,0.8,calibrated,66597.3058780178,74695.5655501626,8098.25967214482,True,8098.25967214482,1.20047980740579,40,False,,2014Q4
SARIMA-W60,2,2014Q4,2015Q2,70861.8,0.95,calibrated,54161.0148494451,91846.9389929954,37685.9241435503,True,37685.9241435503,5.52515449782071,40,False,,2014Q4
SARIMA-W60,2,2015Q1,2015Q3,74502.8,0.8,calibrated,69669.7863322894,78125.4927938828,8455.70646159342,True,8455.70646159342,1.20047980740579,40,False,,2015Q1
SARIMA-W60,2,2015Q1,2015Q3,74502.8,0.95,calibrated,56680.8669447844,96028.6368830052,39347.7699382208,True,39347.7699382208,5.52515449782071,40,False,,2015Q1
SARIMA-W60,2,2015Q2,2015Q4,84850.9,0.8,calibrated,78976.0102580587,88561.9237082343,9585.91345017562,True,9585.91345017562,1.20047980740579,40,False,,2015Q2
SARIMA-W60,2,2015Q2,2015Q4,84850.9,0.95,calibrated,64251.1318769728,108858.275191906,44607.1433149329,True,44607.1433149329,5.52515449782071,40,False,,2015Q2
SARIMA-W60,2,2015Q3,2016Q1,78024.4,0.8,calibrated,76649.3372990469,85956.6616939881,9307.3243949412,True,9307.3243949412,1.20047980740579,40,False,,2015Q3
SARIMA-W60,2,2015Q3,2016Q1,78024.4,0.95,calibrated,62353.2738653073,105664.39814395,43311.1242786423,True,43311.1242786423,5.52515449782071,40,False,,2015Q3
SARIMA-W60,2,2015Q4,2016Q2,78113.9,0.8,calibrated,77461.887673163,86135.2883936913,8673.40072052823,True,8673.40072052823,1.11291190070655,40,False,,2015Q4
SARIMA-W60,2,2015Q4,2016Q2,78113.9,0.95,calibrated,71401.2652476214,93446.5518378176,22045.2865901961,True,22045.2865901961,2.82150997886051,40,False,,2015Q4
SARIMA-W60,2,2016Q1,2016Q3,82343.5,0.8,calibrated,78352.122264928,86890.246401565,8538.12413663701,True,8538.12413663701,1.08047278150222,40,False,,2016Q1
SARIMA-W60,2,2016Q1,2016Q3,82343.5,0.95,calibrated,72087.3845751023,94441.4234170526,22354.0388419503,True,22354.0388419503,2.82150997886051,40,False,,2016Q1
SARIMA-W60,2,2016Q2,2016Q4,93834.2,0.8,calibrated,88259.5268329637,97036.8257132638,8777.29888030014,True,8777.29888030014,0.987666891138794,40,False,,2016Q2
SARIMA-W60,2,2016Q2,2016Q4,93834.2,0.95,calibrated,84472.8949555863,101386.655770805,16913.7608152191,True,16913.7608152191,1.90129644835926,40,False,,2016Q2
SARIMA-W60,2,2016Q3,2017Q1,85823.4,0.8,calibrated,85094.981291017,92509.143567176,7414.162276159,True,7414.162276159,0.937125159515597,40,False,,2016Q3
SARIMA-W60,2,2016Q3,2017Q1,85823.4,0.95,calibrated,81515.4717646196,96571.4074970683,15055.9357324486,True,15055.9357324486,1.90129644835926,40,False,,2016Q3
SARIMA-W60,2,2016Q4,2017Q2,86545.3,0.8,calibrated,85754.0429835359,92483.1013328691,6729.05834933319,True,6729.05834933319,0.868515877508349,40,False,,2016Q4
SARIMA-W60,2,2016Q4,2017Q2,86545.3,0.95,calibrated,83144.0192116952,95386.2938325936,12242.2746208985,True,12242.2746208985,1.57923759329572,40,False,,2016Q4
SARIMA-W60,2,2017Q1,2017Q3,90809.7,0.8,calibrated,88342.3335668338,94962.4871131144,6620.15354628061,True,6620.15354628061,0.837259251944161,40,False,,2017Q1
SARIMA-W60,2,2017Q1,2017Q3,90809.7,0.95,calibrated,85558.4641936961,98052.3410739414,12493.8768802453,True,12493.8768802453,1.57923759329572,40,False,,2017Q1
SARIMA-W60,2,2017Q2,2017Q4,103083.2,0.8,calibrated,99771.1096025932,107109.238773091,7338.12917049827,True,7338.12917049827,0.827968918383379,40,False,,2017Q2
SARIMA-W60,2,2017Q2,2017Q4,103083.2,0.95,calibrated,96879.711357317,110305.939720095,13426.2283627782,True,13426.2283627782,1.51415061460658,40,False,,2017Q2
SARIMA-W60,2,2017Q3,2018Q1,90275.4,0.8,calibrated,93559.9053668084,100456.725778455,6896.82041164659,False,39741.8740797307,0.827968918383379,40,False,,2017Q3
SARIMA-W60,2,2017Q3,2018Q1,90275.4,0.95,calibrated,90842.692348801,103461.505975673,12618.8136268718,False,35310.5075789105,1.51415061460658,40,False,,2017Q3
SARIMA-W60,2,2017Q4,2018Q2,89742.5,0.8,calibrated,93801.3093604451,100627.431060899,6826.12170045398,False,47414.2153049045,0.827968918383379,40,False,,2017Q4
SARIMA-W60,2,2017Q4,2018Q2,89742.5,0.95,calibrated,91110.2663765095,103599.57408185,12489.30770534,False,67199.9627657219,1.51415061460658,40,False,,2017Q4
SARIMA-W60,2,2018Q1,2018Q3,94281.4,0.8,calibrated,94595.5185784004,101747.875896153,7152.35731775261,False,10293.5431017569,0.837259251944161,40,False,,2018Q1
SARIMA-W60,2,2018Q1,2018Q3,94281.4,0.95,calibrated,91267.817991137,105457.688115015,14189.8701238785,True,14189.8701238785,1.65999763234588,40,False,,2018Q1
SARIMA-W60,2,2018Q2,2018Q4,106687.6,0.8,calibrated,104436.604494315,112532.49582289,8095.89132857484,True,8095.89132857484,0.837259251944161,40,False,,2018Q2
SARIMA-W60,2,2018Q2,2018Q4,106687.6,0.95,calibrated,100674.926258468,116737.227389077,16062.3011306087,True,16062.3011306087,1.65999763234588,40,False,,2018Q2
SARIMA-W60,2,2018Q3,2019Q1,97789.7,0.8,calibrated,94656.5112697365,102036.150851527,7379.63958179046,True,7379.63958179046,0.837259251944161,40,False,,2018Q3
SARIMA-W60,2,2018Q3,2019Q1,97789.7,0.95,calibrated,91228.6891181227,105870.052023793,14641.3629056703,True,14641.3629056703,1.65999763234588,40,False,,2018Q3
SARIMA-W60,2,2018Q4,2019Q2,97420,0.8,calibrated,94217.8328628446,101467.417757389,7249.58489454452,True,7249.58489454452,0.827968918383379,40,False,,2018Q4
SARIMA-W60,2,2018Q4,2019Q2,97420,0.95,calibrated,90773.15582495,105317.922687694,14544.7668627442,True,14544.7668627442,1.65999763234588,40,False,,2018Q4
SARIMA-W60,2,2019Q1,2019Q3,101464.5,0.8,calibrated,98885.9130692521,106359.583212496,7473.67014324351,True,7473.67014324351,0.814673748223245,40,False,,2019Q1
SARIMA-W60,2,2019Q1,2019Q3,101464.5,0.95,calibrated,95217.790116554,110456.927080103,15239.1369635487,True,15239.1369635487,1.65999763234588,40,False,,2019Q1
SARIMA-W60,2,2019Q2,2019Q4,114974.8,0.8,calibrated,111492.788905376,119920.476175077,8427.68726970127,True,8427.68726970127,0.814673748223245,40,False,,2019Q2
SARIMA-W60,2,2019Q2,2019Q4,114974.8,0.95,calibrated,107356.460285716,124540.882775353,17184.422489637,True,17184.422489637,1.65999763234588,40,False,,2019Q2
SARIMA-W60,2,2019Q3,2020Q1,78579.7,0.8,calibrated,101660.470122203,108690.659664329,7030.18954212613,False,237837.890764153,0.745892953706168,40,False,,2019Q3
SARIMA-W60,2,2019Q3,2020Q1,78579.7,0.95,calibrated,97579.2633974929,113236.595303628,15657.3319061349,False,775639.86780585,1.65999763234588,40,False,,2019Q3
SARIMA-W60,2,2019Q4,2020Q2,93676.5,0.8,calibrated,101094.5477923,107674.105711915,6579.55791961518,False,80760.0358426134,0.745892953706168,40,False,,2019Q4
SARIMA-W60,2,2019Q4,2020Q2,93676.5,0.95,calibrated,97263.1283516771,111915.637614782,14652.5092631051,False,158117.643330188,1.65999763234588,40,False,,2019Q4
SARIMA-W60,2,2020Q1,2020Q3,101067.8,0.8,calibrated,82280.3694801426,91669.7811701344,9389.41168999173,False,103369.599988648,0.814673748223245,40,False,,2020Q1
SARIMA-W60,2,2020Q1,2020Q3,101067.8,0.95,calibrated,76714.7635949383,98320.3637916203,21605.600196682,False,131503.048531871,1.87072240213154,40,False,,2020Q1
SARIMA-W60,2,2020Q2,2020Q4,118656.6,0.8,calibrated,100802.433793669,110195.228738331,9392.79494466218,False,94006.5075613486,0.814673748223245,40,False,,2020Q2
SARIMA-W60,2,2020Q2,2020Q4,118656.6,0.95,calibrated,91682.7876190132,121156.299211067,29473.5115920539,True,29473.5115920539,2.54893797500201,40,False,,2020Q2
SARIMA-W60,2,2020Q3,2021Q1,105220.8,0.8,calibrated,98994.1300913593,110631.646380913,11637.5162895535,True,11637.5162895535,0.827968918383379,40,False,,2020Q3
SARIMA-W60,2,2020Q3,2021Q1,105220.8,0.95,calibrated,88194.9823268664,124178.08026157,35983.0979347035,True,35983.0979347035,2.54893797500201,40,False,,2020Q3
SARIMA-W60,2,2020Q4,2021Q2,106683.5,0.8,calibrated,93472.7766181977,102291.611011624,8818.83439342656,False,52737.7242771842,0.913674489362468,40,False,,2020Q4
SARIMA-W60,2,2020Q4,2021Q2,106683.5,0.95,calibrated,86227.5631643704,110886.595366016,24659.0322016456,True,24659.0322016456,2.54893797500201,40,False,,2020Q4
SARIMA-W60,2,2021Q1,2021Q3,106152.9,0.8,calibrated,108696.552661914,120470.106489423,11773.5538275091,False,37210.0804466515,0.913674489362468,40,False,,2021Q1
SARIMA-W60,2,2021Q1,2021Q3,106152.9,0.95,calibrated,99139.5957527728,132083.30309182,32943.7073390474,True,32943.7073390474,2.54893797500201,40,False,,2021Q1
SARIMA-W60,2,2021Q2,2021Q4,122766,0.8,calibrated,122619.405741913,136156.767953993,13537.3622120796,True,13537.3622120796,0.937125159515597,40,False,,2021Q2
SARIMA-W60,2,2021Q2,2021Q4,122766,0.95,calibrated,112059.173353165,148987.909464948,36928.7361117832,True,36928.7361117832,2.54893797500201,40,False,,2021Q2
SARIMA-W60,2,2021Q3,2022Q1,108659.1,0.8,calibrated,98021.1434002782,113944.358913611,15923.2155133331,True,15923.2155133331,1.33442695250391,40,False,,2021Q3
SARIMA-W60,2,2021Q3,2022Q1,108659.1,0.95,calibrated,91531.4936379752,122023.097196461,30491.6035584854,True,30491.6035584854,2.54893797500201,40,False,,2021Q3
SARIMA-W60,2,2021Q4,2022Q2,101772.6,0.8,calibrated,101675.449729781,118250.492169893,16575.0424401121,True,16575.0424401121,1.33442695250391,40,False,,2021Q4
SARIMA-W60,2,2021Q4,2022Q2,101772.6,0.95,calibrated,94922.5940721291,126662.909812659,31740.3157405302,True,31740.3157405302,2.54893797500201,40,False,,2021Q4
SARIMA-W60,2,2022Q1,2022Q3,109872.9,0.8,calibrated,107211.442784969,124744.103523191,17532.6607382216,True,17532.6607382216,1.33442695250391,40,False,,2022Q1
SARIMA-W60,2,2022Q1,2022Q3,109872.9,0.95,calibrated,100070.771852394,133645.369872491,33574.5980200967,True,33574.5980200967,2.54893797500201,40,False,,2022Q1
SARIMA-W60,2,2022Q2,2022Q4,119427.9,0.8,calibrated,115482.016770071,134874.364633097,19392.3478630256,True,19392.3478630256,1.33442695250391,40,False,,2022Q2
SARIMA-W60,2,2022Q2,2022Q4,119427.9,0.95,calibrated,107605.8546648,144746.433053582,37140.5783887822,True,37140.5783887822,2.54893797500201,40,False,,2022Q2
SARIMA-W60,2,2022Q3,2023Q1,114922.4,0.8,calibrated,100569.406611872,117276.340152259,16706.9335403863,True,16706.9335403863,1.33442695250391,40,False,,2022Q3
SARIMA-W60,2,2022Q3,2023Q1,114922.4,0.95,calibrated,93776.1866739653,125771.929495606,31995.7428216404,True,31995.7428216404,2.54893797500201,40,False,,2022Q3
SARIMA-W60,2,2022Q4,2023Q2,112665.2,0.8,calibrated,98243.6124708436,114778.784963019,16535.1724921757,True,16535.1724921757,1.33442695250391,40,False,,2022Q4
SARIMA-W60,2,2022Q4,2023Q2,112665.2,0.95,calibrated,91529.5089517285,123198.328046621,31668.8190948924,True,31668.8190948924,2.54893797500201,40,False,,2022Q4
SARIMA-W60,2,2023Q1,2023Q3,114519.4,0.8,calibrated,107885.563744752,126301.219763586,18415.6560188345,True,18415.6560188345,1.33442695250391,40,False,,2023Q1
SARIMA-W60,2,2023Q1,2023Q3,114519.4,0.95,calibrated,100419.149716104,135692.030199088,35272.8804829839,True,35272.8804829839,2.54893797500201,40,False,,2023Q1
SARIMA-W60,2,2023Q2,2023Q4,129388.2,0.8,calibrated,121421.402532006,142204.433139696,20783.0306076898,True,20783.0306076898,1.33442695250391,40,False,,2023Q2
SARIMA-W60,2,2023Q2,2023Q4,129388.2,0.95,calibrated,112997.650329104,152805.493457624,39807.8431285194,True,39807.8431285194,2.54893797500201,40,False,,2023Q2
SARIMA-W60,2,2023Q3,2024Q1,120326.8,0.8,calibrated,107909.114053758,126383.602358311,18474.4883045523,True,18474.4883045523,1.33442695250391,40,False,,2023Q3
SARIMA-W60,2,2023Q3,2024Q1,120326.8,0.95,calibrated,100421.244557602,135807.344566269,35386.1000086679,True,35386.1000086679,2.54893797500201,40,False,,2023Q3
SARIMA-W60,2,2023Q4,2024Q2,115642.2,0.8,calibrated,107534.051364308,125957.723823736,18423.6724594279,True,18423.6724594279,1.33442695250391,40,False,,2023Q4
SARIMA-W60,2,2023Q4,2024Q2,115642.2,0.95,calibrated,100067.364072024,135356.261944145,35288.8978721208,True,35288.8978721208,2.54893797500201,40,False,,2023Q4
SARIMA-W60,2,2024Q1,2024Q3,117595,0.8,calibrated,113077.467696907,132461.126293265,19383.6585963587,True,19383.6585963587,1.33442695250391,40,False,,2024Q1
SARIMA-W60,2,2024Q1,2024Q3,117595,0.95,calibrated,105222.168441515,142349.93396708,37127.7655255654,True,37127.7655255654,2.54893797500201,40,False,,2024Q1
SARIMA-W60,2,2024Q2,2024Q4,134330.8,0.8,calibrated,124817.011286307,145965.80105639,21148.7897700834,True,21148.7897700834,1.33442695250391,40,False,,2024Q2
SARIMA-W60,2,2024Q2,2024Q4,134330.8,0.95,calibrated,116235.675343309,156742.024202632,40506.3488593234,True,40506.3488593234,2.54893797500201,40,False,,2024Q2
SARIMA-W60,2,2024Q3,2025Q1,124671.1,0.8,calibrated,112978.808720538,131814.163613183,18835.3548926444,True,18835.3548926444,1.33442695250391,40,False,,2024Q3
SARIMA-W60,2,2024Q3,2025Q1,124671.1,0.95,calibrated,105323.018527761,141395.559922983,36072.5413952221,True,36072.5413952221,2.54893797500201,40,False,,2024Q3
SARIMA-W60,2,2024Q4,2025Q2,120787.3,0.8,calibrated,111722.824332923,129975.305648361,18252.4813154372,True,18252.4813154372,1.33442695250391,40,False,,2024Q4
SARIMA-W60,2,2024Q4,2025Q2,120787.3,0.95,calibrated,104288.229353543,139241.10449073,34952.8751371869,True,34952.8751371869,2.54893797500201,40,False,,2024Q4
SARIMA-W60,2,2025Q1,2025Q3,120418.8,0.8,calibrated,115875.689470341,134774.616658609,18898.9271882675,True,18898.9271882675,1.33442695250391,40,False,,2025Q1
SARIMA-W60,2,2025Q1,2025Q3,120418.8,0.95,calibrated,108176.435575266,144366.945956093,36190.5103808261,True,36190.5103808261,2.54893797500201,40,False,,2025Q1
SARIMA-W60,2,2025Q2,2025Q4,135325.2,0.8,calibrated,129606.568434257,150609.620607749,21003.0521734916,True,21003.0521734916,1.33442695250391,40,False,,2025Q2
SARIMA-W60,2,2025Q2,2025Q4,135325.2,0.95,calibrated,121044.44327524,161263.049934227,40218.6066589874,True,40218.6066589874,2.54893797500201,40,False,,2025Q2
SARIMA-W60,2,2025Q3,2026Q1,127694.9,0.8,calibrated,117709.704240042,136744.267878184,19034.5636381417,True,19034.5636381417,1.33442695250391,40,False,,2025Q3
SARIMA-W60,2,2025Q3,2026Q1,127694.9,0.95,calibrated,109948.357276127,146397.160696435,36448.8034203076,True,36448.8034203076,2.54893797500201,40,False,,2025Q3
SARIMA-W60,2,2025Q4,2026Q2,121027.2,0.8,calibrated,114389.948824911,132831.750104674,18441.8012797631,True,18441.8012797631,1.33442695250391,40,False,,2025Q4
SARIMA-W60,2,2025Q4,2026Q2,121027.2,0.95,calibrated,106867.966024327,142181.213529769,35313.2475054421,True,35313.2475054421,2.54893797500201,40,False,,2025Q4
