origin,target,horizon,reference_model,extended_model,actual,mase_scale,reference_forecast,reference_error,reference_absolute_error,reference_squared_error,reference_scaled_absolute_error,extended_forecast,extended_error,extended_absolute_error,extended_squared_error,extended_scaled_absolute_error,absolute_error_delta,squared_error_delta,scaled_absolute_error_delta,point_convention
2004Q3,2005Q1,2,SARIMA,SARIMA+CNY,15112.2,905.561538461538,15151.0350186158,-38.8350186157986,38.8350186157986,1508.15867088943,0.042885013294376,15105.8865005176,6.31349948240131,6.31349948240131,39.8602757142816,0.00697191655591661,-32.5215191333973,-1468.29839517514,-0.0359130967384594,mean
2004Q4,2005Q1,1,SARIMA,SARIMA+CNY,15112.2,942.135,15151.2172341438,-39.0172341437992,39.0172341437992,1522.34456023205,0.0414136340798285,15098.6989988523,13.5010011477007,13.5010011477007,182.277031990215,0.0143302192867271,-25.5162329960986,-1340.06752824184,-0.0270834147931014,mean
2004Q4,2005Q2,2,SARIMA,SARIMA+CNY,14497.5,942.135,14675.5491556358,-178.049155635799,178.049155635799,31701.5018226211,0.18898475869785,14675.1578652059,-177.6578652059,177.6578652059,31562.3170695176,0.188569435596703,-0.391290429899527,-139.184753103425,-0.000415323101147419,mean
2005Q1,2005Q2,1,SARIMA,SARIMA+CNY,14497.5,974.80487804878,14637.2409138441,-139.7409138441,139.7409138441,19527.5230019841,0.143352702669905,14686.6074896234,-189.1074896234,189.1074896234,35761.6426316645,0.193995222922897,49.3665757793005,16234.1196296804,0.0506425202529918,mean
2005Q1,2005Q3,2,SARIMA,SARIMA+CNY,15470.9,974.80487804878,15533.8773057181,-62.977305718101,62.977305718101,3966.14103551115,0.0646050375170051,15586.4720657532,-115.5720657532,115.5720657532,13356.902382462,0.118559178719474,52.5947600350992,9390.76134695086,0.0539541412024687,mean
2005Q2,2005Q3,1,SARIMA,SARIMA+CNY,15470.9,1001.09285714286,15374.3205142459,96.5794857541005,96.5794857541005,9327.59706852649,0.0964740533957463,15370.9814204669,99.9185795330995,99.9185795330995,9983.72253591234,0.0998095020059071,3.33909377899909,656.125467385848,0.00333544861016083,mean
2005Q2,2005Q4,2,SARIMA,SARIMA+CNY,22096,1001.09285714286,18038.6711517328,4057.3288482672,4057.3288482672,16461917.3829812,4.05289960798132,18034.4836168465,4061.5163831535,4061.5163831535,16495915.3306243,4.05708257148608,4.18753488629955,33997.9476430416,0.00418296350475433,mean
2005Q3,2005Q4,1,SARIMA,SARIMA+CNY,22096,1030.86511627907,18156.2449350595,3939.7550649405,3939.7550649405,15521669.9717243,3.82179492032976,18152.9597824046,3943.0402175954,3943.0402175954,15547566.1575748,3.82498171228055,3.28515265490205,25896.1858504713,0.00318679195078397,mean
2005Q3,2006Q1,2,SARIMA,SARIMA+CNY,18440.2,1030.86511627907,17698.6030885056,741.596911494402,741.596911494402,549965.979138036,0.719392769998089,17721.8146514444,718.385348555599,718.385348555599,516077.50901935,0.696876184101201,-23.2115629388027,-33888.4701186859,-0.0225165858968877,mean
2005Q4,2006Q1,1,SARIMA,SARIMA+CNY,18440.2,1157.08863636364,21556.4773962867,-3116.2773962867,3116.2773962867,9711184.81060741,2.69320542813398,21587.6974885901,-3147.4974885901,3147.4974885901,9906740.44068098,2.72018701910484,31.2200923033997,195555.630073572,0.0269815909708653,mean
2005Q4,2006Q2,2,SARIMA,SARIMA+CNY,18008,1157.08863636364,20716.564962149,-2708.564962149,2708.564962149,7336324.15418122,2.34084483852607,20716.322470392,-2708.322470392,2708.322470392,7335010.60363022,2.34063526792847,-0.242491757002426,-1313.55055100098,-0.000209570597603292,mean
2006Q1,2006Q2,1,SARIMA,SARIMA+CNY,18008,1205.33111111111,19079.5501515348,-1071.5501515348,1071.5501515348,1148219.72725425,0.889008955014041,19081.2666719739,-1073.2666719739,1073.2666719739,1151901.34916993,0.890433061986204,1.71652043909853,3681.621915675,0.00142410697216322,mean
2006Q1,2006Q3,2,SARIMA,SARIMA+CNY,18643.2,1205.33111111111,19628.9911218767,-985.7911218767,985.7911218767,971784.135970923,0.81785918640063,19638.1770750655,-994.977075065501,994.977075065501,989979.379905899,0.825480289933196,9.18595318880034,18195.2439349755,0.00762110353256584,mean
2006Q2,2006Q3,1,SARIMA,SARIMA+CNY,18643.2,1255.44347826087,19292.2652347276,-649.065234727601,649.065234727601,421285.678931996,0.517000761855669,19291.0461283149,-647.846128314901,647.846128314901,419704.605972607,0.516029705464991,-1.21910641270006,-1581.07295938866,-0.000971056390677849,mean
2006Q2,2006Q4,2,SARIMA,SARIMA+CNY,21318.6,1255.44347826087,27269.2524013132,-5950.6524013132,5950.6524013132,35410264.0012546,4.73988077070301,27267.5622058105,-5948.9622058105,5948.9622058105,35390151.3261617,4.73853447711675,-1.69019550269877,-20112.6750928089,-0.00134629358626359,mean
2006Q3,2006Q4,1,SARIMA,SARIMA+CNY,21318.6,1296.22765957447,26654.216908126,-5335.616908126,5335.616908126,28468807.7902801,4.11626527849097,26653.5930833736,-5334.9930833736,5334.9930833736,28462151.1996441,4.1157840167714,-0.623824752401561,-6656.59063592181,-0.00048126171957108,mean
2006Q3,2007Q1,2,SARIMA,SARIMA+CNY,21187.8,1296.22765957447,22278.0804367261,-1090.2804367261,1090.2804367261,1188711.43070766,0.841118015552933,22281.3216448506,-1093.5216448506,1093.5216448506,1195789.58775676,0.843618508503039,3.24120812449837,7078.15704910271,0.00250049295010601,mean
2006Q4,2007Q1,1,SARIMA,SARIMA+CNY,21187.8,1285.41875,19775.655706822,1412.144293178,1412.144293178,1994151.50475519,1.09858697267175,19702.1827718156,1485.6172281844,1485.6172281844,2207058.5486783,1.1557457273627,73.4729350064008,212907.043923109,0.0571587546909524,mean
2006Q4,2007Q2,2,SARIMA,SARIMA+CNY,20856,1285.41875,19082.7479827247,1773.2520172753,1773.2520172753,3144422.71677092,1.37951310985257,19104.4433836715,1751.5566163285,1751.5566163285,3067950.58020415,1.36263502950186,-21.6954009467991,-76472.1365667735,-0.016878080350702,mean
2007Q1,2007Q2,1,SARIMA,SARIMA+CNY,20856,1315.25918367347,20022.6932273493,833.3067726507,833.3067726507,694400.177345525,0.633568488245263,19985.5867692964,870.413230703602,870.413230703602,757619.192183881,0.661780766489362,37.1064580529019,63219.0148383563,0.0282122782440986,mean
2007Q1,2007Q3,2,SARIMA,SARIMA+CNY,21783.2,1315.25918367347,21021.1807945091,762.019205490902,762.019205490902,580673.269536986,0.579368093338539,20983.0478571436,800.152142856401,800.152142856401,640243.45171769,0.60836081039298,38.1329373654989,59570.1821807048,0.0289927170544403,mean
2007Q2,2007Q3,1,SARIMA,SARIMA+CNY,21783.2,1345.914,21679.0977237657,104.102276234302,104.102276234302,10837.2839171629,0.0773469004960955,21682.6999501825,100.5000498175,100.5000498175,10100.2600133199,0.0746704840112366,-3.6022264168023,-737.023903842995,-0.00267641648485883,mean
2007Q2,2007Q4,2,SARIMA,SARIMA+CNY,25383,1345.914,26473.6039253704,-1090.6039253704,1090.6039253704,1189416.92203333,0.81030728959681,26475.9252118551,-1092.9252118551,1092.9252118551,1194485.51870852,0.812031981133342,2.32128648470098,5068.59667519247,0.00172469153653276,mean
2007Q3,2007Q4,1,SARIMA,SARIMA+CNY,25383,1381.09215686275,26558.6027216656,-1175.6027216656,1175.6027216656,1382041.75918757,0.851212365390638,26573.9811548863,-1190.9811548863,1190.9811548863,1418436.1112943,0.862347345155952,15.3784332206997,36394.3521067379,0.0111349797653134,mean
2007Q3,2008Q1,2,SARIMA,SARIMA+CNY,25555.2,1381.09215686275,24817.4369602545,737.7630397455,737.7630397455,544294.302814519,0.534188132254245,24867.9454827455,687.2545172545,687.2545172545,472318.771486715,0.497616696930383,-50.5085224909999,-71975.5313278041,-0.0365714353238625,mean
2007Q4,2008Q1,1,SARIMA,SARIMA+CNY,25555.2,1432.69423076923,23958.1013557765,1597.0986442235,1597.0986442235,2550724.07938054,1.11475191979101,23995.0339433061,1560.1660566939,1560.1660566939,2434118.12445979,1.08897350403668,-36.9325875296017,-116605.954920754,-0.0257784157543317,mean
2007Q4,2008Q2,2,SARIMA,SARIMA+CNY,25487.5,1432.69423076923,23136.7858166389,2350.7141833611,2350.7141833611,5525857.17185504,1.64076474440675,23154.8187481219,2332.6812518781,2332.6812518781,5441401.82286358,1.62817801717932,-18.0329314829978,-84455.3489914527,-0.0125867272274252,mean
2008Q1,2008Q2,1,SARIMA,SARIMA+CNY,25487.5,1488.06603773585,24261.520808598,1225.979191402,1225.979191402,1503024.9777507,0.823874183209889,24259.4196285377,1228.0803714623,1228.0803714623,1508181.39877098,0.825286203917987,2.10118006030098,5156.4210202815,0.00141202070809843,mean
2008Q1,2008Q3,2,SARIMA,SARIMA+CNY,26843,1488.06603773585,25477.5362851564,1365.4637148436,1365.4637148436,1864491.15655449,0.917609622299564,25469.4441272346,1373.5558727654,1373.5558727654,1886655.73560832,0.923047659131659,8.09215792179748,22164.5790538287,0.00543803683209521,mean
2008Q2,2008Q3,1,SARIMA,SARIMA+CNY,26843,1546.27777777778,26458.4737006606,384.526299339399,384.526299339399,147860.474883653,0.248678668778399,26463.0881931156,379.9118068844,379.9118068844,144332.98101017,0.245694410373269,-4.61449245499898,-3527.49387348344,-0.00298425840512992,mean
2008Q2,2008Q4,2,SARIMA,SARIMA+CNY,30602,1546.27777777778,32026.7416345577,-1424.7416345577,1424.7416345577,2029888.72524215,0.921400834334731,32014.4722437991,-1412.4722437991,1412.4722437991,1995077.83950287,0.913466043487363,-12.2693907585999,-34810.8857392825,-0.00793479084736814,mean
2008Q3,2008Q4,1,SARIMA,SARIMA+CNY,30602,1610.16,32386.8269487241,-1784.8269487241,1784.8269487241,3185607.23689179,1.10847800760428,32402.6567369857,-1800.6567369857,1800.6567369857,3242364.68445199,1.11830919721376,15.8297882615989,56757.4475602033,0.00983118960947915,mean
2008Q3,2009Q1,2,SARIMA,SARIMA+CNY,29398,1610.16,30839.7606923991,-1441.7606923991,1441.7606923991,2078673.89414713,0.895414550354686,30829.8407596399,-1431.8407596399,1431.8407596399,2050167.96096617,0.889253713692988,-9.91993275919958,-28505.9331809653,-0.00616083666169798,mean
2008Q4,2009Q1,1,SARIMA,SARIMA+CNY,29398,1674.60357142857,29743.0817131402,-345.0817131402,345.0817131402,119081.388743775,0.206067704039242,29736.4551122302,-338.4551122302,338.4551122302,114551.862994757,0.202110587845857,-6.62660090999998,-4529.52574901799,-0.00395711619338476,mean
2008Q4,2009Q2,2,SARIMA,SARIMA+CNY,29313.2,1674.60357142857,28978.630792191,334.569207809,334.569207809,111936.554813942,0.199790095708195,28996.9609640498,316.239035950202,316.239035950202,100007.127858713,0.188844118898197,-18.3301718587973,-11929.4269552282,-0.0109459768099982,mean
2009Q1,2009Q2,1,SARIMA,SARIMA+CNY,29313.2,1712.64210526316,28680.2822051008,632.9177948992,632.9177948992,400584.935100066,0.369556367295984,28710.0111811468,603.188818853199,603.188818853199,363836.751189518,0.352197821716239,-29.7289760460008,-36748.1839105482,-0.0173585455797449,mean
2009Q1,2009Q3,2,SARIMA,SARIMA+CNY,30964.9,1712.64210526316,30051.7680920961,913.131907903902,913.131907903902,833809.88123222,0.5331714694493,30084.9710285237,879.9289714763,879.9289714763,774274.994843339,0.513784502186516,-33.2029364276023,-59534.8863888814,-0.019386967262784,mean
2009Q2,2009Q3,1,SARIMA,SARIMA+CNY,30964.9,1749.07413793103,30583.9457025661,380.954297433902,380.954297433902,145126.176733358,0.217803401909842,30607.0662700238,357.833729976202,357.833729976202,128044.978308682,0.204584655513506,-23.1205674576995,-17081.1984246761,-0.0132187463963356,mean
2009Q2,2009Q4,2,SARIMA,SARIMA+CNY,35666.6,1749.07413793103,36189.8689011072,-523.2689011072,523.2689011072,273810.342865936,0.299169080234742,36173.1929640915,-506.592964091498,506.592964091498,256636.43126701,0.289634929192163,-16.6759370157015,-17173.9115989263,-0.0095341510425781,mean
2009Q3,2009Q4,1,SARIMA,SARIMA+CNY,35666.6,1789.29152542373,36531.7265582739,-865.1265582739,865.1265582739,748443.961830843,0.483502294612962,36505.2576883885,-838.657688388499,838.657688388499,703346.718293141,0.468709361483111,-26.4688698854006,-45097.2435377024,-0.0147929331298501,mean
2009Q3,2010Q1,2,SARIMA,SARIMA+CNY,36374,1789.29152542373,35124.2071601881,1249.7928398119,1249.7928398119,1561982.14244508,0.698484747764022,35195.4542500172,1178.5457499828,1178.5457499828,1388970.08480251,0.658666144245947,-71.2470898290994,-173012.057642571,-0.0398186035180751,mean
2009Q4,2010Q1,1,SARIMA,SARIMA+CNY,36374,1843.88,34540.835724636,1833.164275364,1833.164275364,3360491.26047081,0.994188491313967,34627.3291853831,1746.6708146169,1746.6708146169,3050858.93463445,0.94728009122985,-86.4934607471005,-309632.325836355,-0.0469084000841163,mean
2009Q4,2010Q2,2,SARIMA,SARIMA+CNY,36295.4,1843.88,34010.0240214116,2285.3759785884,2285.3759785884,5222943.3635089,1.23943856356618,34014.6954141117,2280.7045858883,2280.7045858883,5201613.40809192,1.23690510547774,-4.67139270010375,-21329.9554169821,-0.00253345808843508,mean
2010Q1,2010Q2,1,SARIMA,SARIMA+CNY,36295.4,1928.0131147541,35402.4369023996,892.963097600405,892.963097600405,797383.09367611,0.463151983130724,35303.7365230418,991.663476958201,991.663476958201,983396.451532829,0.514344777724543,98.7003793577969,186013.35785672,0.0511927945938196,mean
2010Q1,2010Q3,2,SARIMA,SARIMA+CNY,38359.1,1928.0131147541,37335.221562077,1023.878437923,1023.878437923,1048327.05564364,0.531053668716141,37211.7022577352,1147.39774226479,1147.39774226479,1316521.57895435,0.595119262148346,123.519304341797,268194.52331071,0.0640655934322056,mean
2010Q2,2010Q3,1,SARIMA,SARIMA+CNY,38359.1,2009.53225806452,38053.6769545189,305.423045481097,305.423045481097,93283.2367109481,0.15198713245602,38022.3979188959,336.7020811041,336.7020811041,113368.291419832,0.16755246388948,31.2790356230034,20085.054708884,0.01556533143346,mean
2010Q2,2010Q4,2,SARIMA,SARIMA+CNY,43525.2,2009.53225806452,44290.7348803286,-765.534880328603,765.534880328603,586043.652999729,0.380951774850297,44234.058412969,-708.858412969006,708.858412969006,502480.249636938,0.352747964171395,-56.6764673595972,-83563.4033627909,-0.0282038106789015,mean
2010Q3,2010Q4,1,SARIMA,SARIMA+CNY,43525.2,2095.00317460318,44565.2920176815,-1040.09201768151,1040.09201768151,1081791.40524478,0.496463217951215,44538.8945756486,-1013.6945756486,1013.6945756486,1027576.6926994,0.483863026050358,-26.3974420329032,-54214.7125453854,-0.0126001919008563,mean
2010Q3,2011Q1,2,SARIMA,SARIMA+CNY,42921.8,2095.00317460318,43929.2650198103,-1007.4650198103,1007.4650198103,1014985.76614136,0.480889495549869,43867.620699094,-945.820699093994,945.820699093994,894576.794834652,0.451465043375481,-61.6443207163029,-120408.97130671,-0.0294244521743883,mean
2010Q4,2011Q1,1,SARIMA,SARIMA+CNY,42921.8,2185.059375,43214.6451331645,-292.845133164497,292.845133164497,85758.2720181322,0.134021590678513,43158.2215431443,-236.421543144294,236.421543144294,55895.1460627291,0.108199139048244,-56.4235900202038,-29863.1259554032,-0.0258224516302692,mean
2010Q4,2011Q2,2,SARIMA,SARIMA+CNY,42910.9,2185.059375,42830.5131314943,80.3868685057023,80.3868685057023,6462.04862815307,0.0367893291255311,42855.5584672417,55.3415327582989,55.3415327582989,3062.68524803787,0.0253272443721576,-25.0453357474034,-3399.36338011521,-0.0114620847533736,mean
2011Q1,2011Q2,1,SARIMA,SARIMA+CNY,42910.9,2252.17846153846,42607.9307353029,302.969264697102,302.969264697102,91790.3753511024,0.134522760905077,42675.6882971183,235.211702881701,235.211702881701,55324.5451725096,0.104437417770627,-67.7575618154005,-36465.8301785928,-0.0300853431344492,mean
2011Q1,2011Q3,2,SARIMA,SARIMA+CNY,44978.1,2252.17846153846,44853.0232773359,125.076722664096,125.076722664096,15644.1865523913,0.0555358843893111,44929.1705890621,48.929410937897,48.929410937897,2394.0872547296,0.0217253702464029,-76.1473117261994,-13250.0992976617,-0.0338105141429082,mean
2011Q2,2011Q3,1,SARIMA,SARIMA+CNY,44978.1,2318.28939393939,45102.1753201015,-124.075320101503,124.075320101503,15394.6850582905,0.0535202034853234,45126.3798242941,-148.279824294099,148.279824294099,21986.9062926889,0.063960877654766,24.2045041925958,6592.22123439838,0.0104406741694426,mean
2011Q2,2011Q4,2,SARIMA,SARIMA+CNY,50415,2318.28939393939,51846.836043955,-1431.836043955,1431.836043955,2050154.45676871,0.617626102978426,51839.3115145177,-1424.3115145177,1424.3115145177,2028663.2903877,0.614380378153487,-7.52452943730168,-21491.1663810052,-0.00324572482493901,mean
2011Q3,2011Q4,1,SARIMA,SARIMA+CNY,50415,2382.47910447761,51759.2829403963,-1344.2829403963,1344.2829403963,1807096.62384051,0.564237032706756,51731.3423236536,-1316.3423236536,1316.3423236536,1732757.11304175,0.552509493652924,-27.9406167427005,-74339.5107987644,-0.0117275390538323,mean
2011Q3,2012Q1,2,SARIMA,SARIMA+CNY,49318.8,2382.47910447761,51065.0425543763,-1746.24255437629,1746.24255437629,3049363.05871465,0.732951886585038,50779.0766252964,-1460.2766252964,1460.2766252964,2132407.82238704,0.612923161656263,-285.965929079895,-916955.236327606,-0.120028724928774,mean
2011Q4,2012Q1,1,SARIMA,SARIMA+CNY,49318.8,2448.76323529412,50099.6616311028,-780.861631102794,780.861631102794,609744.886928517,0.318880004341867,49835.406668878,-516.606668877997,516.606668877997,266882.450329221,0.210966361072449,-264.254962224797,-342862.436599296,-0.107913643269419,mean
2011Q4,2012Q2,2,SARIMA,SARIMA+CNY,48902.8,2448.76323529412,49896.8168573157,-994.016857315699,994.016857315699,988069.512627778,0.40592607851543,49901.7422150753,-998.942215075294,998.942215075294,997885.549059536,0.407937443962528,4.9253577595955,9816.03643175727,0.00201136544709846,mean
2012Q1,2012Q2,1,SARIMA,SARIMA+CNY,48902.8,2505.98405797101,49305.1768994487,-402.376899448696,402.376899448696,161907.169209946,0.160566424263083,49530.4918790383,-627.691879038299,627.691879038299,393997.09501063,0.250477203572681,225.314979589602,232089.925800684,0.0899107793095981,mean
2012Q1,2012Q3,2,SARIMA,SARIMA+CNY,51200.4,2505.98405797101,51790.4219035315,-590.021903531502,590.021903531502,348125.846646937,0.23544519433584,52026.3587252835,-825.958725283497,825.958725283497,682207.81587194,0.329594564920034,235.936821751995,334081.969225002,0.094149370584194,mean
2012Q2,2012Q3,1,SARIMA,SARIMA+CNY,51200.4,2555.78285714286,51434.464288184,-234.064288183996,234.064288183996,54786.0910030806,0.0915822279384326,51502.5099018114,-302.109901811396,302.109901811396,91270.3927724916,0.118206404337937,68.0456136274006,36484.3017694109,0.0266241763995043,mean
2012Q2,2012Q4,2,SARIMA,SARIMA+CNY,57744.7,2555.78285714286,58399.3982313174,-654.698231317401,654.698231317401,428629.774090133,0.256163480198508,58428.736128816,-684.036128816006,684.036128816006,467905.425525587,0.267642506054172,29.3378974986044,39275.6514354537,0.0114790258556635,mean
2012Q3,2012Q4,1,SARIMA,SARIMA+CNY,57744.7,2607.42394366197,58211.10718174,-466.407181740004,466.407181740004,217535.659178653,0.178876619919722,58175.1585775948,-430.4585775948,430.4585775948,185294.587024938,0.165089600653988,-35.9486041452037,-32241.0721537144,-0.013787019265734,mean
2012Q3,2013Q1,2,SARIMA,SARIMA+CNY,55451,2607.42394366197,57271.9604642949,-1820.9604642949,1820.9604642949,3315897.01252509,0.698375294405508,57476.9559910909,-2025.9559910909,2025.9559910909,4104497.67783712,0.776995239311014,204.995526796003,788600.665312025,0.0786199449055067,mean
2012Q4,2013Q1,1,SARIMA,SARIMA+CNY,55451,2673.01111111111,56934.3554734093,-1483.3554734093,1483.3554734093,2200343.46049332,0.554938012507064,57161.9347142179,-1710.9347142179,1710.9347142179,2927297.5963159,0.640077666383776,227.579240808605,726954.135822576,0.0851396538767121,mean
2012Q4,2013Q2,2,SARIMA,SARIMA+CNY,55313.3,2673.01111111111,56592.5177492441,-1279.2177492441,1279.2177492441,1636398.04998113,0.47856806278383,56596.9966148481,-1283.6966148481,1283.6966148481,1647876.99897247,0.480243650881981,4.47886560400366,11478.9489913394,0.00167558809815116,mean
2013Q1,2013Q2,1,SARIMA,SARIMA+CNY,55313.3,2720.39726027397,55484.2449093349,-170.944909334896,170.944909334896,29222.1620275157,0.0628382155177145,55348.5066743835,-35.2066743834948,35.2066743834948,1239.50992114543,0.0129417401265686,-135.738234951401,-27982.6521063703,-0.0498964753911459,mean
2013Q1,2013Q3,2,SARIMA,SARIMA+CNY,58052.7,2720.39726027397,58094.7041902071,-42.0041902071025,42.0041902071025,1764.35199495445,0.0154404618841854,57945.0828064286,107.617193571394,107.617193571394,11581.4603521828,0.0395593669876567,65.6130033642912,9817.10835722838,0.0241189051034713,mean
2013Q2,2013Q3,1,SARIMA,SARIMA+CNY,58052.7,2770.26351351351,57968.0675870421,84.6324129579007,84.6324129579007,7162.64532307663,0.0305503113855627,57925.3565569143,127.343443085694,127.343443085694,16216.3524969194,0.0459679891333461,42.7110301277935,9053.70717384279,0.0154176777477834,mean
2013Q2,2013Q4,2,SARIMA,SARIMA+CNY,65563,2770.26351351351,65567.1776732995,-4.17767329950584,4.17767329950584,17.452954197404,0.00150804184480173,65515.1261177578,47.8738822422019,47.8738822422019,2291.90860094022,0.0172813459833948,43.6962089426961,2274.45564674281,0.0157733041385931,mean
2013Q3,2013Q4,1,SARIMA,SARIMA+CNY,65563,2824.69066666667,65658.0798143768,-95.0798143768043,95.0798143768043,9040.17110192756,0.0336602572093337,65640.7943884258,-77.7943884257984,77.7943884257984,6051.96687054399,0.0275408522936075,-17.2854259510059,-2988.20423138356,-0.00611940491572618,mean
2013Q3,2014Q1,2,SARIMA,SARIMA+CNY,62081.2,2824.69066666667,64021.0618207358,-1939.8618207358,1939.8618207358,3763063.88354842,0.686751949028448,63922.9388903324,-1841.7388903324,1841.7388903324,3392002.14016283,0.652014364640423,-98.1229304033986,-371061.743385588,-0.0347375843880245,mean
2013Q4,2014Q1,1,SARIMA,SARIMA+CNY,62081.2,2890.39605263158,63959.3240422254,-1878.1240422254,1878.1240422254,3527349.91798509,0.649780863254174,63870.7206408235,-1789.5206408235,1789.5206408235,3202384.12393336,0.619126447807809,-88.6034014019024,-324965.794051735,-0.0306544154463652,mean
2013Q4,2014Q2,2,SARIMA,SARIMA+CNY,62117.5,2890.39605263158,63686.4189523669,-1568.9189523669,1568.9189523669,2461506.67909604,0.542804143030318,63683.1526354277,-1565.6526354277,1565.6526354277,2451268.17482171,0.541674084422528,-3.26631693919626,-10238.5042743371,-0.00113005860778914,mean
2014Q1,2014Q2,1,SARIMA,SARIMA+CNY,62117.5,2938.96493506493,62285.5732780957,-168.073278095697,168.073278095697,28248.6268098335,0.0571879154087232,62340.8378506502,-223.337850650198,223.337850650198,49879.79553305,0.0759920092905986,55.2645725545008,21631.1687232165,0.0188040938818754,mean
2014Q1,2014Q3,2,SARIMA,SARIMA+CNY,64952.1,2938.96493506493,65190.7469020683,-238.6469020683,238.6469020683,56952.3438667967,0.0812010035305261,65259.1350568159,-307.035056815905,307.035056815905,94270.5261139458,0.104470472972527,68.3881547476049,37318.1822471491,0.0232694694420007,mean
2014Q2,2014Q3,1,SARIMA,SARIMA+CNY,64952.1,2988.51923076923,65067.8751019672,-115.7751019672,115.7751019672,13403.8742355155,0.0387399554853792,65090.3471272891,-138.247127289098,138.247127289098,19112.2682036881,0.0462594069550337,22.4720253218984,5708.3939681726,0.00751945146965449,mean
2014Q2,2014Q4,2,SARIMA,SARIMA+CNY,73243.3,2988.51923076923,73460.7506416148,-217.450641614792,217.450641614792,47284.7815386849,0.0727620017886991,73464.6038826451,-221.303882645094,221.303882645094,48975.4084737935,0.074051349700745,3.85324103030143,1690.62693510858,0.00128934791204594,mean
2014Q3,2014Q4,1,SARIMA,SARIMA+CNY,73243.3,3038.02405063291,73375.8566639279,-132.556663927899,132.556663927899,17571.2691516939,0.0436325261810495,73359.0231109786,-115.723110978593,115.723110978593,13391.8384145639,0.0380915717090801,-16.8335529493052,-4179.43073713,-0.00554095447196945,mean
2014Q3,2015Q1,2,SARIMA,SARIMA+CNY,70715.3,3038.02405063291,70733.6081772841,-18.308177284096,18.308177284096,335.189355465889,0.00602634376126215,71104.4728432212,-389.172843221197,389.172843221197,151455.50190087,0.128100645924814,370.864665937101,151120.312545404,0.122074302163552,mean
2014Q4,2015Q1,1,SARIMA,SARIMA+CNY,70715.3,3096.0525,70643.8878829037,71.4121170963044,71.4121170963044,5099.6904681763,0.0230655381639376,71030.3550673449,-315.055067344903,315.055067344903,99259.6954597016,0.101760247071038,243.642950248599,94160.0049915253,0.0786947089070999,mean
2014Q4,2015Q2,2,SARIMA,SARIMA+CNY,70861.8,3096.0525,70495.5385291645,366.261470835496,366.261470835496,134147.465018581,0.118299502620029,70488.8430225318,372.956977468202,372.956977468202,139096.907042217,0.120462097289436,6.69550663270638,4949.44202363634,0.0021625946694077,mean
2015Q1,2015Q2,1,SARIMA,SARIMA+CNY,70861.8,3164.42345679012,70556.7968875996,305.003112400402,305.003112400402,93026.8985739321,0.0963850497776888,70274.2781342219,587.521865778108,587.521865778108,345181.942767389,0.185664742345852,282.518753377706,252155.044193457,0.0892796925681632,mean
2015Q1,2015Q3,2,SARIMA,SARIMA+CNY,74502.8,3164.42345679012,73877.4039281695,625.396071830502,625.396071830502,391120.246661023,0.197633496392067,73556.8263826903,945.973617309704,945.973617309704,894866.084646007,0.298940274658837,320.577545479202,503745.837984984,0.10130677826677,mean
2015Q2,2015Q3,1,SARIMA,SARIMA+CNY,74502.8,3232.47073170732,74127.3263645968,375.473635403207,375.473635403207,140980.4508829,0.116156855410997,74040.473849607,462.326150392997,462.326150392997,213745.469337208,0.143025626143506,86.8525149897905,72765.018454308,0.0268687707325093,mean
2015Q2,2015Q4,2,SARIMA,SARIMA+CNY,84850.9,3232.47073170732,83557.3153052619,1293.58469473809,1293.58469473809,1673361.36246064,0.40018450346644,83468.3503402997,1382.54965970029,1382.54965970029,1911443.5615374,0.427706783587816,88.9649649622006,238082.199076752,0.0275222801213768,mean
2015Q3,2015Q4,1,SARIMA,SARIMA+CNY,84850.9,3308.59397590361,83889.3693056433,961.530694356697,961.530694356697,924541.276190073,0.290616105016057,83875.4600661629,975.4399338371,975.4399338371,951483.064524127,0.294820077936791,13.9092394804029,26941.7883340541,0.00420397292073416,mean
2015Q3,2016Q1,2,SARIMA,SARIMA+CNY,78024.4,3308.59397590361,80994.2385357798,-2969.83853577981,2969.83853577981,8819940.92860277,0.89761347491081,80937.7798449885,-2913.37984498851,2913.37984498851,8487782.12118526,0.880549220063436,-56.4586907913035,-332158.807417512,-0.0170642548473734,mean
2015Q4,2016Q1,1,SARIMA,SARIMA+CNY,78024.4,3407.39166666667,81708.9317745325,-3684.5317745325,3684.5317745325,13575774.3975396,1.08133497260588,81670.3128683013,-3645.91286830131,3645.91286830131,13292680.6432451,1.07000111081095,-38.6189062311896,-283093.754294526,-0.0113338617949281,mean
2015Q4,2016Q2,2,SARIMA,SARIMA+CNY,78113.9,3407.39166666667,81735.8865750659,-3621.98657506591,3621.98657506591,13118786.7499577,1.06297923144514,81734.9093755701,-3621.00937557011,3621.00937557011,13111708.8979666,1.06269244331175,-0.977199495799141,-7077.85199103691,-0.000286788133386118,mean
2016Q1,2016Q2,1,SARIMA,SARIMA+CNY,78113.9,3453.29411764706,78978.2333567008,-864.333356700809,864.333356700809,747072.151505687,0.250292424350386,78992.609450278,-878.709450278009,878.709450278009,772130.298007881,0.25445543308565,14.3760935772007,25058.146502194,0.0041630087352641,mean
2016Q1,2016Q3,2,SARIMA,SARIMA+CNY,82343.5,3453.29411764706,82542.4620759314,-198.962075931398,198.962075931398,39585.9076589316,0.0576151550239119,82570.0437977178,-226.543797717793,226.543797717793,51322.0922844005,0.0656022307975759,27.5817217863951,11736.184625469,0.00798707577366395,mean
2016Q2,2016Q3,1,SARIMA,SARIMA+CNY,82343.5,3497.46627906977,81876.4694981056,467.030501894405,467.030501894405,218117.48969974,0.133533954191153,81886.931688196,456.568311804003,456.568311804003,208454.623343558,0.130542591514403,-10.4621900904021,-9662.86635618267,-0.00299136267675032,mean
2016Q2,2016Q4,2,SARIMA,SARIMA+CNY,93834.2,3497.46627906977,92554.0248754043,1280.1751245957,1280.1751245957,1638848.34963361,0.36602929733927,92553.4667474778,1280.7332525222,1280.7332525222,1640277.6641161,0.366188877984791,0.558127926502493,1429.31448248378,0.000159580645521185,mean
2016Q3,2016Q4,1,SARIMA,SARIMA+CNY,93834.2,3547.38850574713,93014.5883973418,819.611602658202,819.611602658202,671763.179211947,0.231046473012569,93008.4436813966,825.756318603395,825.756318603395,681873.497713431,0.232778653160088,6.14471594519273,10110.3185014848,0.00173218014751914,mean
2016Q3,2017Q1,2,SARIMA,SARIMA+CNY,85823.4,3547.38850574713,88104.0902760483,-2280.69027604831,2280.69027604831,5201548.1352613,0.642920918403315,87774.9058160941,-1951.50581609411,1951.50581609411,3808374.95024914,0.550124637584091,-329.184459954195,-1393173.18501215,-0.0927962808192231,mean
2016Q4,2017Q1,1,SARIMA,SARIMA+CNY,85823.4,3609.16022727273,88706.4507778841,-2883.05077788411,2883.05077788411,8311981.78785819,0.798814847869111,88380.1364493382,-2556.7364493382,2556.7364493382,6536901.27137453,0.708402034916086,-326.314328545908,-1775080.51648366,-0.0904128129530255,mean
2016Q4,2017Q2,2,SARIMA,SARIMA+CNY,86545.3,3609.16022727273,88745.7185257776,-2200.4185257776,2200.4185257776,4841841.68858525,0.609676042961481,88719.4208636081,-2174.1208636081,2174.1208636081,4726801.52957603,0.602389677016633,-26.2976621694979,-115040.159009227,-0.00728636594484744,mean
2017Q1,2017Q2,1,SARIMA,SARIMA+CNY,86545.3,3656.23707865169,86570.8015292013,-25.5015292012977,25.5015292012977,650.327991604638,0.0069748018667055,86833.7222006792,-288.422200679197,288.422200679197,83187.365844631,0.0788849832422679,262.920671477899,82537.0378530263,0.0719101813755624,mean
2017Q1,2017Q3,2,SARIMA,SARIMA+CNY,90809.7,3656.23707865169,90923.7558362383,-114.055836238302,114.055836238302,13008.7337800183,0.0311948688733177,91201.475378834,-391.775378834005,391.775378834005,153487.947460528,0.107152619046925,277.719542595703,140479.21368051,0.0759577501736069,mean
2017Q2,2017Q3,1,SARIMA,SARIMA+CNY,90809.7,3709.29444444444,90915.0352117204,-105.335211720405,105.335211720405,11095.5068281825,0.0283976409255323,90980.8780656473,-171.178065647298,171.178065647298,29301.9301587508,0.0461484166897774,65.8428539268934,18206.4233305683,0.0177507757642451,mean
2017Q2,2017Q4,2,SARIMA,SARIMA+CNY,103083.2,3709.29444444444,102968.419451306,114.780548693991,114.780548693991,13174.5743584935,0.0309440381218326,103039.862023447,43.3379765529971,43.3379765529971,1878.18021170813,0.0116836172490718,-71.4425721409934,-11296.3941467854,-0.0192604208727608,mean
2017Q3,2017Q4,1,SARIMA,SARIMA+CNY,103083.2,3761.56813186813,102892.240766068,190.959233931993,190.959233931993,36465.4290238938,0.0507658580776938,102906.326932661,176.873067338995,176.873067338995,31284.0819499045,0.0470210989508658,-14.0861665929988,-5181.34707398925,-0.00374475912682806,mean
2017Q3,2018Q1,2,SARIMA,SARIMA+CNY,90275.4,3761.56813186813,96091.0073696289,-5815.60736962891,5815.60736962891,33821289.0776821,1.54605929382453,96505.1681036458,-6229.76810364581,6229.76810364581,38810010.6252027,1.65616250596846,414.160734016899,4988721.54752062,0.110103212143924,mean
2017Q4,2018Q1,1,SARIMA,SARIMA+CNY,90275.4,3821.21413043478,96235.5966671922,-5960.19666719221,5960.19666719221,35523944.3116092,1.55976515938249,96644.2431228593,-6368.84312285931,6368.84312285931,40562162.7235923,1.66670668155795,408.646455667098,5038218.41198318,0.106941522175467,mean
2017Q4,2018Q2,2,SARIMA,SARIMA+CNY,89742.5,3821.21413043478,96613.57931718,-6871.07931718,6871.07931718,47211730.9829788,1.79814035085184,96590.0539024418,-6847.5539024418,6847.5539024418,46888994.4468459,1.79198382207978,-23.5254147382075,-322736.536132954,-0.00615652877205553,mean
2018Q1,2018Q2,1,SARIMA,SARIMA+CNY,89742.5,3827.99677419355,92133.0507405541,-2390.5507405541,2390.5507405541,5714732.84316375,0.624491315319282,91947.4939861404,-2204.9939861404,2204.9939861404,4861998.47891532,0.576017723161464,-185.556754413701,-852734.36424843,-0.048473592157818,mean
2018Q1,2018Q3,2,SARIMA,SARIMA+CNY,94281.4,3827.99677419355,96681.0717403193,-2399.6717403193,2399.6717403193,5758424.46128707,0.626874023639909,96486.3124588162,-2204.91245881621,2204.91245881621,4861638.95104294,0.575996425514418,-194.759281503095,-896785.510244136,-0.0508775981254909,mean
2018Q2,2018Q3,1,SARIMA,SARIMA+CNY,94281.4,3821.28617021277,94779.8502726068,-498.450272606802,498.450272606802,248452.674261795,0.130440446070818,94704.8968479951,-423.496847995106,423.496847995106,179349.58026179,0.110825734878559,-74.9534246116964,-69103.0940000057,-0.0196147111922589,mean
2018Q2,2018Q4,2,SARIMA,SARIMA+CNY,106687.6,3821.28617021277,107294.853211062,-607.253211061994,607.253211061994,368756.462345103,0.158913304058613,107209.079327464,-521.479327463996,521.479327463996,271940.688972302,0.136466965371233,-85.7738835979981,-96815.7733728011,-0.0224463386873803,mean
2018Q3,2018Q4,1,SARIMA,SARIMA+CNY,106687.6,3817.60631578947,106879.174242219,-191.574242218994,191.574242218994,36700.6902817819,0.0501817700339217,106855.715920044,-168.115920043987,168.115920043987,28262.9625722362,0.044036997567996,-23.4583221750072,-8437.72770954563,-0.00614477246592571,mean
2018Q3,2019Q1,2,SARIMA,SARIMA+CNY,97789.7,3817.60631578947,97043.842740761,745.857259238997,745.857259238997,556303.051159509,0.195373015848743,96884.2896651913,905.410334808694,905.410334808694,819767.874378391,0.237167025595057,159.553075569696,263464.823218882,0.0417940097463144,mean
2018Q4,2019Q1,1,SARIMA,SARIMA+CNY,97789.7,3815.38541666667,96925.5586250216,864.141374978397,864.141374978397,746740.315949554,0.226488619263361,96776.1732833916,1013.52671660839,1013.52671660839,1027236.40527899,0.265642027193642,149.385341629997,280496.089329437,0.0391534079302815,mean
2018Q4,2019Q2,2,SARIMA,SARIMA+CNY,97420,3815.38541666667,96913.3969808391,506.603019160902,506.603019160902,256646.619022942,0.132778989233412,96859.3680221987,560.631977801298,560.631977801298,314308.214533396,0.146939802032136,54.028958640396,57661.5955104539,0.0141608127987234,mean
2019Q1,2019Q2,1,SARIMA,SARIMA+CNY,97420,3853.51855670103,97594.6942449134,-174.694244913393,174.694244913393,30518.0792058606,0.0453336975916752,97655.046546493,-235.046546493002,235.046546493002,55246.879018287,0.0609953067656235,60.352301579609,24728.7998124264,0.0156616091739483,mean
2019Q1,2019Q3,2,SARIMA,SARIMA+CNY,101464.5,3853.51855670103,102420.199898861,-955.699898860999,955.699898860999,913362.296682924,0.248007083603917,102482.37785484,-1017.87785484,1017.87785484,1036075.32737368,0.264142455748649,62.1779559790011,122713.030690757,0.0161353721447319,mean
2019Q2,2019Q3,1,SARIMA,SARIMA+CNY,101464.5,3892.5387755102,102291.753782937,-827.253782936998,827.253782936998,684348.821383573,0.21252293956367,102306.386430857,-841.886430857005,841.886430857005,708772.762461146,0.216282092333597,14.632647920007,24423.9410775729,0.00375915276992689,mean
2019Q2,2019Q4,2,SARIMA,SARIMA+CNY,114974.8,3892.5387755102,115622.185275859,-647.385275858993,647.385275858993,419107.695399024,0.166314406405403,115636.955962322,-662.155962321995,662.155962321995,438450.518438567,0.170109021517764,14.7706864630018,19342.8230395425,0.0037946151123609,mean
2019Q3,2019Q4,1,SARIMA,SARIMA+CNY,114974.8,3925.77676767677,114927.041871009,47.7581289910013,47.7581289910013,2280.83888472112,0.0121652686378457,114928.341637285,46.4583627149987,46.4583627149987,2158.37946615838,0.011834183516882,-1.29976627600263,-122.45941856274,-0.000331085120963671,mean
2019Q3,2020Q1,2,SARIMA,SARIMA+CNY,78579.7,3925.77676767677,104950.908145933,-26371.208145933,26371.208145933,695440619.076123,6.7174497447391,104616.720893029,-26037.020893029,26037.020893029,677926456.984029,6.63232334232734,-334.187252903997,-17514162.0920942,-0.0851264024117615,mean
2019Q4,2020Q1,1,SARIMA,SARIMA+CNY,78579.7,3969.391,104993.804662714,-26414.104662714,26414.104662714,697704925.13281,6.65444766280621,104656.191919218,-26076.491919218,26076.491919218,679983430.813042,6.5693936221496,-337.612743495993,-17721494.3197675,-0.0850540406566127,mean
2019Q4,2020Q2,2,SARIMA,SARIMA+CNY,93676.5,3969.391,104830.029686757,-11153.529686757,11153.529686757,124401224.47337,2.80988435927753,104814.521783981,-11138.021783981,11138.021783981,124055529.260435,2.80597748722185,-15.507902775993,-345695.212934241,-0.00390687205568652,mean
2020Q1,2020Q2,1,SARIMA,SARIMA+CNY,93676.5,4120.28811881188,84718.923536005,8957.57646399501,8957.57646399501,80238176.1083173,2.17401701184382,85133.3868520884,8543.1131479116,8543.1131479116,72984782.2580201,2.07342615408533,-414.463316083406,-7253393.85029721,-0.100590857758491,mean
2020Q1,2020Q3,2,SARIMA,SARIMA+CNY,101067.8,4120.28811881188,86738.2490401432,14329.5509598568,14329.5509598568,205336030.711133,3.47780314061844,87505.131437741,13562.668562259,13562.668562259,183945978.529689,3.29167965228847,-766.882397597801,-21390052.1814443,-0.186123488329971,mean
2020Q2,2020Q3,1,SARIMA,SARIMA+CNY,101067.8,4116.59411764706,91140.843444399,9926.95655560101,9926.95655560101,98544466.4567898,2.4114489483056,92143.0557592206,8924.7442407794,8924.7442407794,79651059.7633251,2.16799227364211,-1002.21231482161,-18893406.6934647,-0.243456674663483,mean
2020Q2,2020Q4,2,SARIMA,SARIMA+CNY,118656.6,4116.59411764706,105826.22873191,12830.37126809,12830.37126809,164618426.87703,3.11674430400817,106344.587562856,12312.012437144,12312.012437144,151585650.252389,2.99082495997474,-518.358830946003,-13032776.6246409,-0.125919344033432,mean
2020Q3,2020Q4,1,SARIMA,SARIMA+CNY,118656.6,4080.4786407767,111505.905104597,7150.69489540301,7150.69489540301,51132437.4871426,1.75241571514314,111827.327425401,6829.272574599,6829.272574599,46638963.8981701,1.67364497545785,-321.422320804006,-4493473.58897255,-0.0787707396852895,mean
2020Q3,2021Q1,2,SARIMA,SARIMA+CNY,105220.8,4080.4786407767,88036.8966069389,17183.9033930611,17183.9033930611,295286535.822057,4.21124698983603,89744.9269514294,15475.8730485706,15475.8730485706,239502646.615474,3.79266120741778,-1708.0303444905,-55783889.206583,-0.418585782418257,mean
2020Q4,2021Q1,1,SARIMA,SARIMA+CNY,105220.8,4076.64519230769,91734.970020975,13485.829979025,13485.829979025,181867610.223169,3.30807056853309,93526.1078274582,11694.6921725418,11694.6921725418,136765825.010511,2.86870493282289,-1791.1378064832,-45101785.2126589,-0.439365635710199,mean
2020Q4,2021Q2,2,SARIMA,SARIMA+CNY,106683.5,4076.64519230769,100116.639347991,6566.860652009,6566.860652009,43123658.822904,1.61084920129918,100525.427431545,6158.072568455,6158.072568455,37921857.7583579,1.5105735912644,-408.788083553998,-5201801.06454609,-0.100275610034778,mean
2021Q1,2021Q2,1,SARIMA,SARIMA+CNY,106683.5,4291.54476190476,109042.423491858,-2358.923491858,2358.923491858,5564520.04043956,0.549667689079636,108345.769330061,-1662.269330061,1662.269330061,2763139.32566144,0.387335894714801,-696.654161797007,-2801380.71477812,-0.162331794364835,mean
2021Q1,2021Q3,2,SARIMA,SARIMA+CNY,106152.9,4291.54476190476,115302.763824493,-9149.863824493,9149.863824493,83720008.0067658,2.1320676661035,114620.066631365,-8467.16663136501,8467.16663136501,71692910.763301,1.97298807332186,-682.697193127999,-12027097.2434647,-0.159079592781642,mean
2021Q2,2021Q3,1,SARIMA,SARIMA+CNY,106152.9,4373.76603773585,113583.509534956,-7430.60953495601,7430.60953495601,55213958.0609791,1.6989042099752,113372.860100408,-7219.960100408,7219.960100408,52127823.8514835,1.65074218376471,-210.649434548002,-3086134.20949556,-0.048162026210494,mean
2021Q2,2021Q4,2,SARIMA,SARIMA+CNY,122766,4373.76603773585,129900.791170198,-7134.791170198,7134.791170198,50905245.0423354,1.63126950747723,129747.442693135,-6981.442693135,6981.442693135,48740542.0775281,1.59620853811126,-153.348477063002,-2164702.96480729,-0.0350609693659758,mean
2021Q3,2021Q4,1,SARIMA,SARIMA+CNY,122766,4380.41401869159,124105.514020146,-1339.514020146,1339.514020146,1794297.8101677,0.305796213424161,123900.148568117,-1134.148568117,1134.148568117,1286292.97456184,0.258913555494411,-205.365452029,-508004.835605858,-0.0468826579297502,mean
2021Q3,2022Q1,2,SARIMA,SARIMA+CNY,108659.1,4380.41401869159,105520.093321736,3139.00667826401,3139.00667826401,9853362.92618603,0.716600454858743,104331.738977768,4327.36102223201,4327.36102223201,18726053.4167329,0.987888588559621,1188.35434396801,8872690.49054686,0.271288133700879,mean
2021Q4,2022Q1,1,SARIMA,SARIMA+CNY,108659.1,4377.90462962963,104788.627113284,3870.472886716,3870.472886716,14980560.3668037,0.884092554351382,103689.769388086,4969.330611914,4969.330611914,24694246.7305056,1.13509339108979,1098.857725198,9713686.36370191,0.251000836738411,mean
2021Q4,2022Q2,2,SARIMA,SARIMA+CNY,101772.6,4377.90462962963,109525.270820416,-7752.67082041599,7752.67082041599,60103904.8497296,1.77086334132223,109300.012712002,-7527.412712002,7527.412712002,56661942.1368093,1.71940993439111,-225.258108413997,-3441962.71292034,-0.0514534069311265,mean
2022Q1,2022Q2,1,SARIMA,SARIMA+CNY,101772.6,4369.28440366972,112228.748725989,-10456.148725989,10456.148725989,109331046.180001,2.39310325443841,112879.762722747,-11107.162722747,11107.162722747,123369063.74958,2.54210110777366,651.013996757989,14038017.5695789,0.148997853335253,mean
2022Q1,2022Q3,2,SARIMA,SARIMA+CNY,109872.9,4369.28440366972,116094.472268969,-6221.572268969,6221.572268969,38707961.4980041,1.42393392010453,116678.218314336,-6805.31831433601,6805.31831433601,46312357.3594371,1.55753612848371,583.746045367006,7604395.86143299,0.133602208379185,mean
2022Q2,2022Q3,1,SARIMA,SARIMA+CNY,109872.9,4374.20818181818,108810.506062202,1062.393937798,1062.393937798,1128680.87906994,0.242876857625099,108770.141959829,1102.758040171,1102.758040171,1216075.29516179,0.252104608270526,40.3641023730015,87394.4160918475,0.00922775064542627,mean
2022Q2,2022Q4,2,SARIMA,SARIMA+CNY,119427.9,4374.20818181818,124600.423774362,-5172.52377436201,5172.52377436201,26755002.1963402,1.18250516650353,124646.850240939,-5218.95024093901,5218.95024093901,27237441.6173974,1.19311885123165,46.4264665770024,482439.421057165,0.0106136847281251,mean
2022Q3,2022Q4,1,SARIMA,SARIMA+CNY,119427.9,4368.31441441441,125505.350153076,-6077.450153076,6077.450153076,36935400.3631235,1.39125749122404,125546.162097917,-6118.262097917,6118.262097917,37433131.0988078,1.40060021268803,40.8119448409998,497730.735684231,0.00934272146398851,mean
2022Q3,2023Q1,2,SARIMA,SARIMA+CNY,114922.4,4368.31441441441,108594.605073668,6327.79492633199,6327.79492633199,40040988.6297129,1.44856672986994,106634.343969709,8288.05603029099,8288.05603029099,68691872.7612428,1.89731215384642,1960.261103959,28650884.1315299,0.448745423976488,mean
2022Q4,2023Q1,1,SARIMA,SARIMA+CNY,114922.4,4359.11607142857,105125.248020514,9797.15197948599,9797.15197948599,95984186.9091463,2.24750885705947,103125.724851877,11796.675148123,11796.675148123,139161544.550343,2.70620808320366,1999.523168637,43177357.6411962,0.458699226144192,mean
2022Q4,2023Q2,2,SARIMA,SARIMA+CNY,112665.2,4359.11607142857,105737.622884201,6927.57711579899,6927.57711579899,47991324.6953419,1.58921602505727,105489.50620534,7175.69379465999,7175.69379465999,51490581.4347219,1.64613505974122,248.116678860999,3499256.73938002,0.0569190346839483,mean
2023Q1,2023Q2,1,SARIMA,SARIMA+CNY,112665.2,4375.96725663717,112144.625742194,520.574257806002,520.574257806002,270997.557890269,0.118962100782731,113064.512882578,-399.312882578,399.312882578,159450.778192752,0.0912513415113767,-121.261375228001,-111546.779697518,-0.0277107592713543,mean
2023Q1,2023Q3,2,SARIMA,SARIMA+CNY,114519.4,4375.96725663717,117655.914998182,-3136.514998182,3136.514998182,9837726.33382063,0.716759247552583,118637.274401406,-4117.87440140601,4117.87440140601,16956889.5857549,0.941020387015075,981.359403224007,7119163.25193425,0.224261139462492,mean
2023Q2,2023Q3,1,SARIMA,SARIMA+CNY,114519.4,4433.13070175439,118048.875156476,-3529.47515647601,3529.47515647601,12457194.8801813,0.796158605267207,118387.30914535,-3867.90914535,3867.90914535,14960721.1566822,0.872500588313197,338.433988873992,2503526.27650083,0.0763419830459902,mean
2023Q2,2023Q4,2,SARIMA,SARIMA+CNY,129388.2,4433.13070175439,132597.307388642,-3209.10738864199,3209.10738864199,10298370.2318366,0.723891895939816,132852.433087423,-3464.23308742301,3464.23308742301,12000910.8839964,0.781441676432426,255.125698781019,1702540.65215974,0.0575497804926108,mean
2023Q3,2023Q4,1,SARIMA,SARIMA+CNY,129388.2,4434.98608695652,130034.043423988,-645.843423988001,645.843423988001,417113.728308544,0.145624678708114,130006.604740303,-618.404740302998,618.404740302998,382424.422829219,0.139437808412016,-27.4386836850026,-34689.3054793259,-0.0061868702960988,mean
2023Q3,2024Q1,2,SARIMA,SARIMA+CNY,120326.8,4434.98608695652,116901.265885505,3425.53411449501,3425.53411449501,11734283.9695691,0.772388920129794,118292.556359319,2034.243640681,2034.243640681,4138147.18965109,0.458680952047132,-1391.29047381401,-7596136.779918,-0.313707968082662,mean
2023Q4,2024Q1,1,SARIMA,SARIMA+CNY,120326.8,4482.61810344828,116557.810452794,3768.989547206,3768.989547206,14205282.2069481,0.840800947175644,117953.726299769,2373.07370023101,2373.07370023101,5631478.78672807,0.529394573766055,-1395.915846975,-8573803.42022003,-0.311406373409589,mean
2023Q4,2024Q2,2,SARIMA,SARIMA+CNY,115642.2,4482.61810344828,116270.997452425,-628.797452425002,628.797452425002,395386.236176173,0.140274597994707,116311.786116629,-669.586116628998,669.586116628998,448345.567582302,0.149373892929651,40.7886642039957,52959.3314061291,0.0090992949349441,mean
2024Q1,2024Q2,1,SARIMA,SARIMA+CNY,115642.2,4490.49658119658,118663.244070226,-3021.04407022601,3021.04407022601,9126707.27424773,0.672763917219372,117767.560158602,-2125.36015860201,2125.36015860201,4517155.80377275,0.473301809760128,-895.683911624001,-4609551.47047498,-0.199462107459244,mean
2024Q1,2024Q3,2,SARIMA,SARIMA+CNY,117595,4490.49658119658,123087.49185834,-5492.49185834,5492.49185834,30167466.8139312,1.22313685335808,122094.645800994,-4499.645800994,4499.645800994,20246812.3344029,1.00203746281329,-992.846057346003,-9920654.47952828,-0.221099390544785,mean
2024Q2,2024Q3,1,SARIMA,SARIMA+CNY,117595,4477.67033898305,121082.797729592,-3487.797729592,3487.797729592,12164733.0025471,0.778931333829308,120663.407934792,-3068.40793479201,3068.40793479201,9415127.25429454,0.685268834571883,-419.389794799994,-2749605.74825257,-0.093662499257425,mean
2024Q2,2024Q4,2,SARIMA,SARIMA+CNY,134330.8,4477.67033898305,135986.880959906,-1656.08095990602,1656.08095990602,2742604.14576323,0.369853257281584,135433.431514208,-1102.63151420801,1102.63151420801,1215796.25612466,0.246251159807008,-553.449445698003,-1526807.88963858,-0.123602097474576,mean
2024Q3,2024Q4,1,SARIMA,SARIMA+CNY,134330.8,4465.88823529412,133466.744701973,864.055298027,864.055298027,746591.558048529,0.193478934649177,133189.286414832,1141.513585168,1141.513585168,1303053.26512309,0.255607289082284,277.458287140995,556461.707074561,0.0621283544331068,mean
2024Q3,2025Q1,2,SARIMA,SARIMA+CNY,124671.1,4465.88823529412,121755.110174132,2915.989825868,2915.989825868,8502996.66456571,0.652947335946028,121046.327971045,3624.77202895501,3624.77202895501,13138972.2618946,0.811657578062134,708.782203087001,4635975.59732887,0.158710242116106,mean
2024Q4,2025Q1,1,SARIMA,SARIMA+CNY,124671.1,4469.86083333333,122270.183768883,2400.91623111701,2400.91623111701,5764398.7488411,0.537134447948027,121720.390401732,2950.709598268,2950.709598268,8706687.13331093,0.660134556374445,549.793367150996,2942288.38446983,0.123000108426418,mean
2024Q4,2025Q2,2,SARIMA,SARIMA+CNY,120787.3,4469.86083333333,120348.638211214,438.661788786005,438.661788786005,192424.164940937,0.0981376837316162,120315.123214005,472.176785995005,472.176785995005,222950.917232573,0.105635679409483,33.5149972090003,30526.7522916353,0.00749799567786699,mean
2025Q1,2025Q2,1,SARIMA,SARIMA+CNY,120787.3,4468.82314049587,121840.985396605,-1053.685396605,1053.685396605,1110252.91501863,0.235785879968407,122171.332643767,-1384.032643767,1384.032643767,1915546.35901267,0.309708529573499,330.347247162004,805293.443994045,0.0739226496050923,mean
2025Q1,2025Q3,2,SARIMA,SARIMA+CNY,120418.8,4468.82314049587,125414.844982993,-4996.044982993,4996.044982993,24960465.4720895,1.11797778205173,125664.019059284,-5245.21905928399,5245.21905928399,27512322.979876,1.17373610330481,249.17407629099,2551857.5077865,0.0557583212530852,mean
2025Q2,2025Q3,1,SARIMA,SARIMA+CNY,120418.8,4474.36639344262,124751.754455476,-4332.95445547599,4332.95445547599,18774494.3132293,0.968395092057308,124760.455454454,-4341.655454454,4341.655454454,18849972.0851901,0.970339724707588,8.70099897800537,75477.7719608955,0.00194463265028033,mean
2025Q2,2025Q4,2,SARIMA,SARIMA+CNY,135325.2,4474.36639344262,140686.063780825,-5360.86378082499,5360.86378082499,28738860.4765612,1.19812802739659,140665.393732011,-5340.19373201099,5340.19373201099,28517669.0954094,1.19350836798642,-20.670048814005,-221191.381151795,-0.00461965941016773,mean
2025Q3,2025Q4,1,SARIMA,SARIMA+CNY,135325.2,4460.94715447155,137553.412674297,-2228.21267429698,2228.21267429698,4964931.72189772,0.499493178721805,137501.323602602,-2176.12360260199,2176.12360260199,4735513.93380147,0.487816494400902,-52.0890716949943,-229417.788096255,-0.0116766843209029,mean
2025Q3,2026Q1,2,SARIMA,SARIMA+CNY,127694.9,4460.94715447155,126574.4254316,1120.47456839999,1120.47456839999,1255463.25843115,0.251174140737546,128893.930058655,-1199.030058655,1199.030058655,1437673.08155821,0.268783739671321,78.5554902550066,182209.823127061,0.0176095989337745,mean
2025Q4,2026Q1,1,SARIMA,SARIMA+CNY,127694.9,4432.99112903226,125303.736984065,2391.16301593499,2391.16301593499,5717660.56877531,0.539401714628964,127617.811776921,77.0882230790012,77.0882230790012,5942.59413747785,0.0173896632849409,-2314.07479285599,-5711717.97463783,-0.522012051344023,mean
2025Q4,2026Q2,2,SARIMA,SARIMA+CNY,121027.2,4432.99112903226,122595.207208965,-1568.00720896501,1568.00720896501,2458646.60736623,0.353713139350971,122621.999700424,-1594.799700424,1594.799700424,2543386.08447249,0.359757024998188,26.7924914589967,84739.4771062606,0.00604388564721664,mean
2026Q1,2026Q2,1,SARIMA,SARIMA+CNY,121027.2,4421.7176,124087.341878701,-3060.141878701,3060.141878701,9364468.31777971,0.6920708547061,122689.086636224,-1661.88663622401,1661.88663622401,2761867.19165995,0.375846398744236,-1398.255242477,-6602601.12611976,-0.316224455961863,mean
2004Q3,2005Q1,2,SARIMA,SARIMA+CNY,15112.2,905.561538461538,15145.1309883708,-32.9309883707992,32.9309883707992,1084.44999507771,0.036365268369001,15100.1449036722,12.0550963278001,12.0550963278001,145.32534747254,0.0133122883600827,-20.8758920429991,-939.124647605175,-0.0230529800089183,median
2004Q4,2005Q1,1,SARIMA,SARIMA+CNY,15112.2,942.135,15148.4046310045,-36.2046310044989,36.2046310044989,1310.77530617192,0.0384282836371633,15095.9282295753,16.2717704247007,16.2717704247007,264.770512754163,0.01727116647264,-19.9328605797982,-1046.00479341776,-0.0211571171645234,median
2004Q4,2005Q2,2,SARIMA,SARIMA+CNY,14497.5,942.135,14669.6470744845,-172.147074484499,172.147074484499,29634.6152535717,0.182720177558948,14669.2980756299,-171.7980756299,171.7980756299,29514.5787901369,0.182349743539833,-0.348998854598904,-120.036463434772,-0.00037043401911499,median
2005Q1,2005Q2,1,SARIMA,SARIMA+CNY,14497.5,974.80487804878,14634.5702938137,-137.0702938137,137.0702938137,18788.2654461741,0.140613056931011,14683.9543580492,-186.454358049201,186.454358049201,34765.2276355396,0.191273517652494,49.3840642355008,15976.9621893655,0.0506604607214835,median
2005Q1,2005Q3,2,SARIMA,SARIMA+CNY,15470.9,974.80487804878,15528.2093923654,-57.3093923653996,57.3093923653996,3284.36645329132,0.0587906294438258,15580.8411906859,-109.9411906859,109.9411906859,12087.0654094335,0.112782766235192,52.6317983205008,8802.6989561422,0.0539921367913662,median
2005Q2,2005Q3,1,SARIMA,SARIMA+CNY,15470.9,1001.09285714286,15371.5917686733,99.3082313267005,99.3082313267005,9862.12480923746,0.0991998200947395,15368.2685772175,102.631422782501,102.631422782501,10533.2089423604,0.102519383741697,3.32319145580004,671.084133122911,0.00331956364695729,median
2005Q2,2005Q4,2,SARIMA,SARIMA+CNY,22096,1001.09285714286,18031.7204271487,4064.2795728513,4064.2795728513,16518368.4462964,4.05984274470886,18027.5615554106,4068.4384445894,4068.4384445894,16552191.377413,4.06399707635594,4.15887173809824,33822.9311166555,0.00415433164708379,median
2005Q3,2005Q4,1,SARIMA,SARIMA+CNY,22096,1030.86511627907,18153.089252844,3942.910747156,3942.910747156,15546545.1600383,3.82485611831354,18149.8002880419,3946.1997119581,3946.1997119581,15572492.1666582,3.82804660827208,3.28896480210096,25947.0066199135,0.00319048995854354,median
2005Q3,2006Q1,2,SARIMA,SARIMA+CNY,18440.2,1030.86511627907,17692.4513402856,747.748659714402,747.748659714402,559128.058104684,0.725360328821113,17715.6462798399,724.5537201601,724.5537201601,524978.093397841,0.702859868588232,-23.1949395543015,-34149.9647068433,-0.022500460232881,median
2005Q4,2006Q1,1,SARIMA,SARIMA+CNY,18440.2,1157.08863636364,21543.4159565735,-3103.2159565735,3103.2159565735,9629949.27313237,2.68191723524821,21574.6453301081,-3134.4453301081,3134.4453301081,9824747.52743646,2.70890684741202,31.2293735345993,194798.254304089,0.026989612163804,median
2005Q4,2006Q2,2,SARIMA,SARIMA+CNY,18008,1157.08863636364,20691.467523777,-2683.467523777,2683.467523777,7200997.95116586,2.31915467790806,20691.2794121419,-2683.2794121419,2683.2794121419,7199988.40362458,2.31899210467972,-0.188111635099631,-1009.54754128121,-0.000162573228348784,median
2006Q1,2006Q2,1,SARIMA,SARIMA+CNY,18008,1205.33111111111,19066.2529194446,-1058.2529194446,1058.2529194446,1119899.24151302,0.877976939024722,19067.9641275295,-1059.9641275295,1059.9641275295,1123523.95164937,0.879396638615254,1.71120808490014,3624.71013635537,0.00141969959053223,median
2006Q1,2006Q3,2,SARIMA,SARIMA+CNY,18643.2,1205.33111111111,19611.5319326288,-968.3319326288,968.3319326288,937666.731748627,0.80337421286352,19620.6817113143,-977.4817113143,977.4817113143,955470.495953932,0.810965304308148,9.14977868549977,17803.7642053051,0.00759109144462822,median
2006Q2,2006Q3,1,SARIMA,SARIMA+CNY,18643.2,1255.44347826087,19278.5873285303,-635.387328530298,635.387328530298,403717.057256869,0.506105881732312,19277.3699375861,-634.169937586099,634.169937586099,402171.509737957,0.505136191765954,-1.217390944199,-1545.54751891212,-0.000969689966357934,median
2006Q2,2006Q4,2,SARIMA,SARIMA+CNY,21318.6,1255.44347826087,27242.4163156773,-5923.8163156773,5923.8163156773,35091599.7418846,4.71850498907637,27240.7533506342,-5922.1533506342,5922.1533506342,35071900.3084279,4.71718038540293,-1.66296504309867,-19699.4334566817,-0.00132460367343779,median
2006Q3,2006Q4,1,SARIMA,SARIMA+CNY,21318.6,1296.22765957447,26635.5002483909,-5316.9002483909,5316.9002483909,28269428.2513392,4.10182594787119,26634.8704727059,-5316.2704727059,5316.2704727059,28262731.7389646,4.1013400951891,-0.629775684999913,-6696.51237459853,-0.000485852682087007,median
2006Q3,2007Q1,2,SARIMA,SARIMA+CNY,21187.8,1296.22765957447,22256.3301054244,-1068.5301054244,1068.5301054244,1141756.58619828,0.824338300090882,22259.5543324585,-1071.7543324585,1071.7543324585,1148657.34914357,0.826825692649038,3.2242270341012,6900.76294528809,0.00248739255815578,median
2006Q4,2007Q1,1,SARIMA,SARIMA+CNY,21187.8,1285.41875,19759.0411492515,1428.7588507485,1428.7588507485,2041351.85359217,1.11151237738558,19685.7945717109,1502.0054282891,1502.0054282891,2256020.30660992,1.16849503579211,73.2465775406017,214668.453017753,0.0569826584065323,median
2006Q4,2007Q2,2,SARIMA,SARIMA+CNY,20856,1285.41875,19050.7348713977,1805.2651286023,1805.2651286023,3258982.18454748,1.40441792108782,19072.7225049539,1783.2774950461,1783.2774950461,3180078.62433789,1.38731249644997,-21.9876335562003,-78903.5602095868,-0.0171054246378468,median
2007Q1,2007Q2,1,SARIMA,SARIMA+CNY,20856,1315.25918367347,20006.149005352,849.850994648001,849.850994648001,722246.713104196,0.646147166427227,19968.9854950242,887.014504975799,887.014504975799,786794.732037462,0.674402821882149,37.1635103277986,64548.0189332662,0.0282556554549213,median
2007Q1,2007Q3,2,SARIMA,SARIMA+CNY,21783.2,1315.25918367347,20994.3671245867,788.8328754133,788.8328754133,622257.305332815,0.599754698697575,20956.0937873682,827.106212631799,827.106212631799,684104.686974119,0.628854162661478,38.2733372184994,61847.3816413045,0.0290994639639035,median
2007Q2,2007Q3,1,SARIMA,SARIMA+CNY,21783.2,1345.914,21661.2230516974,121.976948302599,121.976948302599,14878.375917215,0.0906275945584928,21664.8918399704,118.308160029599,118.308160029599,13996.8207295892,0.08790172331189,-3.66878827300025,-881.555187625763,-0.00272587124660285,median
2007Q2,2007Q4,2,SARIMA,SARIMA+CNY,25383,1345.914,26438.6031066876,-1055.6031066876,1055.6031066876,1114297.91884851,0.784302048041404,26441.1895757575,-1058.1895757575,1058.1895757575,1119765.17824184,0.786223767460254,2.5864690699018,5467.25939332903,0.00192171941884978,median
2007Q3,2007Q4,1,SARIMA,SARIMA+CNY,25383,1381.09215686275,26537.613263748,-1154.613263748,1154.613263748,1333131.78882281,0.836014641029305,26552.6119557265,-1169.6119557265,1169.6119557265,1367992.12697837,0.846874663587518,14.9986919785006,34860.3381555609,0.0108600225582131,median
2007Q3,2008Q1,2,SARIMA,SARIMA+CNY,25555.2,1381.09215686275,24785.8798259942,769.320174005799,769.320174005799,591853.530132313,0.557037537417753,24835.9695581445,719.2304418555,719.2304418555,517292.428491657,0.52076933337257,-50.0897321502998,-74561.1016406563,-0.0362682040451828,median
2007Q4,2008Q1,1,SARIMA,SARIMA+CNY,25555.2,1432.69423076923,23939.0269258187,1616.1730741813,1616.1730741813,2612015.40570864,1.12806559799823,23975.6430710238,1579.5569289762,1579.5569289762,2495000.09187673,1.10250805444238,-36.6161452050983,-117015.313831904,-0.025557543555849,median
2007Q4,2008Q2,2,SARIMA,SARIMA+CNY,25487.5,1432.69423076923,23107.1640352371,2380.3359647629,2380.3359647629,5665999.30514373,1.66144032246495,23124.8901732485,2362.6098267515,2362.6098267515,5581925.19346276,1.64906773267523,-17.7261380113996,-84074.1116809715,-0.0123725897897153,median
2008Q1,2008Q2,1,SARIMA,SARIMA+CNY,25487.5,1488.06603773585,24241.1604271554,1246.3395728446,1246.3395728446,1553362.33083846,0.837556628025027,24238.999949211,1248.500050789,1248.500050789,1558752.37682014,0.839008497693181,2.16047794439874,5390.04598167236,0.00145186966815403,median
2008Q1,2008Q3,2,SARIMA,SARIMA+CNY,26843,1488.06603773585,25444.4640615708,1398.5359384292,1398.5359384292,1955902.77107804,0.939834592661711,25436.2299239608,1406.7700760392,1406.7700760392,1979002.04683934,0.945368041716519,8.2341376100012,23099.275761297,0.0055334490548079,median
2008Q2,2008Q3,1,SARIMA,SARIMA+CNY,26843,1546.27777777778,26435.9032847995,407.0967152005,407.0967152005,165727.735527037,0.2632752801929,26440.3192992901,402.680700709901,402.680700709901,162151.746724217,0.260419380331916,-4.41601449059817,-3575.98880281948,-0.002855899860984,median
2008Q2,2008Q4,2,SARIMA,SARIMA+CNY,30602,1546.27777777778,31982.876770467,-1380.876770467,1380.876770467,1906820.65521537,0.893032798060071,31970.2763944191,-1368.2763944191,1368.2763944191,1872180.29152453,0.884883954282461,-12.6003760478998,-34640.3636908387,-0.00814884377760916,median
2008Q3,2008Q4,1,SARIMA,SARIMA+CNY,30602,1610.16,32359.5930429273,-1757.5930429273,1757.5930429273,3089133.30454644,1.09156421903867,32375.5433518133,-1773.5433518133,1773.5433518133,3145456.02076115,1.10147025874031,15.9503088860001,56322.7162147094,0.00990603970164461,median
2008Q3,2009Q1,2,SARIMA,SARIMA+CNY,29398,1610.16,30797.9597718197,-1399.9597718197,1399.9597718197,1959887.36271347,0.869453825594786,30788.2115050124,-1390.2115050124,1390.2115050124,1932688.02866885,0.863399603152731,-9.74826680729893,-27199.3340446213,-0.00605422244205478,median
2008Q4,2009Q1,1,SARIMA,SARIMA+CNY,29398,1674.60357142857,29717.1403548481,-319.140354848099,319.140354848099,101850.566092571,0.190576659630462,29710.4915018563,-312.491501856301,312.491501856301,97650.9387324063,0.186606255467209,-6.64885299179878,-4199.62736016446,-0.00397040416325325,median
2008Q4,2009Q2,2,SARIMA,SARIMA+CNY,29313.2,1674.60357142857,28938.6678300196,374.532169980401,374.532169980401,140274.346350228,0.223654228601038,28956.9207479524,356.2792520476,356.2792520476,126934.905439597,0.212754384456296,-18.2529179328012,-13339.4409106308,-0.0108998441447429,median
2009Q1,2009Q2,1,SARIMA,SARIMA+CNY,29313.2,1712.64210526316,28655.7810803201,657.418919679902,657.418919679902,432199.635953089,0.383862406313364,28685.5806324817,627.619367518302,627.619367518302,393906.070484074,0.366462651822906,-29.7995521615994,-38293.5654690152,-0.0173997544904576,median
2009Q1,2009Q3,2,SARIMA,SARIMA+CNY,30964.9,1712.64210526316,30010.7413599943,954.158640005702,954.158640005702,910418.710297531,0.557126697442189,30044.0847695598,920.815230440203,920.815230440203,847900.688610644,0.537657708875908,-33.3434095654993,-62518.0216868873,-0.0194689885662807,median
2009Q2,2009Q3,1,SARIMA,SARIMA+CNY,30964.9,1749.07413793103,30557.972430146,406.927569854,406.927569854,165590.047107282,0.232653128320423,30581.0426302642,383.857369735801,383.857369735801,147346.480300487,0.219463178496175,-23.0702001181999,-18243.5668067953,-0.0131899498242478,median
2009Q2,2009Q4,2,SARIMA,SARIMA+CNY,35666.6,1749.07413793103,36141.1384686016,-474.538468601604,474.538468601604,225186.758182756,0.271308378707682,36124.3106644329,-457.710664432903,457.710664432903,209499.05233561,0.261687400497687,-16.8278041687008,-15687.7058471458,-0.00962097820999536,median
2009Q3,2009Q4,1,SARIMA,SARIMA+CNY,35666.6,1789.29152542373,36501.1526730343,-834.552673034304,834.552673034304,696478.164068703,0.466415148776089,36474.7092844574,-808.109284457401,808.109284457401,653040.615626253,0.451636456650645,-26.4433885769031,-43437.5484424494,-0.0147786921254438,median
2009Q3,2010Q1,2,SARIMA,SARIMA+CNY,36374,1789.29152542373,35077.5699232882,1296.4300767118,1296.4300767118,1680730.94380295,0.724549386330315,35148.5526446707,1225.4473553293,1225.4473553293,1501721.22068357,0.684878533160825,-70.9827213824974,-179009.723119381,-0.0396708531694899,median
2009Q4,2010Q1,1,SARIMA,SARIMA+CNY,36374,1843.88,34512.0887868139,1861.9112131861,1861.9112131861,3466713.36578812,1.00977895155113,34598.5484027245,1775.4515972755,1775.4515972755,3152228.37426814,0.962888906694309,-86.4596159105931,-314484.991519986,-0.0468900448568198,median
2009Q4,2010Q2,2,SARIMA,SARIMA+CNY,36295.4,1843.88,33965.4641394526,2329.9358605474,2329.9358605474,5428601.11426477,1.26360493120344,33969.9954575376,2325.4045424624,2325.4045424624,5407506.28610476,1.26114744043126,-4.53131808500621,-21094.8281600187,-0.00245749077217949,median
2010Q1,2010Q2,1,SARIMA,SARIMA+CNY,36295.4,1928.0131147541,35372.5919391194,922.808060880605,922.808060880605,851574.717226222,0.478631630572856,35274.0814782399,1021.3185217601,1021.3185217601,1043091.52289023,0.529725920401925,98.5104608794936,191516.805664011,0.0510942898290698,median
2010Q1,2010Q3,2,SARIMA,SARIMA+CNY,38359.1,1928.0131147541,37286.333280833,1072.766719167,1072.766719167,1150828.43375232,0.556410488578973,37162.7442712671,1196.35572873289,1196.35572873289,1431267.02967202,0.620512235927129,123.589009565898,280438.595919693,0.0641017473481555,median
2010Q2,2010Q3,1,SARIMA,SARIMA+CNY,38359.1,2009.53225806452,38021.8575333091,337.242466690899,337.242466690899,113732.481339762,0.167821375017744,37990.6782818302,368.421718169797,368.421718169797,135734.562419185,0.183337051043232,31.1792514788976,22002.0810794229,0.0155156760254886,median
2010Q2,2010Q4,2,SARIMA,SARIMA+CNY,43525.2,2009.53225806452,44232.6656830863,-707.465683086302,707.465683086302,500507.692744768,0.352054902451627,44175.7779576917,-650.577957691705,650.577957691705,423251.67903431,0.323745963808667,-56.8877253945975,-77256.0137104587,-0.0283089386429601,median
2010Q3,2010Q4,1,SARIMA,SARIMA+CNY,43525.2,2095.00317460318,44528.5921807449,-1003.3921807449,1003.3921807449,1006795.86838001,0.478945422569565,44502.2957244693,-977.095724469305,977.095724469305,954716.054776197,0.466393433821111,-26.2964562755951,-52079.8136038104,-0.0125519887484543,median
2010Q3,2011Q1,2,SARIMA,SARIMA+CNY,42921.8,2095.00317460318,43872.5349114425,-950.734911442494,950.734911442494,903896.871835567,0.453810725906215,43810.6592704805,-888.859270480498,888.859270480498,790070.802719123,0.424275858507402,-61.8756409619964,-113826.069116445,-0.0295348673988126,median
2010Q4,2011Q1,1,SARIMA,SARIMA+CNY,42921.8,2185.059375,43179.3049756871,-257.504975687094,257.504975687094,66308.8125036109,0.117848045061519,43123.0383928068,-201.238392806794,201.238392806794,40496.8907394615,0.092097448293273,-56.2665828803001,-25811.9217641494,-0.0257505967682458,median
2010Q4,2011Q2,2,SARIMA,SARIMA+CNY,42910.9,2185.059375,42775.8401373353,135.059862664704,135.059862664704,18241.1665030088,0.0618106144894595,42800.5731011644,110.326898835599,110.326898835599,12172.0246066806,0.0504914878276932,-24.7329638291048,-6069.14189632819,-0.0113191266617663,median
2011Q1,2011Q2,1,SARIMA,SARIMA+CNY,42910.9,2252.17846153846,42573.6298450337,337.270154966303,337.270154966303,113751.157430994,0.149752855169352,42641.4349948065,269.465005193502,269.465005193502,72611.3890239342,0.119646382289542,-67.8051497728011,-41139.7684070601,-0.0301064728798105,median
2011Q1,2011Q3,2,SARIMA,SARIMA+CNY,44978.1,2252.17846153846,44796.5595508162,181.540449183798,181.540449183798,32956.9346898552,0.0806066003578544,44872.3465822522,105.753417747801,105.753417747801,11183.7853653409,0.0469560559048953,-75.7870314359971,-21773.1493245142,-0.0336505444529591,median
2011Q2,2011Q3,1,SARIMA,SARIMA+CNY,44978.1,2318.28939393939,45066.3707259132,-88.2707259132003,88.2707259132003,7791.72105324333,0.0380758011247271,45090.6679552742,-112.5679552742,112.5679552742,12671.5445546144,0.0485564725303416,24.2972293610001,4879.82350137104,0.0104806714056146,median
2011Q2,2011Q4,2,SARIMA,SARIMA+CNY,50415,2318.28939393939,51782.5376530366,-1367.5376530366,1367.5376530366,1870159.23247285,0.589890829251816,51774.7146239766,-1359.7146239766,1359.7146239766,1848823.85865583,0.586516345858825,-7.82302905999677,-21335.3738170166,-0.00337448339299151,median
2011Q3,2011Q4,1,SARIMA,SARIMA+CNY,50415,2382.47910447761,51718.8271961743,-1303.8271961743,1303.8271961743,1699965.35748374,0.547256508451176,51691.0046244258,-1276.0046244258,1276.0046244258,1628187.80155602,0.535578516524105,-27.8225717485038,-71777.5559277195,-0.0116779919270706,median
2011Q3,2012Q1,2,SARIMA,SARIMA+CNY,49318.8,2382.47910447761,51002.6909479097,-1683.8909479097,1683.8909479097,2835488.72445222,0.706780993270837,50716.7295271059,-1397.92952710589,1397.92952710589,1954206.96275451,0.586754160604657,-285.961420803804,-881281.761697712,-0.12002683266618,median
2011Q4,2012Q1,1,SARIMA,SARIMA+CNY,49318.8,2448.76323529412,50060.6883410149,-741.888341014899,741.888341014899,550398.310533839,0.302964504825143,49796.7915115028,-477.991511502798,477.991511502798,228475.885068729,0.195197112000657,-263.896829512101,-321922.42546511,-0.107767392824486,median
2011Q4,2012Q2,2,SARIMA,SARIMA+CNY,48902.8,2448.76323529412,49836.0366196501,-933.236619650095,933.236619650095,870930.588255937,0.381105288661362,49840.6793304638,-937.879330463795,937.879330463795,879617.638511216,0.383001229741652,4.64271081369952,8687.05025527941,0.00189594108029062,median
2012Q1,2012Q2,1,SARIMA,SARIMA+CNY,48902.8,2505.98405797101,49267.3063634872,-364.506363487199,364.506363487199,132864.889022662,0.145454382412282,49492.6092213861,-589.809221386095,589.809221386095,347874.917632071,0.235360324623788,225.302857898896,215010.028609409,0.0899059422115057,median
2012Q1,2012Q3,2,SARIMA,SARIMA+CNY,51200.4,2505.98405797101,51727.9303356628,-527.530335662799,527.530335662799,278288.255044506,0.210508256820244,51963.348172568,-762.948172568002,762.948172568002,582089.914024853,0.304450529180832,235.417836905202,303801.658980348,0.0939422723605873,median
2012Q2,2012Q3,1,SARIMA,SARIMA+CNY,51200.4,2555.78285714286,51395.5423015211,-195.142301521097,195.142301521097,38080.5178429506,0.0763532398598403,51463.7010367006,-263.301036700599,263.301036700599,69327.4359276102,0.103021677277758,68.1587351795024,31246.9180846596,0.0266684374179181,median
2012Q2,2012Q4,2,SARIMA,SARIMA+CNY,57744.7,2555.78285714286,58330.1793325107,-585.479332510702,585.479332510702,342786.048797177,0.22908023303874,58359.2954244425,-614.595424442501,614.595424442501,377727.535745658,0.240472473130822,29.116091931799,34941.4869484808,0.0113922400920821,median
2012Q3,2012Q4,1,SARIMA,SARIMA+CNY,57744.7,2607.42394366197,58167.6679505363,-422.967950536302,422.967950536302,178901.88718088,0.162216793154959,58131.8974039878,-387.197403987804,387.197403987804,149921.829654895,0.148498062591237,-35.7705465484978,-28980.0575259848,-0.0137187305637227,median
2012Q3,2013Q1,2,SARIMA,SARIMA+CNY,55451,2607.42394366197,57205.0634152131,-1754.0634152131,1754.0634152131,3076738.46458905,0.672718918408652,57409.5353439738,-1958.5353439738,1958.5353439738,3835860.69359458,0.751138052841211,204.4719287607,759122.22900553,0.0784191344325588,median
2012Q4,2013Q1,1,SARIMA,SARIMA+CNY,55451,2673.01111111111,56892.39581159,-1441.39581159,1441.39581159,2077621.8856692,0.539240486355796,57119.9923374154,-1668.9923374154,1668.9923374154,2785535.42235133,0.624386606728934,227.5965258254,707913.536682127,0.0851461203731373,median
2012Q4,2013Q2,2,SARIMA,SARIMA+CNY,55313.3,2673.01111111111,56527.2587913474,-1213.9587913474,1213.9587913474,1473695.94708963,0.454154038605092,56531.5209310111,-1218.2209310111,1218.2209310111,1484062.23675355,0.455748547376862,4.26213966370415,10366.2896639211,0.00159450877176959,median
2013Q1,2013Q2,1,SARIMA,SARIMA+CNY,55313.3,2720.39726027397,55443.6741713187,-130.374171318697,130.374171318697,16997.424547037,0.0479246811568864,55308.1350938728,5.16490612720372,5.16490612720372,26.6762553028265,0.00189858525540625,-125.209265191494,-16970.7482917342,-0.0460260959014802,median
2013Q1,2013Q3,2,SARIMA,SARIMA+CNY,58052.7,2720.39726027397,58028.1372508014,24.5627491985942,24.5627491985942,603.328648193042,0.00902910378468788,57878.4339411952,174.266058804795,174.266058804795,30368.6592513562,0.0640590480477269,149.7033096062,29765.3306031631,0.055029944263039,median
2013Q2,2013Q3,1,SARIMA,SARIMA+CNY,58052.7,2770.26351351351,57926.2401480962,126.459851903797,126.459851903797,15992.0941435303,0.0456490334897451,57883.6633979175,169.036602082495,169.036602082495,28573.3728435957,0.0610182393328015,42.5767501786977,12581.2787000654,0.0153692058430564,median
2013Q2,2013Q4,2,SARIMA,SARIMA+CNY,65563,2770.26351351351,65493.037709078,69.9622909219979,69.9622909219979,4894.72215105427,0.025254742222434,65440.7797320618,122.220267938203,122.220267938203,14937.793894886,0.0441186433499936,52.2579770162047,10043.0717438318,0.0188639011275596,median
2013Q3,2013Q4,1,SARIMA,SARIMA+CNY,65563,2824.69066666667,65611.3559212141,-48.3559212140972,48.3559212140972,2338.29511646397,0.0171190147596446,65594.1688925319,-31.1688925319031,31.1688925319031,971.499861665326,0.0110344445498822,-17.1870286821941,-1366.79525479865,-0.00608457020976246,median
2013Q3,2014Q1,2,SARIMA,SARIMA+CNY,62081.2,2824.69066666667,63949.6276572173,-1868.4276572173,1868.4276572173,3491021.91025454,0.661462750334421,63851.2903912182,-1770.0903912182,1770.0903912182,3133219.99308301,0.626649286630395,-98.3372659991001,-357801.917171529,-0.0348134637040256,median
2013Q4,2014Q1,1,SARIMA,SARIMA+CNY,62081.2,2890.39605263158,63914.3889324858,-1833.18893248581,1833.18893248581,3360581.66218845,0.6342345128851,63825.9453525433,-1744.7453525433,1744.7453525433,3044136.34522145,0.603635391404159,-88.4435799425046,-316445.316967,-0.0305991214809405,median
2013Q4,2014Q2,2,SARIMA,SARIMA+CNY,62117.5,2890.39605263158,63616.3037961154,-1498.8037961154,1498.8037961154,2246412.81924992,0.51854616766128,63612.7700611658,-1495.2700611658,1495.2700611658,2235832.55581878,0.517323589549059,-3.53373494959669,-10580.2634311486,-0.00122257811222082,median
2014Q1,2014Q2,1,SARIMA,SARIMA+CNY,62117.5,2938.96493506493,62242.0209222194,-124.520922219403,124.520922219403,15505.4600703705,0.042368971719852,62297.3928546041,-179.892854604099,179.892854604099,32361.4391376114,0.0612095954115643,55.3719323846963,16855.9790672409,0.0188406236917124,median
2014Q1,2014Q3,2,SARIMA,SARIMA+CNY,64952.1,2938.96493506493,65119.3684327147,-167.2684327147,167.2684327147,27978.7285828321,0.0569140620628073,65187.4701247628,-235.370124762805,235.370124762805,55399.0956308584,0.0800860608966759,68.1016920481052,27420.3670480263,0.0231719988338686,median
2014Q2,2014Q3,1,SARIMA,SARIMA+CNY,64952.1,2988.51923076923,65022.9783169322,-70.8783169322051,70.8783169322051,5023.73581114211,0.0237168682745807,65045.5590332199,-93.4590332199004,93.4590332199004,8734.59089039845,0.0312726892494664,22.5807162876954,3710.85507925635,0.00755582097488569,median
2014Q2,2014Q4,2,SARIMA,SARIMA+CNY,73243.3,2988.51923076923,73381.3527966272,-138.052796627191,138.052796627191,19058.5746565886,0.0461943812192425,73384.8993190474,-141.599319047396,141.599319047396,20050.3671546864,0.0473810968286624,3.54652242020529,991.79249809777,0.00118671560941986,median
2014Q3,2014Q4,1,SARIMA,SARIMA+CNY,73243.3,3038.02405063291,73325.8746589784,-82.5746589783957,82.5746589783957,6818.57430539835,0.0271803835658223,73309.1878702129,-65.8878702129005,65.8878702129005,4341.21144119201,0.0216877381860009,-16.6867887654953,-2477.36286420634,-0.00549264537982145,median
2014Q3,2015Q1,2,SARIMA,SARIMA+CNY,70715.3,3038.02405063291,70658.1377939762,57.1622060238005,57.1622060238005,3267.51779750742,0.0188155870628779,71028.3193248686,-313.019324868597,313.019324868597,97981.0977411925,0.103033853469128,255.857118844797,94713.5799436851,0.0842182664062499,median
2014Q4,2015Q1,1,SARIMA,SARIMA+CNY,70715.3,3096.0525,70596.3370871998,118.962912800198,118.962912800198,14152.1746219075,0.0384240618659399,70982.7151119614,-267.415111961396,267.415111961396,71510.8421053261,0.0863729255112425,148.452199161198,57358.6674834186,0.0479488636453026,median
2014Q4,2015Q2,2,SARIMA,SARIMA+CNY,70861.8,3096.0525,70421.2421098722,440.557890127806,440.557890127806,194091.254553864,0.14229664714271,70414.2848541269,447.515145873098,447.515145873098,200269.80578582,0.144543784665505,6.95725574529206,6178.55123195625,0.00224713752279462,median
2015Q1,2015Q2,1,SARIMA,SARIMA+CNY,70861.8,3164.42345679012,70509.913402593,351.886597407007,351.886597407007,123824.177434681,0.111200856083891,70227.7338334614,634.0661665386,634.0661665386,402039.903548955,0.200373361908325,282.179569131593,278215.726114274,0.0891725058244341,median
2015Q1,2015Q3,2,SARIMA,SARIMA+CNY,74502.8,3164.42345679012,73800.5121380071,702.287861992896,702.287861992896,493208.241102553,0.221932327194058,73480.0578986087,1022.7421013913,1022.7421013913,1046001.40595829,0.323200139095395,320.454239398401,552793.164855733,0.101267811901337,median
2015Q2,2015Q3,1,SARIMA,SARIMA+CNY,74502.8,3232.47073170732,74078.6537209441,424.146279055902,424.146279055902,179900.066036967,0.131214267431859,73991.9826521283,510.817347871707,510.817347871707,260934.362886685,0.158026905815758,86.6710688158055,81034.2968497179,0.0268126383838989,median
2015Q2,2015Q4,2,SARIMA,SARIMA+CNY,84850.9,3232.47073170732,83471.386621809,1379.513378191,1379.513378191,1903057.16060794,0.426767476858907,83382.2837903321,1468.61620966789,1468.61620966789,2156833.57129928,0.454332407487012,89.1028314768919,253776.41069134,0.0275649306281049,median
2015Q3,2015Q4,1,SARIMA,SARIMA+CNY,84850.9,3308.59397590361,83834.9284514364,1015.9715485636,1015.9715485636,1032198.18749071,0.307070482495854,83821.1771831716,1029.72281682839,1029.72281682839,1060329.079497,0.311226709692344,13.7512682647939,28130.8920062826,0.00415622719649011,median
2015Q3,2016Q1,2,SARIMA,SARIMA+CNY,78024.4,3308.59397590361,80911.9434929455,-2887.54349294551,2887.54349294551,8337907.42365194,0.872740358585973,80855.2486518534,-2830.8486518534,2830.8486518534,8013704.08970024,0.855604728918202,-56.6948410921032,-324203.333951706,-0.0171356296677713,median
2015Q4,2016Q1,1,SARIMA,SARIMA+CNY,78024.4,3407.39166666667,81656.5242594657,-3632.12425946571,3632.12425946571,13192326.6361993,1.06595443517618,81618.0470228351,-3593.64702283511,3593.64702283511,12914298.9247316,1.05466215052132,-38.4772366305988,-278027.711467674,-0.0112922846548604,median
2015Q4,2016Q2,2,SARIMA,SARIMA+CNY,78113.9,3407.39166666667,81653.6698332778,-3539.76983327781,3539.76983327781,12529970.4725836,1.0388502935856,81652.4230232777,-3538.52302327771,3538.52302327771,12521145.1862664,1.03848438026478,-1.24681000009878,-8825.28631718084,-0.000365913320824029,median
2016Q1,2016Q2,1,SARIMA,SARIMA+CNY,78113.9,3453.29411764706,78927.2048777621,-813.304877762101,813.304877762101,661464.824191625,0.235515669981871,78941.7188469778,-827.818846977811,827.818846977811,685284.043411672,0.239718604548475,14.5139692157099,23819.2192200463,0.00420293456660426,median
2016Q1,2016Q3,2,SARIMA,SARIMA+CNY,82343.5,3453.29411764706,82459.2990356615,-115.799035661505,115.799035661505,13409.4166601344,0.0335329200804957,82486.6760350133,-143.176035013297,143.176035013297,20499.3770021289,0.041460712622663,27.3769993517926,7089.9603419945,0.00792779254216731,median
2016Q2,2016Q3,1,SARIMA,SARIMA+CNY,82343.5,3497.46627906977,81824.1199934849,519.380006515101,519.380006515101,269755.591167626,0.148501791031776,81834.7403778973,508.759622102705,508.759622102705,258836.353082087,0.145465197233587,-10.6203844123957,-10919.2380855388,-0.00303659379818821,median
2016Q2,2016Q4,2,SARIMA,SARIMA+CNY,93834.2,3497.46627906977,92461.4126672039,1372.7873327961,1372.7873327961,1884545.06108543,0.392509097517653,92460.7876631427,1373.41233685729,1373.41233685729,1886261.4470318,0.392687799472532,0.625004061192158,1716.38594637788,0.000178701954878735,median
2016Q3,2016Q4,1,SARIMA,SARIMA+CNY,93834.2,3547.38850574713,92955.7644742214,878.435525778594,878.435525778594,771648.972949914,0.247628790687978,92949.7667360373,884.433263962695,884.433263962695,782222.198403707,0.249319538170072,5.99773818410176,10573.2254537926,0.00169074748209416,median
2016Q3,2017Q1,2,SARIMA,SARIMA+CNY,85823.4,3547.38850574713,88016.4755667497,-2193.0755667497,2193.0755667497,4809580.44147452,0.618222549685972,87687.3475317833,-1863.94753178331,1863.94753178331,3474300.4012411,0.525442174930524,-329.128034966387,-1335280.04023341,-0.0927803747554479,median
2016Q4,2017Q1,1,SARIMA,SARIMA+CNY,85823.4,3609.16022727273,88650.9807349889,-2827.58073498891,2827.58073498891,7995212.81288041,0.783445609763237,88324.9804409686,-2501.58044096861,2501.58044096861,6257904.7026367,0.693119807224224,-326.000294020298,-1737308.11024371,-0.0903258025390135,median
2016Q4,2017Q2,2,SARIMA,SARIMA+CNY,86545.3,3609.16022727273,88658.456611896,-2113.156611896,2113.156611896,4465430.8663998,0.585498143287702,88631.8888290379,-2086.58882903789,2086.58882903789,4353852.94146573,0.578136934257039,-26.5677828581101,-111577.924934071,-0.00736120903066306,median
2017Q1,2017Q2,1,SARIMA,SARIMA+CNY,86545.3,3656.23707865169,86516.7368244593,28.5631755407085,28.5631755407085,815.854996969327,0.0078121781838178,86779.7409041414,-234.440904141404,234.440904141404,54962.5375346389,0.0641208157726628,205.877728600695,54146.6825376695,0.056308637588845,median
2017Q1,2017Q3,2,SARIMA,SARIMA+CNY,90809.7,3656.23707865169,90834.9682940867,-25.2682940867089,25.2682940867089,638.486686052409,0.00691101084069393,91112.1370058556,-302.437005855609,302.437005855609,91468.1425109055,0.0827181058967703,277.1687117689,90829.6558248531,0.0758070950560764,median
2017Q2,2017Q3,1,SARIMA,SARIMA+CNY,90809.7,3709.29444444444,90858.8975803845,-49.197580384498,49.197580384498,2420.40191568914,0.0132633257136497,90924.940861879,-115.240861879007,115.240861879007,13280.4562466163,0.0310681353570105,66.0432814945088,10860.0543309272,0.0178048096433608,median
2017Q2,2017Q4,2,SARIMA,SARIMA+CNY,103083.2,3709.29444444444,102869.011614683,214.188385317,214.188385317,45876.6644047038,0.05774369992056,102940.015635542,143.184364457993,143.184364457993,20501.7622252394,0.0386015094251809,-71.0040208590071,-25374.9021794644,-0.0191421904953792,median
2017Q3,2017Q4,1,SARIMA,SARIMA+CNY,103083.2,3761.56813186813,102829.39950664,253.800493360002,253.800493360002,64414.6904297806,0.0674719915903679,102843.776837668,239.423162331994,239.423162331994,57323.4506610523,0.0636498273960779,-14.3773310280085,-7091.23976872831,-0.00382216419428995,median
2017Q3,2018Q1,2,SARIMA,SARIMA+CNY,90275.4,3761.56813186813,95999.2507217828,-5723.8507217828,5723.8507217828,32762467.0852535,1.5216661033706,96412.6698618328,-6137.2698618328,6137.2698618328,37666081.3569612,1.63157216529927,413.419140049999,4903614.2717077,0.109906061928667,median
2017Q4,2018Q1,1,SARIMA,SARIMA+CNY,90275.4,3821.21413043478,96177.4574541181,-5902.05745411811,5902.05745411811,34834282.1917112,1.54455030591195,96586.1255468624,-6310.72554686241,6310.72554686241,39825256.9278218,1.65149749044406,408.668092744294,4990974.73611064,0.106947184532105,median
2017Q4,2018Q2,2,SARIMA,SARIMA+CNY,89742.5,3821.21413043478,96522.3137672698,-6779.81376726981,6779.81376726981,45965874.7188612,1.77425643678817,96498.4807036543,-6755.98070365431,6755.98070365431,45643275.2681493,1.76801939724995,-23.8330636155006,-322599.450711876,-0.0062370395382132,median
2018Q1,2018Q2,1,SARIMA,SARIMA+CNY,89742.5,3827.99677419355,92076.0307783336,-2333.5307783336,2333.5307783336,5445365.89343023,0.609595805844223,91890.6542173198,-2148.1542173198,2148.1542173198,4614566.54138882,0.561169286192084,-185.376561013807,-830799.352041407,-0.0484265196521386,median
2018Q1,2018Q3,2,SARIMA,SARIMA+CNY,94281.4,3827.99677419355,96588.2343674096,-2306.83436740961,2306.83436740961,5321484.7986621,0.602621815922401,96393.3498698201,-2111.94986982011,2111.94986982011,4460332.25263316,0.551711507192958,-194.884497589504,-861152.546028934,-0.0509103087294428,median
2018Q2,2018Q3,1,SARIMA,SARIMA+CNY,94281.4,3821.28617021277,94721.5038402254,-440.103840225405,440.103840225405,193691.390181149,0.115171651800394,94646.7196283327,-365.319628332712,365.319628332712,133458.430845151,0.0956012222220906,-74.7842118926928,-60232.9593359979,-0.0195704295783032,median
2018Q2,2018Q4,2,SARIMA,SARIMA+CNY,106687.6,3821.28617021277,107191.248303688,-503.648303687994,503.648303687994,253661.613807794,0.131800729192693,107105.207084469,-417.607084468997,417.607084468997,174395.676998696,0.109284430913413,-86.0412192189979,-79265.9368090986,-0.0225162982792799,median
2018Q3,2018Q4,1,SARIMA,SARIMA+CNY,106687.6,3817.60631578947,106814.043300787,-126.443300786996,126.443300786996,15987.9083139107,0.0331210948242702,106790.762221888,-103.162221887993,103.162221887993,10642.4440248675,0.0270227502142686,-23.2810788990028,-5345.46428904318,-0.00609834461000159,median
2018Q3,2019Q1,2,SARIMA,SARIMA+CNY,97789.7,3817.60631578947,96950.9681140865,838.731885913498,838.731885913498,703471.176448012,0.219700989712987,96791.3109938636,998.389006136393,998.389006136393,996780.607574014,0.261522253357318,159.657120222895,293309.431126002,0.0418212636443312,median
2018Q4,2019Q1,1,SARIMA,SARIMA+CNY,97789.7,3815.38541666667,96867.1163574408,922.583642559199,922.583642559199,851160.577517799,0.241806145855959,96717.9258966851,1071.77410331489,1071.77410331489,1148699.72853644,0.28090847614846,149.190460755693,297539.151018642,0.0391023302925015,median
2018Q4,2019Q2,2,SARIMA,SARIMA+CNY,97420,3815.38541666667,96821.6002033362,598.399796663798,598.399796663798,358082.316647275,0.156838623445438,96767.3357850806,652.664214919394,652.664214919394,425970.577436349,0.171061149436797,54.264418255596,67888.2607890741,0.0142225259913596,median
2019Q1,2019Q2,1,SARIMA,SARIMA+CNY,97420,3853.51855670103,97536.41584099,-116.415840989997,116.415840989997,13552.6480334084,0.030210271282477,97596.8100813343,-176.810081334304,176.810081334304,31261.8048614433,0.0458827636957509,60.394240344307,17709.156828035,0.0156724924132739,median
2019Q1,2019Q3,2,SARIMA,SARIMA+CNY,101464.5,3853.51855670103,102324.016809358,-859.516809358,859.516809358,738769.145568956,0.223047273994141,102385.778347632,-921.278347632004,921.278347632004,848753.793815555,0.23907458445476,61.7615382740041,109984.648246599,0.0160273104606191,median
2019Q2,2019Q3,1,SARIMA,SARIMA+CNY,101464.5,3892.5387755102,102231.284715341,-766.784715340997,766.784715340997,587958.799680573,0.196988330640455,102246.006450294,-781.506450293993,781.506450293993,610752.331851118,0.200770370024525,14.7217349529965,22793.5321705443,0.00378203938406932,median
2019Q2,2019Q4,2,SARIMA,SARIMA+CNY,114974.8,3892.5387755102,115514.70656566,-539.90656566,539.90656566,291499.099642775,0.138702938312858,115529.140493173,-554.340493173004,554.340493173004,307293.382371289,0.142411039463658,14.4339275130042,15794.2827285136,0.00370810115080031,median
2019Q3,2019Q4,1,SARIMA,SARIMA+CNY,114974.8,3925.77676767677,114859.733008703,115.066991297004,115.066991297004,13240.4124861449,0.0293106302539713,114861.191389211,113.608610789001,113.608610789001,12906.9164454066,0.0289391418596205,-1.45838050800376,-333.496040738251,-0.00037148839435076,median
2019Q3,2020Q1,2,SARIMA,SARIMA+CNY,78579.7,3925.77676767677,104854.277547916,-26274.577547916,26274.577547916,690353425.321452,6.69283535534931,104520.122821809,-25940.422821809,25940.422821809,672905536.174229,6.60771723837987,-334.154726107008,-17447889.1472228,-0.0851181169694364,median
2019Q4,2020Q1,1,SARIMA,SARIMA+CNY,78579.7,3969.391,104932.951265083,-26353.251265083,26353.251265083,694493852.240599,6.63911699932886,104595.644077067,-26015.944077067,26015.944077067,676829346.221078,6.55413993659657,-337.307188015999,-17664506.0195211,-0.0849770627322926,median
2019Q4,2020Q2,2,SARIMA,SARIMA+CNY,93676.5,3969.391,104734.506735054,-11058.006735054,11058.006735054,122279512.9525,2.785819470809,104718.706364263,-11042.206364263,11042.206364263,121930321.39097,2.78183891792544,-15.8003707910102,-349191.561529547,-0.0039805528835557,median
2020Q1,2020Q2,1,SARIMA,SARIMA+CNY,93676.5,4120.28811881188,84635.8893599771,9040.6106400229,9040.6106400229,81732640.7444953,2.1941695287634,85052.340756033,8624.15924396701,8624.15924396701,74376122.6653016,2.09309616106503,-416.451396055898,-7356518.07919377,-0.10107336769837,median
2020Q1,2020Q3,2,SARIMA,SARIMA+CNY,101067.8,4120.28811881188,86607.319856342,14460.480143658,14460.480143658,209105485.985127,3.50957984652486,87374.4045706194,13693.3954293806,13693.3954293806,187509078.385382,3.32340725563852,-767.0847142774,-21596407.5997458,-0.186172590886337,median
2020Q2,2020Q3,1,SARIMA,SARIMA+CNY,101067.8,4116.59411764706,91049.6380737101,10018.1619262899,10018.1619262899,100363568.381365,2.43360448953273,92053.374478793,9014.425521207,9014.425521207,81259867.4773881,2.1897775839896,-1003.73640508291,-19103700.9039766,-0.243826905543123,median
2020Q2,2020Q4,2,SARIMA,SARIMA+CNY,118656.6,4116.59411764706,105682.45552786,12974.14447214,12974.14447214,168328424.783961,3.15166958445631,106200.283797644,12456.316202356,12456.316202356,155159813.333077,3.02587912394815,-517.828269784004,-13168611.4508844,-0.125790460508159,median
2020Q3,2020Q4,1,SARIMA,SARIMA+CNY,118656.6,4080.4786407767,111392.879389591,7263.720610409,7263.720610409,52761637.1060805,1.78011484677846,111717.201916572,6939.39808342801,6939.39808342801,48155245.7602843,1.70063335562691,-324.322526980992,-4606391.34579618,-0.0794814911515522,median
2020Q3,2021Q1,2,SARIMA,SARIMA+CNY,105220.8,4080.4786407767,87914.1887274983,17306.6112725017,17306.6112725017,299518793.737483,4.24131892262704,89620.0583216574,15600.7416783426,15600.7416783426,243383140.914376,3.82326267375659,-1705.8695941591,-56135652.823107,-0.41805624887045,median
2020Q4,2021Q1,1,SARIMA,SARIMA+CNY,105220.8,4076.64519230769,91641.3706885177,13579.4293114823,13579.4293114823,184400900.425545,3.33103046031713,93433.4964728726,11787.3035271274,11787.3035271274,138940524.44063,2.89142247389327,-1792.12578435491,-45460375.9849149,-0.439607986423864,median
2020Q4,2021Q2,2,SARIMA,SARIMA+CNY,106683.5,4076.64519230769,99974.6050754465,6708.8949245535,6708.8949245535,45009271.1086998,1.64569017122527,100382.969404387,6300.530595613,6300.530595613,39696685.7862555,1.54551850808641,-408.364328940501,-5312585.32244422,-0.100171663138861,median
2021Q1,2021Q2,1,SARIMA,SARIMA+CNY,106683.5,4291.54476190476,108925.633465149,-2242.133465149,2242.133465149,5027162.47554108,0.522453705959682,108234.519971745,-1551.019971745,1551.019971745,2405662.95275186,0.361412977796041,-691.113493404002,-2621499.52278921,-0.161040728163641,median
2021Q1,2021Q3,2,SARIMA,SARIMA+CNY,106152.9,4291.54476190476,115121.487998544,-8968.58799854401,8968.58799854401,80435570.6876277,2.08982743886455,114443.603480612,-8290.70348061201,8290.70348061201,68735764.203432,1.93186927798284,-677.884517932005,-11699806.4841956,-0.157958160881708,median
2021Q2,2021Q3,1,SARIMA,SARIMA+CNY,106152.9,4373.76603773585,113462.796708346,-7309.896708346,7309.896708346,53434589.8866877,1.67130492241192,113257.473931351,-7104.57393135101,7104.57393135101,50474970.7460324,1.62436076142491,-205.322776994988,-2959619.14065532,-0.0469441609870098,median
2021Q2,2021Q4,2,SARIMA,SARIMA+CNY,122766,4373.76603773585,129699.806277636,-6933.806277636,6933.806277636,48077669.4957844,1.58531714266669,129550.540063814,-6784.540063814,6784.540063814,46029983.8774972,1.55118952529206,-149.266213822004,-2047685.61828718,-0.0341276173746308,median
2021Q3,2021Q4,1,SARIMA,SARIMA+CNY,122766,4380.41401869159,123972.241951501,-1206.241951501,1206.241951501,1455019.64556093,0.275371676365262,123772.738089841,-1006.738089841,1006.738089841,1013521.58153671,0.229827154589765,-199.503861659992,-441498.064024219,-0.0455445217754972,median
2021Q3,2022Q1,2,SARIMA,SARIMA+CNY,108659.1,4380.41401869159,105355.71545694,3303.38454306,3303.38454306,10912349.4393278,0.754126100629801,104172.352463074,4486.74753692601,4486.74753692601,20130903.4601116,1.02427476439001,1183.362993866,9218554.02078383,0.270148663760205,median
2021Q4,2022Q1,1,SARIMA,SARIMA+CNY,108659.1,4377.90462962963,104677.078476848,3982.02152315201,3982.02152315201,15856495.4108459,0.909572469030439,103584.046673445,5075.053326555,5075.053326555,25756166.267377,1.15924255001059,1093.03180340299,9899670.85653114,0.249670080980147,median
2021Q4,2022Q2,2,SARIMA,SARIMA+CNY,101772.6,4377.90462962963,109355.744512402,-7583.144512402,7583.144512402,57504080.6959725,1.73214017982012,109134.110448545,-7361.510448545,7361.510448545,54191836.0840372,1.68151457633918,-221.634063856996,-3312244.61193531,-0.0506256034809389,median
2022Q1,2022Q2,1,SARIMA,SARIMA+CNY,101772.6,4369.28440366972,112109.586815866,-10336.986815866,10336.986815866,106853296.431387,2.36583061683603,112764.534058304,-10991.934058304,10991.934058304,120822614.342103,2.51572867380113,654.947242437993,13969317.9107158,0.149898056965097,median
2022Q1,2022Q3,2,SARIMA,SARIMA+CNY,109872.9,4369.28440366972,115915.63670957,-6042.73670957,6042.73670957,36514666.9411849,1.38300374873624,116501.639206027,-6628.73920602701,6628.73920602701,43940183.4615196,1.51712239204653,586.002496457004,7425516.52033465,0.134118643310293,median
2022Q2,2022Q3,1,SARIMA,SARIMA+CNY,109872.9,4374.20818181818,108691.089553152,1181.810446848,1181.810446848,1396675.93227907,0.270177000665014,108655.013757816,1217.88624218399,1217.88624218399,1483246.89890103,0.278424389412065,36.0757953359862,86570.9666219617,0.00824738874705111,median
2022Q2,2022Q4,2,SARIMA,SARIMA+CNY,119427.9,4374.20818181818,124403.906455777,-4976.00645577701,4976.00645577701,24760640.2479345,1.13757879116505,124454.139905152,-5026.239905152,5026.239905152,25263087.5841424,1.14906280090739,50.233449374995,502447.336207956,0.0114840097423337,median
2022Q3,2022Q4,1,SARIMA,SARIMA+CNY,119427.9,4368.31441441441,125369.253615392,-5941.353615392,5941.353615392,35299682.7831316,1.36010210157651,125414.401724142,-5986.501724142,5986.501724142,35838202.8931551,1.37043746310658,45.1481087499997,538520.110023543,0.0103353615300725,median
2022Q3,2023Q1,2,SARIMA,SARIMA+CNY,114922.4,4368.31441441441,108425.689322121,6496.71067787899,6496.71067787899,42207249.6320669,1.487235135008,106471.398769755,8451.00123024499,8451.00123024499,71419421.7936023,1.93461377284535,1954.290552366,29212172.1615355,0.447378637837355,median
2022Q4,2023Q1,1,SARIMA,SARIMA+CNY,114922.4,4359.11607142857,105010.96652943,9911.43347056999,9911.43347056999,98236513.441535,2.27372552328523,103017.219890697,11905.180109303,11905.180109303,141733313.434944,2.73109958859192,1993.74663873301,43496799.9934086,0.457374065306689,median
2022Q4,2023Q2,2,SARIMA,SARIMA+CNY,112665.2,4359.11607142857,105572.184847358,7093.01515264199,7093.01515264199,50310863.9556089,1.62716822319381,105327.411241281,7337.78875871899,7337.78875871899,53843143.8675828,1.68332034258364,244.773606076997,3532279.91197386,0.0561521193898331,median
2023Q1,2023Q2,1,SARIMA,SARIMA+CNY,112665.2,4375.96725663717,112019.673338152,645.526661847995,645.526661847995,416704.671156615,0.147516337300948,112940.737346303,-275.537346302997,275.537346302997,75920.8292076979,0.0629660438809456,-369.989315544997,-340783.841948917,-0.0845502934200027,median
2023Q1,2023Q3,2,SARIMA,SARIMA+CNY,114519.4,4375.96725663717,117469.957565124,-2950.55756512401,2950.55756512401,8705789.94511051,0.674264086562531,118451.635229016,-3932.23522901601,3932.23522901601,15462473.8963146,0.898597955241063,981.677663891998,6756683.95120404,0.224333868678532,median
2023Q2,2023Q3,1,SARIMA,SARIMA+CNY,114519.4,4433.13070175439,117918.493693203,-3399.093693203,3399.093693203,11553837.9351724,0.766747908393007,118258.745987272,-3739.34598727201,3739.34598727201,13982708.4125273,0.843500054215001,340.252294069011,2428870.47735488,0.0767521458219937,median
2023Q2,2023Q4,2,SARIMA,SARIMA+CNY,129388.2,4433.13070175439,132389.240148366,-3001.040148366,3001.040148366,9006241.97210459,0.676957290516688,132646.299707341,-3258.09970734101,3258.09970734101,10615213.7029756,0.734943300014058,257.059558975016,1608971.73087099,0.0579860094973706,median
2023Q3,2023Q4,1,SARIMA,SARIMA+CNY,129388.2,4434.98608695652,129891.166827515,-502.966827515003,502.966827515003,252975.629580507,0.113408885090812,129866.044477826,-477.844477826002,477.844477826002,228335.344988804,0.107744301437915,-25.1223496890016,-24640.2845917028,-0.00566458365289746,median
2023Q3,2024Q1,2,SARIMA,SARIMA+CNY,120326.8,4434.98608695652,116719.396843806,3607.40315619401,3607.40315619401,13013357.5313185,0.813396724468546,118110.476090883,2216.323909117,2216.323909117,4912091.67012364,0.49973638375897,-1391.07924707701,-8101265.86119484,-0.313660340709576,median
2023Q4,2024Q1,1,SARIMA,SARIMA+CNY,120326.8,4482.61810344828,116430.758494343,3896.04150565701,3896.04150565701,15179139.4138021,0.869144195589616,117827.29743267,2499.50256733,2499.50256733,6247513.08408925,0.557598820521258,-1396.53893832701,-8931626.32971286,-0.311545375068359,median
2023Q4,2024Q2,2,SARIMA,SARIMA+CNY,115642.2,4482.61810344828,116091.472402687,-449.272402686998,449.272402686998,201845.691816148,0.10022544689707,116134.266613275,-492.066613275005,492.066613275005,242129.551899933,0.109772146972877,42.7942105880065,40283.8600837848,0.00954670007580767,median
2024Q1,2024Q2,1,SARIMA,SARIMA+CNY,115642.2,4490.49658119658,118534.335798889,-2892.13579888901,2892.13579888901,8364449.47921536,0.644057009418398,117642.096210396,-1999.89621039601,1999.89621039601,3999584.85235631,0.445361926957106,-892.239588493001,-4364864.62685905,-0.198695082461291,median
2024Q1,2024Q3,2,SARIMA,SARIMA+CNY,117595,4490.49658119658,122898.573855966,-5303.57385596599,5303.57385596599,28127895.645686,1.18106622732418,121909.752349366,-4314.752349366,4314.752349366,18617087.8363594,0.960863074127149,-988.821506599998,-9510807.80932662,-0.220203153197036,median
2024Q2,2024Q3,1,SARIMA,SARIMA+CNY,117595,4477.67033898305,120952.07980021,-3357.07980021001,3357.07980021001,11269984.7849781,0.749738043683772,120535.777588696,-2940.777588696,2940.777588696,8648172.82617666,0.656765095700167,-416.302211514005,-2621811.95880139,-0.0929729479836056,median
2024Q2,2024Q4,2,SARIMA,SARIMA+CNY,134330.8,4477.67033898305,135780.061077909,-1449.261077909,1449.261077909,2100357.67194196,0.323664086051979,135230.06649215,-899.266492150025,899.266492150025,808680.223903812,0.200833563900612,-549.994585758977,-1291677.44803815,-0.122830522151367,median
2024Q3,2024Q4,1,SARIMA,SARIMA+CNY,134330.8,4465.88823529412,133323.336083858,1007.46391614198,1007.46391614198,1014983.54232813,0.225590938031083,133049.181681283,1281.618318717,1281.618318717,1642545.51487098,0.286979487885144,274.154402575019,627561.972542851,0.0613885498540613,median
2024Q3,2025Q1,2,SARIMA,SARIMA+CNY,124671.1,4465.88823529412,121570.737139911,3100.36286008901,3100.36286008901,9612249.86421929,0.694232075847017,120865.506461053,3805.59353894701,3805.59353894701,14482542.1836752,0.852147062004649,705.230678858003,4870292.31945594,0.157914986157632,median
2024Q4,2025Q1,1,SARIMA,SARIMA+CNY,124671.1,4469.86083333333,122139.883360761,2531.21663923901,2531.21663923901,6407057.67476041,0.566285334962295,121593.408135194,3077.69186480601,3077.69186480601,9472187.21469309,0.68854310672372,546.475225567003,3065129.53993268,0.122257771761426,median
2024Q4,2025Q2,2,SARIMA,SARIMA+CNY,120787.3,4469.86083333333,120167.951637422,619.348362578006,619.348362578006,383592.394228058,0.138560994552516,120137.080735612,650.219264387997,650.219264387997,422785.091781268,0.145467451590234,30.8709018099908,39192.6975532105,0.00690645703771706,median
2025Q1,2025Q2,1,SARIMA,SARIMA+CNY,120787.3,4468.82314049587,121711.93230812,-924.632308119995,924.632308119995,854944.90521931,0.206907339818643,122044.551423791,-1257.25142379099,1257.25142379099,1580681.14262448,0.281338371258856,332.619115670997,725736.237405168,0.0744310314402125,median
2025Q1,2025Q3,2,SARIMA,SARIMA+CNY,120418.8,4468.82314049587,125227.994532223,-4809.194532223,4809.194532223,23128352.0487636,1.07616577810895,125479.194693781,-5060.394693781,5060.394693781,25607594.4568469,1.13237748165158,251.200161557994,2479242.40808324,0.0562117035426288,median
2025Q2,2025Q3,1,SARIMA,SARIMA+CNY,120418.8,4474.36639344262,124620.698325418,-4201.89832541799,4201.89832541799,17655949.5371505,0.939104658835284,124631.986569356,-4213.186569356,4213.186569356,17750941.0682017,0.941627528655366,11.2882439380046,94991.531051226,0.00252286982008176,median
2025Q2,2025Q4,2,SARIMA,SARIMA+CNY,135325.2,4474.36639344262,140478.252142113,-5153.05214211298,5153.05214211298,26553946.3793352,1.15168309632957,140460.303487373,-5135.10348737298,5135.10348737298,26369287.8260301,1.1476716557899,-17.9486547400011,-184658.553305041,-0.00401144053967184,median
2025Q3,2025Q4,1,SARIMA,SARIMA+CNY,135325.2,4460.94715447155,137409.365160654,-2084.165160654,2084.165160654,4343744.4168839,0.467202387404405,137360.208522927,-2035.00852292698,2035.00852292698,4141259.68838543,0.456183059888331,-49.156637727021,-202484.728498468,-0.0110193275160742,median
2025Q3,2026Q1,2,SARIMA,SARIMA+CNY,127694.9,4460.94715447155,126388.27151381,1306.62848618999,1306.62848618999,1707278.00092315,0.292903825341275,128706.764479997,-1011.86447999701,1011.86447999701,1023869.72587961,0.226827273437377,-294.764006192985,-683408.275043537,-0.0660765519038979,median
2025Q4,2026Q1,1,SARIMA,SARIMA+CNY,127694.9,4432.99112903226,125173.385791375,2521.514208625,2521.514208625,6358033.90429775,0.568806509020796,127487.689756221,207.210243778987,207.210243778987,42936.0851269473,0.0467427607562621,-2314.30396484601,-6315097.8191708,-0.522063748264534,median
2025Q4,2026Q2,2,SARIMA,SARIMA+CNY,121027.2,4432.99112903226,122415.863695,-1388.663695,1388.663695,1928386.85781104,0.313256592350354,122444.811487991,-1417.611487991,1417.611487991,2009622.33088406,0.31978667376681,28.9477929910063,81235.4730730217,0.00653008141645561,median
2026Q1,2026Q2,1,SARIMA,SARIMA+CNY,121027.2,4421.7176,123959.034871549,-2931.834871549,2931.834871549,8595655.71403074,0.663053396161935,122564.973682896,-1537.773682896,1537.773682896,2364747.89980754,0.347777452566397,-1394.061188653,-6230907.8142232,-0.315275943595537,median
2004Q3,2005Q1,2,SARIMA,SARIMA+ETS-50:50,15112.2,905.561538461538,15151.0350186158,-38.8350186157986,38.8350186157986,1508.15867088943,0.042885013294376,15343.717461168,-231.517461168049,231.517461168049,53600.3348256989,0.255661764921437,192.68244255225,52092.1761548095,0.212776751627061,mean
2004Q4,2005Q1,1,SARIMA,SARIMA+ETS-50:50,15112.2,942.135,15151.2172341438,-39.0172341437992,39.0172341437992,1522.34456023205,0.0414136340798285,15208.4514924928,-96.2514924928491,96.2514924928491,9264.34980710099,0.10216316397634,57.2342583490499,7742.00524686894,0.0607495298965116,mean
2004Q4,2005Q2,2,SARIMA,SARIMA+ETS-50:50,14497.5,942.135,14675.5491556358,-178.049155635799,178.049155635799,31701.5018226211,0.18898475869785,14608.1435923093,-110.64359230925,110.64359230925,12242.0045190956,0.11743921233077,-67.4055633265489,-19459.4973035255,-0.07154554636708,mean
2005Q1,2005Q2,1,SARIMA,SARIMA+ETS-50:50,14497.5,974.80487804878,14637.2409138441,-139.7409138441,139.7409138441,19527.5230019841,0.143352702669905,14541.3881777722,-43.8881777721508,43.8881777721508,1926.17214815991,0.0450225258002398,-95.852736071949,-17601.3508538242,-0.0983301768696653,mean
2005Q1,2005Q3,2,SARIMA,SARIMA+ETS-50:50,15470.9,974.80487804878,15533.8773057181,-62.977305718101,62.977305718101,3966.14103551115,0.0646050375170051,15291.2824887943,179.617511205699,179.617511205699,32262.4503317294,0.184259963455692,116.640205487598,28296.3092962182,0.119654925938687,mean
2005Q2,2005Q3,1,SARIMA,SARIMA+ETS-50:50,15470.9,1001.09285714286,15374.3205142459,96.5794857541005,96.5794857541005,9327.59706852649,0.0964740533957463,15250.7061856117,220.1938143883,220.1938143883,48485.3158948691,0.219953436703901,123.614328634199,39157.7188263426,0.123479383308155,mean
2005Q2,2005Q4,2,SARIMA,SARIMA+ETS-50:50,22096,1001.09285714286,18038.6711517328,4057.3288482672,4057.3288482672,16461917.3829812,4.05289960798132,17883.1577998546,4212.8422001454,4212.8422001454,17748039.4033259,4.20824319151466,155.513351878202,1286122.02034471,0.15534358353334,mean
2005Q3,2005Q4,1,SARIMA,SARIMA+ETS-50:50,22096,1030.86511627907,18156.2449350595,3939.7550649405,3939.7550649405,15521669.9717243,3.82179492032976,18121.3369792713,3974.66302072875,3974.66302072875,15797946.1283486,3.85565769756123,34.9079557882505,276276.156624272,0.033862777231469,mean
2005Q3,2006Q1,2,SARIMA,SARIMA+ETS-50:50,18440.2,1030.86511627907,17698.6030885056,741.596911494402,741.596911494402,549965.979138036,0.719392769998089,17688.5001896351,751.699810364902,751.699810364902,565052.60490263,0.729193178131955,10.1028988705002,15086.6257645941,0.00980040813386607,mean
2005Q4,2006Q1,1,SARIMA,SARIMA+ETS-50:50,18440.2,1157.08863636364,21556.4773962867,-3116.2773962867,3116.2773962867,9711184.81060741,2.69320542813398,21608.1201581035,-3167.92015810355,3167.92015810355,10035718.1281188,2.73783706670848,51.6427618168491,324533.317511402,0.0446316385745051,mean
2005Q4,2006Q2,2,SARIMA,SARIMA+ETS-50:50,18008,1157.08863636364,20716.564962149,-2708.564962149,2708.564962149,7336324.15418122,2.34084483852607,21243.437031596,-3235.437031596,3235.437031596,10468052.7854227,2.79618771623576,526.872069446999,3131728.63124152,0.455342877709688,mean
2006Q1,2006Q2,1,SARIMA,SARIMA+ETS-50:50,18008,1205.33111111111,19079.5501515348,-1071.5501515348,1071.5501515348,1148219.72725425,0.889008955014041,19033.2279408939,-1025.2279408939,1025.2279408939,1051092.33078954,0.850577846570984,-46.3222106409012,-97127.3964647092,-0.0384311084430567,mean
2006Q1,2006Q3,2,SARIMA,SARIMA+ETS-50:50,18643.2,1205.33111111111,19628.9911218767,-985.7911218767,985.7911218767,971784.135970923,0.81785918640063,20039.1236513179,-1395.9236513179,1395.9236513179,1948602.8403087,1.15812463351344,410.132529441202,976818.70433778,0.34026544711281,mean
2006Q2,2006Q3,1,SARIMA,SARIMA+ETS-50:50,18643.2,1255.44347826087,19292.2652347276,-649.065234727601,649.065234727601,421285.678931996,0.517000761855669,19608.7257429158,-965.525742915848,965.525742915848,932239.960233201,0.769071455334145,316.460508188247,510954.281301205,0.252070693478476,mean
2006Q2,2006Q4,2,SARIMA,SARIMA+ETS-50:50,21318.6,1255.44347826087,27269.2524013132,-5950.6524013132,5950.6524013132,35410264.0012546,4.73988077070301,26101.8126886515,-4783.2126886515,4783.2126886515,22879123.6248767,3.809978522711,-1167.4397126617,-12531140.3763778,-0.929902247992015,mean
2006Q3,2006Q4,1,SARIMA,SARIMA+ETS-50:50,21318.6,1296.22765957447,26654.216908126,-5335.616908126,5335.616908126,28468807.7902801,4.11626527849097,25430.0187297298,-4111.4187297298,4111.4187297298,16903763.971173,3.17183382051847,-1224.1981783962,-11565043.8191071,-0.944431457972502,mean
2006Q3,2007Q1,2,SARIMA,SARIMA+ETS-50:50,21187.8,1296.22765957447,22278.0804367261,-1090.2804367261,1090.2804367261,1188711.43070766,0.841118015552933,22399.7762156164,-1211.97621561635,1211.97621561635,1468886.34721974,0.935002587442259,121.695778890251,280174.916512077,0.0938845718893251,mean
2006Q4,2007Q1,1,SARIMA,SARIMA+ETS-50:50,21187.8,1285.41875,19775.655706822,1412.144293178,1412.144293178,1994151.50475519,1.09858697267175,19996.2790558877,1191.52094411225,1191.52094411225,1419722.16025815,0.926951582207938,-220.623349065751,-574429.344497047,-0.171635390463808,mean
2006Q4,2007Q2,2,SARIMA,SARIMA+ETS-50:50,20856,1285.41875,19082.7479827247,1773.2520172753,1773.2520172753,3144422.71677092,1.37951310985257,19096.5860475708,1759.41395242925,1759.41395242925,3095537.45600271,1.36874769597787,-13.8380648460516,-48885.2607682114,-0.0107654138747015,mean
2007Q1,2007Q2,1,SARIMA,SARIMA+ETS-50:50,20856,1315.25918367347,20022.6932273493,833.3067726507,833.3067726507,694400.177345525,0.633568488245263,19961.1768538415,894.823146158502,894.823146158502,800708.462901,0.680339781897051,61.5163735078022,106308.285555475,0.0467712936517876,mean
2007Q1,2007Q3,2,SARIMA,SARIMA+ETS-50:50,21783.2,1315.25918367347,21021.1807945091,762.019205490902,762.019205490902,580673.269536986,0.579368093338539,20728.3835542035,1054.8164457965,1054.8164457965,1112637.73432276,0.801983714609341,292.797240305597,531964.464785774,0.222615621270802,mean
2007Q2,2007Q3,1,SARIMA,SARIMA+ETS-50:50,21783.2,1345.914,21679.0977237657,104.102276234302,104.102276234302,10837.2839171629,0.0773469004960955,21423.4699613092,359.730038690752,359.730038690752,129405.70073645,0.267275649626018,255.62776245645,118568.416819287,0.189928749129922,mean
2007Q2,2007Q4,2,SARIMA,SARIMA+ETS-50:50,25383,1345.914,26473.6039253704,-1090.6039253704,1090.6039253704,1189416.92203333,0.81030728959681,26084.5916143816,-701.591614381599,701.591614381599,492230.793370579,0.521275218462398,-389.012310988801,-697186.128662747,-0.289032071134412,mean
2007Q3,2007Q4,1,SARIMA,SARIMA+ETS-50:50,25383,1381.09215686275,26558.6027216656,-1175.6027216656,1175.6027216656,1382041.75918757,0.851212365390638,26449.9370414741,-1066.93704147415,1066.93704147415,1138354.65046961,0.772531388417826,-108.665680191451,-243687.108717955,-0.0786809769728128,mean
2007Q3,2008Q1,2,SARIMA,SARIMA+ETS-50:50,25555.2,1381.09215686275,24817.4369602545,737.7630397455,737.7630397455,544294.302814519,0.534188132254245,24674.9025083217,880.297491678302,880.297491678302,774923.673855111,0.637392289358852,142.534451932803,230629.371040591,0.103204157104606,mean
2007Q4,2008Q1,1,SARIMA,SARIMA+ETS-50:50,25555.2,1432.69423076923,23958.1013557765,1597.0986442235,1597.0986442235,2550724.07938054,1.11475191979101,23977.2145392159,1577.9854607841,1577.9854607841,2490038.11444601,1.10141119221012,-19.1131834394,-60685.9649345335,-0.0133407275808863,mean
2007Q4,2008Q2,2,SARIMA,SARIMA+ETS-50:50,25487.5,1432.69423076923,23136.7858166389,2350.7141833611,2350.7141833611,5525857.17185504,1.64076474440675,23090.160565124,2397.33943487605,2397.33943487605,5747236.36601181,1.67330850043899,46.6252515149499,221379.194156775,0.0325437560322388,mean
2008Q1,2008Q2,1,SARIMA,SARIMA+ETS-50:50,25487.5,1488.06603773585,24261.520808598,1225.979191402,1225.979191402,1503024.9777507,0.823874183209889,24154.2762147085,1333.2237852915,1333.2237852915,1777485.66166699,0.895943964503115,107.2445938895,274460.683916293,0.0720697812932258,mean
2008Q1,2008Q3,2,SARIMA,SARIMA+ETS-50:50,26843,1488.06603773585,25477.5362851564,1365.4637148436,1365.4637148436,1864491.15655449,0.917609622299564,25283.4538117502,1559.5461882498,1559.5461882498,2432184.31328448,1.0480356037308,194.082473406197,567693.156729988,0.130425981431241,mean
2008Q2,2008Q3,1,SARIMA,SARIMA+ETS-50:50,26843,1546.27777777778,26458.4737006606,384.526299339399,384.526299339399,147860.474883653,0.248678668778399,26349.7813369607,493.218663039297,493.218663039297,243264.649570272,0.318971578152098,108.692363699898,95404.1746866186,0.0702929093736989,mean
2008Q2,2008Q4,2,SARIMA,SARIMA+ETS-50:50,30602,1546.27777777778,32026.7416345577,-1424.7416345577,1424.7416345577,2029888.72524215,0.921400834334731,32129.994111103,-1527.99411110305,1527.99411110305,2334766.0035656,0.98817569072162,103.252476545349,304877.27832345,0.066774856386889,mean
2008Q3,2008Q4,1,SARIMA,SARIMA+ETS-50:50,30602,1610.16,32386.8269487241,-1784.8269487241,1784.8269487241,3185607.23689179,1.10847800760428,32643.873940639,-2041.873940639,2041.873940639,4169249.18946064,1.26811865941211,257.0469919149,983641.952568858,0.159640651807833,mean
2008Q3,2009Q1,2,SARIMA,SARIMA+ETS-50:50,29398,1610.16,30839.7606923991,-1441.7606923991,1441.7606923991,2078673.89414713,0.895414550354686,31030.9966112674,-1632.9966112674,1632.9966112674,2666677.93241082,1.01418282112796,191.2359188683,588004.038263681,0.118768270773277,mean
2008Q4,2009Q1,1,SARIMA,SARIMA+ETS-50:50,29398,1674.60357142857,29743.0817131402,-345.0817131402,345.0817131402,119081.388743775,0.206067704039242,29741.7535117938,-343.75351179385,343.75351179385,118166.476870604,0.205274560295247,-1.3282013463504,-914.911873170975,-0.000793143743995084,mean
2008Q4,2009Q2,2,SARIMA,SARIMA+ETS-50:50,29313.2,1674.60357142857,28978.630792191,334.569207809,334.569207809,111936.554813942,0.199790095708195,28903.7183840138,409.481615986198,409.481615986198,167675.193830668,0.244524508948036,74.9124081771988,55738.6390167269,0.0447344132398408,mean
2009Q1,2009Q2,1,SARIMA,SARIMA+ETS-50:50,29313.2,1712.64210526316,28680.2822051008,632.9177948992,632.9177948992,400584.935100066,0.369556367295984,28679.7455759313,633.454424068699,633.454424068699,401264.507372207,0.36986970139413,0.536629169499065,679.572272141464,0.000313334098145712,mean
2009Q1,2009Q3,2,SARIMA,SARIMA+ETS-50:50,30964.9,1712.64210526316,30051.7680920961,913.131907903902,913.131907903902,833809.88123222,0.5331714694493,29933.2985648472,1031.60143515285,1031.60143515285,1064201.52100942,0.602345015331932,118.469527248948,230391.6397772,0.0691735458826316,mean
2009Q2,2009Q3,1,SARIMA,SARIMA+ETS-50:50,30964.9,1749.07413793103,30583.9457025661,380.954297433902,380.954297433902,145126.176733358,0.217803401909842,30473.9195695051,490.980430494899,490.980430494899,241061.783128957,0.280708758906971,110.026133060997,95935.6063955989,0.0629053569971292,mean
2009Q2,2009Q4,2,SARIMA,SARIMA+ETS-50:50,35666.6,1749.07413793103,36189.8689011072,-523.2689011072,523.2689011072,273810.342865936,0.299169080234742,36486.6172795329,-820.017279532905,820.017279532905,672428.338732547,0.468829343336412,296.748378425706,398617.995866611,0.16966026310167,mean
2009Q3,2009Q4,1,SARIMA,SARIMA+ETS-50:50,35666.6,1789.29152542373,36531.7265582739,-865.1265582739,865.1265582739,748443.961830843,0.483502294612962,36955.6222556005,-1289.0222556005,1289.0222556005,1661578.37543339,0.720409300153163,423.895697326596,913134.413602546,0.236907005540202,mean
2009Q3,2010Q1,2,SARIMA,SARIMA+ETS-50:50,36374,1789.29152542373,35124.2071601881,1249.7928398119,1249.7928398119,1561982.14244508,0.698484747764022,35151.917730002,1222.08226999805,1222.08226999805,1493485.07464358,0.682997852856114,-27.7105698138475,-68497.0678015004,-0.0154868949079079,mean
2009Q4,2010Q1,1,SARIMA,SARIMA+ETS-50:50,36374,1843.88,34540.835724636,1833.164275364,1833.164275364,3360491.26047081,0.994188491313967,34373.5483667077,2000.45163329229,2000.45163329229,4001806.73714181,1.08491422071517,167.287357928297,641315.476670998,0.0907257294012066,mean
2009Q4,2010Q2,2,SARIMA,SARIMA+ETS-50:50,36295.4,1843.88,34010.0240214116,2285.3759785884,2285.3759785884,5222943.3635089,1.23943856356618,33530.4607426686,2764.93925733145,2764.93925733145,7644889.09673257,1.49952234274001,479.563278743044,2421945.73322367,0.260083779173831,mean
2010Q1,2010Q2,1,SARIMA,SARIMA+ETS-50:50,36295.4,1928.0131147541,35402.4369023996,892.963097600405,892.963097600405,797383.09367611,0.463151983130724,34936.8130684761,1358.58693152385,1358.58693152385,1845758.4505074,0.704656478281854,465.623833923448,1048375.35683129,0.241504495151131,mean
2010Q1,2010Q3,2,SARIMA,SARIMA+ETS-50:50,38359.1,1928.0131147541,37335.221562077,1023.878437923,1023.878437923,1048327.05564364,0.531053668716141,36711.1041197683,1647.9958802317,1647.9958802317,2715890.42126065,0.854763833098658,624.1174423087,1667563.36561701,0.323710164382518,mean
2010Q2,2010Q3,1,SARIMA,SARIMA+ETS-50:50,38359.1,2009.53225806452,38053.6769545189,305.423045481097,305.423045481097,93283.2367109481,0.15198713245602,37759.6436713974,599.456328602602,599.456328602602,359347.889901711,0.298306397519574,294.033283121506,266064.653190763,0.146319265063554,mean
2010Q2,2010Q4,2,SARIMA,SARIMA+ETS-50:50,43525.2,2009.53225806452,44290.7348803286,-765.534880328603,765.534880328603,586043.652999729,0.380951774850297,45001.6487135873,-1476.44871358731,1476.44871358731,2179900.80385361,0.734722574202092,710.913833258703,1593857.15085388,0.353770799351795,mean
2010Q3,2010Q4,1,SARIMA,SARIMA+ETS-50:50,43525.2,2095.00317460318,44565.2920176815,-1040.09201768151,1040.09201768151,1081791.40524478,0.496463217951215,45591.9682181536,-2066.76821815365,2066.76821815365,4271530.86757002,0.986522714241291,1026.67620047215,3189739.46232523,0.490059496290077,mean
2010Q3,2011Q1,2,SARIMA,SARIMA+ETS-50:50,42921.8,2095.00317460318,43929.2650198103,-1007.4650198103,1007.4650198103,1014985.76614136,0.480889495549869,44248.081549401,-1326.28154940104,1326.28154940104,1759022.74828163,0.633068992676948,318.816529590746,744036.982140268,0.152179497127079,mean
2010Q4,2011Q1,1,SARIMA,SARIMA+ETS-50:50,42921.8,2185.059375,43214.6451331645,-292.845133164497,292.845133164497,85758.2720181322,0.134021590678513,42956.3725482599,-34.57254825985,34.57254825985,1195.26109317966,0.0158222465967773,-258.272584904647,-84563.0109249526,-0.118199344081736,mean
2010Q4,2011Q2,2,SARIMA,SARIMA+ETS-50:50,42910.9,2185.059375,42830.5131314943,80.3868685057023,80.3868685057023,6462.04862815307,0.0367893291255311,42234.6908503146,676.209149685354,676.209149685354,457258.814118189,0.309469462213288,595.822281179651,450796.765490036,0.272680133087757,mean
2011Q1,2011Q2,1,SARIMA,SARIMA+ETS-50:50,42910.9,2252.17846153846,42607.9307353029,302.969264697102,302.969264697102,91790.3753511024,0.134522760905077,42256.226393623,654.673606377,654.673606377,428597.530886668,0.290684604953461,351.704341679899,336807.155535565,0.156161844048384,mean
2011Q1,2011Q3,2,SARIMA,SARIMA+ETS-50:50,44978.1,2252.17846153846,44853.0232773359,125.076722664096,125.076722664096,15644.1865523913,0.0555358843893111,44359.2759078929,618.824092107097,618.824092107097,382943.256972173,0.274766899104603,493.747369443001,367299.070419782,0.219231014715292,mean
2011Q2,2011Q3,1,SARIMA,SARIMA+ETS-50:50,44978.1,2318.28939393939,45102.1753201015,-124.075320101503,124.075320101503,15394.6850582905,0.0535202034853234,44880.1083896874,97.9916103125506,97.9916103125506,9602.35569164678,0.0422689292237311,-26.0837097889525,-5792.3293666437,-0.0112512742615922,mean
2011Q2,2011Q4,2,SARIMA,SARIMA+ETS-50:50,50415,2318.28939393939,51846.836043955,-1431.836043955,1431.836043955,2050154.45676871,0.617626102978426,52936.8540826538,-2521.8540826538,2521.8540826538,6359748.01419764,1.08780814390411,1090.0180386988,4309593.55742893,0.470182040925688,mean
2011Q3,2011Q4,1,SARIMA,SARIMA+ETS-50:50,50415,2382.47910447761,51759.2829403963,-1344.2829403963,1344.2829403963,1807096.62384051,0.564237032706756,53060.8060337799,-2645.80603377985,2645.80603377985,7000289.56838587,1.11052643811539,1301.52309338356,5193192.94454536,0.546289405408629,mean
2011Q3,2012Q1,2,SARIMA,SARIMA+ETS-50:50,49318.8,2382.47910447761,51065.0425543763,-1746.24255437629,1746.24255437629,3049363.05871465,0.732951886585038,51563.5827561881,-2244.78275618805,2244.78275618805,5039049.62247921,0.942204593513212,498.540201811753,1989686.56376456,0.209252706928174,mean
2011Q4,2012Q1,1,SARIMA,SARIMA+ETS-50:50,49318.8,2448.76323529412,50099.6616311028,-780.861631102794,780.861631102794,609744.886928517,0.318880004341867,50296.3774459037,-977.577445903691,977.577445903691,955657.662739584,0.399212725760428,196.715814800897,345912.775811067,0.080332721418561,mean
2011Q4,2012Q2,2,SARIMA,SARIMA+ETS-50:50,48902.8,2448.76323529412,49896.8168573157,-994.016857315699,994.016857315699,988069.512627778,0.40592607851543,49649.5635788898,-746.763578889797,746.763578889797,557655.842756298,0.30495540284445,-247.253278425902,-430413.669871481,-0.10097067567098,mean
2012Q1,2012Q2,1,SARIMA,SARIMA+ETS-50:50,48902.8,2505.98405797101,49305.1768994487,-402.376899448696,402.376899448696,161907.169209946,0.160566424263083,49052.7037685266,-149.903768526594,149.903768526594,22471.1398184747,0.0598183248811107,-252.473130922102,-139436.029391472,-0.100748099381973,mean
2012Q1,2012Q3,2,SARIMA,SARIMA+ETS-50:50,51200.4,2505.98405797101,51790.4219035315,-590.021903531502,590.021903531502,348125.846646937,0.23544519433584,51070.2168779404,130.18312205965,130.18312205965,16947.6452691979,0.0519489027256839,-459.838781471852,-331178.201377739,-0.183496291610156,mean
2012Q2,2012Q3,1,SARIMA,SARIMA+ETS-50:50,51200.4,2555.78285714286,51434.464288184,-234.064288183996,234.064288183996,54786.0910030806,0.0915822279384326,50990.4870197118,209.912980288158,209.912980288158,44063.4592934566,0.0821325566456073,-24.1513078958378,-10722.631709624,-0.00944967129282526,mean
2012Q2,2012Q4,2,SARIMA,SARIMA+ETS-50:50,57744.7,2555.78285714286,58399.3982313174,-654.698231317401,654.698231317401,428629.774090133,0.256163480198508,58190.6130371535,-445.91303715355,445.91303715355,198838.436703503,0.174472191918543,-208.785194163851,-229791.33738663,-0.0816912882799654,mean
2012Q3,2012Q4,1,SARIMA,SARIMA+ETS-50:50,57744.7,2607.42394366197,58211.10718174,-466.407181740004,466.407181740004,217535.659178653,0.178876619919722,58374.146300905,-629.446300905009,629.446300905009,396202.645722999,0.241405430994466,163.039119165005,178666.986544346,0.0625288110747447,mean
2012Q3,2013Q1,2,SARIMA,SARIMA+ETS-50:50,55451,2607.42394366197,57271.9604642949,-1820.9604642949,1820.9604642949,3315897.01252509,0.698375294405508,57275.2507881336,-1824.2507881336,1824.2507881336,3327890.93800606,0.699637200374692,3.29032383870071,11993.9254809655,0.00126190596918418,mean
2012Q4,2013Q1,1,SARIMA,SARIMA+ETS-50:50,55451,2673.01111111111,56934.3554734093,-1483.3554734093,1483.3554734093,2200343.46049332,0.554938012507064,56939.5893201408,-1488.5893201408,1488.5893201408,2215898.16403726,0.55689604654207,5.23384673150576,15554.7035439378,0.00195803403500638,mean
2012Q4,2013Q2,2,SARIMA,SARIMA+ETS-50:50,55313.3,2673.01111111111,56592.5177492441,-1279.2177492441,1279.2177492441,1636398.04998113,0.47856806278383,56193.7838545654,-880.483854565347,880.483854565347,775251.818150252,0.329397753307262,-398.733894678749,-861146.231830881,-0.149170309476568,mean
2013Q1,2013Q2,1,SARIMA,SARIMA+ETS-50:50,55313.3,2720.39726027397,55484.2449093349,-170.944909334896,170.944909334896,29222.1620275157,0.0628382155177145,55258.3083239102,54.991676089805,54.991676089805,3024.08443916603,0.0202145756036627,-115.953233245091,-26198.0775883497,-0.0426236399140518,mean
2013Q1,2013Q3,2,SARIMA,SARIMA+ETS-50:50,58052.7,2720.39726027397,58094.7041902071,-42.0041902071025,42.0041902071025,1764.35199495445,0.0154404618841854,57381.1278923205,671.572107679545,671.572107679545,451009.095813147,0.246865455088685,629.567917472443,449244.743818192,0.2314249932045,mean
2013Q2,2013Q3,1,SARIMA,SARIMA+ETS-50:50,58052.7,2770.26351351351,57968.0675870421,84.6324129579007,84.6324129579007,7162.64532307663,0.0305503113855627,57474.7387735459,577.961226454048,577.961226454048,334039.179284268,0.208630414989303,493.328813496148,326876.533961191,0.17808010360374,mean
2013Q2,2013Q4,2,SARIMA,SARIMA+ETS-50:50,65563,2770.26351351351,65567.1776732995,-4.17767329950584,4.17767329950584,17.452954197404,0.00150804184480173,65092.1286298316,470.871370168396,470.871370168396,221719.847244262,0.169973494532725,466.69369686889,221702.394290065,0.168465452687923,mean
2013Q3,2013Q4,1,SARIMA,SARIMA+ETS-50:50,65563,2824.69066666667,65658.0798143768,-95.0798143768043,95.0798143768043,9040.17110192756,0.0336602572093337,65540.260857828,22.7391421719512,22.7391421719512,517.068586716211,0.00805013534412425,-72.340672204853,-8523.10251521135,-0.0256101218652094,mean
2013Q3,2014Q1,2,SARIMA,SARIMA+ETS-50:50,62081.2,2824.69066666667,64021.0618207358,-1939.8618207358,1939.8618207358,3763063.88354842,0.686751949028448,63833.777633404,-1752.577633404,1752.577633404,3071528.36110796,0.620449401446198,-187.284187331803,-691535.522440459,-0.0663025475822495,mean
2013Q4,2014Q1,1,SARIMA,SARIMA+ETS-50:50,62081.2,2890.39605263158,63959.3240422254,-1878.1240422254,1878.1240422254,3527349.91798509,0.649780863254174,63916.3400541028,-1835.14005410281,1835.14005410281,3367739.01817245,0.63490954896371,-42.9839881225998,-159610.899812648,-0.0148713142904636,mean
2013Q4,2014Q2,2,SARIMA,SARIMA+ETS-50:50,62117.5,2890.39605263158,63686.4189523669,-1568.9189523669,1568.9189523669,2461506.67909604,0.542804143030318,63316.260294134,-1198.76029413395,1198.76029413395,1437026.24279211,0.414739112670228,-370.158658232947,-1024480.43630393,-0.12806503036009,mean
2014Q1,2014Q2,1,SARIMA,SARIMA+ETS-50:50,62117.5,2938.96493506493,62285.5732780957,-168.073278095697,168.073278095697,28248.6268098335,0.0571879154087232,62168.6353515977,-51.1353515976516,51.1353515976516,2614.82418301545,0.0173991023123663,-116.937926498045,-25633.802626818,-0.0397888130963569,mean
2014Q1,2014Q3,2,SARIMA,SARIMA+ETS-50:50,64952.1,2938.96493506493,65190.7469020683,-238.6469020683,238.6469020683,56952.3438667967,0.0812010035305261,64612.469858627,339.630141373047,339.630141373047,115348.632929076,0.115561141040134,100.983239304747,58396.2890622793,0.034360137509608,mean
2014Q2,2014Q3,1,SARIMA,SARIMA+ETS-50:50,64952.1,2988.51923076923,65067.8751019672,-115.7751019672,115.7751019672,13403.8742355155,0.0387399554853792,64641.6945834177,310.405416582296,310.405416582296,96351.5226436289,0.103865959230384,194.630314615097,82947.6484081134,0.0651260037450051,mean
2014Q2,2014Q4,2,SARIMA,SARIMA+ETS-50:50,73243.3,2988.51923076923,73460.7506416148,-217.450641614792,217.450641614792,47284.7815386849,0.0727620017886991,72909.9484743874,333.351525612554,333.351525612554,111123.239628217,0.111544045686716,115.900883997761,63838.4580895322,0.0387820438980174,mean
2014Q3,2014Q4,1,SARIMA,SARIMA+ETS-50:50,73243.3,3038.02405063291,73375.8566639279,-132.556663927899,132.556663927899,17571.2691516939,0.0436325261810495,73168.0864478107,75.2135521893506,75.2135521893506,5657.07843294017,0.0247573919547086,-57.343111738548,-11914.1907187537,-0.0188751342263409,mean
2014Q3,2015Q1,2,SARIMA,SARIMA+ETS-50:50,70715.3,3038.02405063291,70733.6081772841,-18.308177284096,18.308177284096,335.189355465889,0.00602634376126215,70511.8764332174,203.423566782556,203.423566782556,41381.147522537,0.0669591693127567,185.11538949846,41045.9581670711,0.0609328255514946,mean
2014Q4,2015Q1,1,SARIMA,SARIMA+ETS-50:50,70715.3,3096.0525,70643.8878829037,71.4121170963044,71.4121170963044,5099.6904681763,0.0230655381639376,70623.2539030719,92.0460969280539,92.0460969280539,8472.48395968869,0.0297301473176097,20.6339798317495,3372.7934915124,0.00666460915367212,mean
2014Q4,2015Q2,2,SARIMA,SARIMA+ETS-50:50,70861.8,3096.0525,70495.5385291645,366.261470835496,366.261470835496,134147.465018581,0.118299502620029,70187.6166287705,674.18337122949,674.18337122949,454523.218042361,0.21775579426689,307.921900393994,320375.75302378,0.0994562916468614,mean
2015Q1,2015Q2,1,SARIMA,SARIMA+ETS-50:50,70861.8,3164.42345679012,70556.7968875996,305.003112400402,305.003112400402,93026.8985739321,0.0963850497776888,70320.3963831461,541.403616853946,541.403616853946,293117.876342534,0.171090760843723,236.400504453544,200090.977768602,0.0747057110660343,mean
2015Q1,2015Q3,2,SARIMA,SARIMA+ETS-50:50,74502.8,3164.42345679012,73877.4039281695,625.396071830502,625.396071830502,391120.246661023,0.197633496392067,73240.7597613429,1262.04023865711,1262.04023865711,1592745.56398969,0.398821540760944,636.644166826605,1201625.31732867,0.201188044368877,mean
2015Q2,2015Q3,1,SARIMA,SARIMA+ETS-50:50,74502.8,3232.47073170732,74127.3263645968,375.473635403207,375.473635403207,140980.4508829,0.116156855410997,73683.3255826738,819.474417326157,819.474417326157,671538.320652044,0.25351332938236,444.00078192295,530557.869769144,0.137356473971363,mean
2015Q2,2015Q4,2,SARIMA,SARIMA+ETS-50:50,84850.9,3232.47073170732,83557.3153052619,1293.58469473809,1293.58469473809,1673361.36246064,0.40018450346644,83064.5263193391,1786.37368066085,1786.37368066085,3191130.92695779,0.552634139309694,492.788985922758,1517769.56449715,0.152449635843254,mean
2015Q3,2015Q4,1,SARIMA,SARIMA+ETS-50:50,84850.9,3308.59397590361,83889.3693056433,961.530694356697,961.530694356697,924541.276190073,0.290616105016057,83716.3615064083,1134.5384935917,1134.5384935917,1287177.59344131,0.342906534272415,173.007799234998,362636.317251241,0.0522904292563574,mean
2015Q3,2016Q1,2,SARIMA,SARIMA+ETS-50:50,78024.4,3308.59397590361,80994.2385357798,-2969.83853577981,2969.83853577981,8819940.92860277,0.89761347491081,80854.925681012,-2830.52568101202,2830.52568101202,8011875.63086855,0.855507113180599,-139.312854767792,-808065.297734216,-0.0421063617302102,mean
2015Q4,2016Q1,1,SARIMA,SARIMA+ETS-50:50,78024.4,3407.39166666667,81708.9317745325,-3684.5317745325,3684.5317745325,13575774.3975396,1.08133497260588,81672.6840744484,-3648.2840744484,3648.2840744484,13309976.6878738,1.07069701148192,-36.2477000841027,-265797.709665814,-0.0106379611239591,mean
2015Q4,2016Q2,2,SARIMA,SARIMA+ETS-50:50,78113.9,3407.39166666667,81735.8865750659,-3621.98657506591,3621.98657506591,13118786.7499577,1.06297923144514,81571.7750395899,-3457.87503958991,3457.87503958991,11956899.7894189,1.01481584093109,-164.111535475997,-1161886.96053874,-0.0481633905140531,mean
2016Q1,2016Q2,1,SARIMA,SARIMA+ETS-50:50,78113.9,3453.29411764706,78978.2333567008,-864.333356700809,864.333356700809,747072.151505687,0.250292424350386,79230.4149415692,-1116.51494156921,1116.51494156921,1246605.61474731,0.323318809094073,252.181584868405,499533.463241618,0.0730263847436871,mean
2016Q1,2016Q3,2,SARIMA,SARIMA+ETS-50:50,82343.5,3453.29411764706,82542.4620759314,-198.962075931398,198.962075931398,39585.9076589316,0.0576151550239119,82486.013320538,-142.513320537953,142.513320537953,20310.0465307535,0.0412688047072737,-56.448755393445,-19275.8611281781,-0.0163463503166382,mean
2016Q2,2016Q3,1,SARIMA,SARIMA+ETS-50:50,82343.5,3497.46627906977,81876.4694981056,467.030501894405,467.030501894405,218117.48969974,0.133533954191153,81816.6976961723,526.802303827659,526.802303827659,277520.667318129,0.150623983705076,59.7718019332533,59403.1776183886,0.0170900295139231,mean
2016Q2,2016Q4,2,SARIMA,SARIMA+ETS-50:50,93834.2,3497.46627906977,92554.0248754043,1280.1751245957,1280.1751245957,1638848.34963361,0.36602929733927,92107.0345370576,1727.16546294244,1727.16546294244,2983100.53638119,0.493833342519552,446.990338346746,1344252.18674758,0.127804045180282,mean
2016Q3,2016Q4,1,SARIMA,SARIMA+ETS-50:50,93834.2,3547.38850574713,93014.5883973418,819.611602658202,819.611602658202,671763.179211947,0.231046473012569,92617.697898479,1216.50210152099,1216.50210152099,1479877.36300499,0.342928917864546,396.890498862791,808114.183793046,0.111882444851977,mean
2016Q3,2017Q1,2,SARIMA,SARIMA+ETS-50:50,85823.4,3547.38850574713,88104.0902760483,-2280.69027604831,2280.69027604831,5201548.1352613,0.642920918403315,87699.3259789869,-1875.9259789869,1875.9259789869,3519098.27863794,0.528818869415545,-404.764297061411,-1682449.85662336,-0.11410204898777,mean
2016Q4,2017Q1,1,SARIMA,SARIMA+ETS-50:50,85823.4,3609.16022727273,88706.4507778841,-2883.05077788411,2883.05077788411,8311981.78785819,0.798814847869111,88524.0322736946,-2700.63227369462,2700.63227369462,7293414.67772096,0.748271648702988,-182.418504189496,-1018567.11013723,-0.0505431991661233,mean
2016Q4,2017Q2,2,SARIMA,SARIMA+ETS-50:50,86545.3,3609.16022727273,88745.7185257776,-2200.4185257776,2200.4185257776,4841841.68858525,0.609676042961481,88459.4253657316,-1914.12536573164,1914.12536573164,3663875.91573729,0.530352005784474,-286.293160045956,-1177965.77284796,-0.0793240371770068,mean
2017Q1,2017Q2,1,SARIMA,SARIMA+ETS-50:50,86545.3,3656.23707865169,86570.8015292013,-25.5015292012977,25.5015292012977,650.327991604638,0.0069748018667055,86741.6710672324,-196.37106723235,196.37106723235,38561.5960459723,0.0537085158889002,170.869538031053,37911.2680543677,0.0467337140221947,mean
2017Q1,2017Q3,2,SARIMA,SARIMA+ETS-50:50,90809.7,3656.23707865169,90923.7558362383,-114.055836238302,114.055836238302,13008.7337800183,0.0311948688733177,90657.7178725589,151.982127441108,151.982127441108,23098.5670615252,0.0415679082542301,37.9262912028062,10089.8332815069,0.0103730393809124,mean
2017Q2,2017Q3,1,SARIMA,SARIMA+ETS-50:50,90809.7,3709.29444444444,90915.0352117204,-105.335211720405,105.335211720405,11095.5068281825,0.0283976409255323,90628.9920742892,180.707925710754,180.707925710754,32655.3544146835,0.0487176007236114,75.3727139903494,21559.847586501,0.0203199597980792,mean
2017Q2,2017Q4,2,SARIMA,SARIMA+ETS-50:50,103083.2,3709.29444444444,102968.419451306,114.780548693991,114.780548693991,13174.5743584935,0.0309440381218326,102166.582968455,916.617031545495,916.617031545495,840186.782519274,0.247113580567417,801.836482851504,827012.208160781,0.216169542445585,mean
2017Q3,2017Q4,1,SARIMA,SARIMA+ETS-50:50,103083.2,3761.56813186813,102892.240766068,190.959233931993,190.959233931993,36465.4290238938,0.0507658580776938,102373.479722256,709.720277743996,709.720277743996,503702.872641015,0.188676704199832,518.761043812003,467237.443617121,0.137910846122138,mean
2017Q3,2018Q1,2,SARIMA,SARIMA+ETS-50:50,90275.4,3761.56813186813,96091.0073696289,-5815.60736962891,5815.60736962891,33821289.0776821,1.54605929382453,95586.6902538245,-5311.29025382455,5311.29025382455,28209804.1603717,1.41198831647555,-504.317115804355,-5611484.91731039,-0.134070977348985,mean
2017Q4,2018Q1,1,SARIMA,SARIMA+ETS-50:50,90275.4,3821.21413043478,96235.5966671922,-5960.19666719221,5960.19666719221,35523944.3116092,1.55976515938249,96061.5968951121,-5786.19689511211,5786.19689511211,33480074.509005,1.5142299535184,-173.999772080104,-2043869.80260415,-0.0455352058640865,mean
2017Q4,2018Q2,2,SARIMA,SARIMA+ETS-50:50,89742.5,3821.21413043478,96613.57931718,-6871.07931718,6871.07931718,47211730.9829788,1.79814035085184,96347.163113836,-6604.663113836,6604.663113836,43621574.8472658,1.72842004880907,-266.416203344008,-3590156.13571303,-0.0697203020427684,mean
2018Q1,2018Q2,1,SARIMA,SARIMA+ETS-50:50,89742.5,3827.99677419355,92133.0507405541,-2390.5507405541,2390.5507405541,5714732.84316375,0.624491315319282,92589.369663901,-2846.86966390096,2846.86966390096,8104666.88323955,0.743696986134664,456.318923346858,2389934.0400758,0.119205670815381,mean
2018Q1,2018Q3,2,SARIMA,SARIMA+ETS-50:50,94281.4,3827.99677419355,96681.0717403193,-2399.6717403193,2399.6717403193,5758424.46128707,0.626874023639909,96584.1810549256,-2302.78105492561,2302.78105492561,5302800.58692431,0.601562955969507,-96.8906853936933,-455623.874362769,-0.0253110676704019,mean
2018Q2,2018Q3,1,SARIMA,SARIMA+ETS-50:50,94281.4,3821.28617021277,94779.8502726068,-498.450272606802,498.450272606802,248452.674261795,0.130440446070818,94728.1062352032,-446.706235203164,446.706235203164,199546.460569385,0.116899445711571,-51.7440374036378,-48906.2136924106,-0.0135410003592473,mean
2018Q2,2018Q4,2,SARIMA,SARIMA+ETS-50:50,106687.6,3821.28617021277,107294.853211062,-607.253211061994,607.253211061994,368756.462345103,0.158913304058613,106323.940762816,363.659237184504,363.659237184504,132248.040789615,0.0951667111506216,-243.59397387749,-236508.421555488,-0.0637465929079913,mean
2018Q3,2018Q4,1,SARIMA,SARIMA+ETS-50:50,106687.6,3817.60631578947,106879.174242219,-191.574242218994,191.574242218994,36700.6902817819,0.0501817700339217,106075.5161644,612.083835599507,612.083835599507,374646.621802205,0.160331837535985,420.509593380513,337945.931520423,0.110150067502063,mean
2018Q3,2019Q1,2,SARIMA,SARIMA+ETS-50:50,97789.7,3817.60631578947,97043.842740761,745.857259238997,745.857259238997,556303.051159509,0.195373015848743,96110.9469443758,1678.75305562415,1678.75305562415,2818211.82176744,0.439739699895429,932.895796385157,2261908.77060793,0.244366684046686,mean
2018Q4,2019Q1,1,SARIMA,SARIMA+ETS-50:50,97789.7,3815.38541666667,96925.5586250216,864.141374978397,864.141374978397,746740.315949554,0.226488619263361,96484.2952784756,1305.40472152435,1305.40472152435,1704081.48697806,0.342142294674078,441.263346545951,957341.171028506,0.115653675410717,mean
2018Q4,2019Q2,2,SARIMA,SARIMA+ETS-50:50,97420,3815.38541666667,96913.3969808391,506.603019160902,506.603019160902,256646.619022942,0.132778989233412,96387.9117036916,1032.08829630836,1032.08829630836,1065206.25137669,0.270506956335239,525.485277147454,808559.632353745,0.137727967101826,mean
2019Q1,2019Q2,1,SARIMA,SARIMA+ETS-50:50,97420,3853.51855670103,97594.6942449134,-174.694244913393,174.694244913393,30518.0792058606,0.0453336975916752,97310.2727369643,109.727263035704,109.727263035704,12040.0722533065,0.0284745645884837,-64.9669818776892,-18478.006952554,-0.0168591330031915,mean
2019Q1,2019Q3,2,SARIMA,SARIMA+ETS-50:50,101464.5,3853.51855670103,102420.199898861,-955.699898860999,955.699898860999,913362.296682924,0.248007083603917,101867.682166813,-403.182166813494,403.182166813494,162555.859636424,0.104627020963059,-552.517732047505,-750806.4370465,-0.143380062640859,mean
2019Q2,2019Q3,1,SARIMA,SARIMA+ETS-50:50,101464.5,3892.5387755102,102291.753782937,-827.253782936998,827.253782936998,684348.821383573,0.21252293956367,102015.097883553,-550.597883552502,550.597883552502,303158.029372495,0.141449556525056,-276.655899384496,-381190.792011079,-0.0710733830386144,mean
2019Q2,2019Q4,2,SARIMA,SARIMA+ETS-50:50,114974.8,3892.5387755102,115622.185275859,-647.385275858993,647.385275858993,419107.695399024,0.166314406405403,114893.329340622,81.4706593779993,81.4706593779993,6637.46833948598,0.020929954478699,-565.914616480994,-412470.227059538,-0.145384451926704,mean
2019Q3,2019Q4,1,SARIMA,SARIMA+ETS-50:50,114974.8,3925.77676767677,114927.041871009,47.7581289910013,47.7581289910013,2280.83888472112,0.0121652686378457,114555.102132679,419.697867321011,419.697867321011,176146.299833805,0.106908235531024,371.939738330009,173865.460949083,0.0947429668931784,mean
2019Q3,2020Q1,2,SARIMA,SARIMA+ETS-50:50,78579.7,3925.77676767677,104950.908145933,-26371.208145933,26371.208145933,695440619.076123,6.7174497447391,104389.61705664,-25809.9170566395,25809.9170566395,666151818.470611,6.57447394083834,-561.291089293503,-29288800.6055125,-0.142975803900757,mean
2019Q4,2020Q1,1,SARIMA,SARIMA+ETS-50:50,78579.7,3969.391,104993.804662714,-26414.104662714,26414.104662714,697704925.13281,6.65444766280621,104693.67637722,-26113.97637722,26113.97637722,681939762.230004,6.57883699973623,-300.128285494007,-15765162.9028057,-0.0756106630699787,mean
2019Q4,2020Q2,2,SARIMA,SARIMA+ETS-50:50,93676.5,3969.391,104830.029686757,-11153.529686757,11153.529686757,124401224.47337,2.80988435927753,104490.420619264,-10813.9206192635,10813.9206192635,116940879.159732,2.72432738907895,-339.609067493497,-7460345.31363735,-0.0855569701985766,mean
2020Q1,2020Q2,1,SARIMA,SARIMA+ETS-50:50,93676.5,4120.28811881188,84718.923536005,8957.57646399501,8957.57646399501,80238176.1083173,2.17401701184382,86416.8733967174,7259.62660328255,7259.62660328255,52702178.4190878,1.76192207776381,-1697.94986071246,-27535997.6892295,-0.412094934080016,mean
2020Q1,2020Q3,2,SARIMA,SARIMA+ETS-50:50,101067.8,4120.28811881188,86738.2490401432,14329.5509598568,14329.5509598568,205336030.711133,3.47780314061844,87932.81699132,13134.98300868,13134.98300868,172527778.638312,3.18787973799939,-1194.5679511768,-32808252.0728205,-0.289923402619053,mean
2020Q2,2020Q3,1,SARIMA,SARIMA+ETS-50:50,101067.8,4116.59411764706,91140.843444399,9926.95655560101,9926.95655560101,98544466.4567898,2.4114489483056,92206.5806270115,8861.2193729885,8861.2193729885,78521208.7762268,2.15256085971705,-1065.7371826125,-20023257.680563,-0.258888088588547,mean
2020Q2,2020Q4,2,SARIMA,SARIMA+ETS-50:50,118656.6,4116.59411764706,105826.22873191,12830.37126809,12830.37126809,164618426.87703,3.11674430400817,104079.152998526,14577.4470014745,14577.4470014745,212501961.080798,3.5411426496928,1747.0757333845,47883534.2037684,0.424398345684631,mean
2020Q3,2020Q4,1,SARIMA,SARIMA+ETS-50:50,118656.6,4080.4786407767,111505.905104597,7150.69489540301,7150.69489540301,51132437.4871426,1.75241571514314,109104.842028479,9551.75797152051,9551.75797152051,91236080.3465055,2.34084253647812,2401.0630761175,40103642.8593629,0.588426821334976,mean
2020Q3,2021Q1,2,SARIMA,SARIMA+ETS-50:50,105220.8,4080.4786407767,88036.8966069389,17183.9033930611,17183.9033930611,295286535.822057,4.21124698983603,87615.4754041664,17605.3245958336,17605.3245958336,309947454.124664,4.31452438444391,421.421202772501,14660918.3026067,0.103277394607875,mean
2020Q4,2021Q1,1,SARIMA,SARIMA+ETS-50:50,105220.8,4076.64519230769,91734.970020975,13485.829979025,13485.829979025,181867610.223169,3.30807056853309,91858.669163739,13362.130836261,13362.130836261,178546540.485358,3.2777272011492,-123.699142763959,-3321069.73781124,-0.0303433673838893,mean
2020Q4,2021Q2,2,SARIMA,SARIMA+ETS-50:50,106683.5,4076.64519230769,100116.639347991,6566.860652009,6566.860652009,43123658.822904,1.61084920129918,100386.988797538,6296.51120246199,6296.51120246199,39646053.3227293,1.54453255199717,-270.349449547008,-3477605.50017471,-0.0663166493020133,mean
2021Q1,2021Q2,1,SARIMA,SARIMA+ETS-50:50,106683.5,4291.54476190476,109042.423491858,-2358.923491858,2358.923491858,5564520.04043956,0.549667689079636,110033.319130516,-3349.81913051551,3349.81913051551,11221288.2071677,0.780562551799814,990.895638657501,5656768.1667281,0.230894862720179,mean
2021Q1,2021Q3,2,SARIMA,SARIMA+ETS-50:50,106152.9,4291.54476190476,115302.763824493,-9149.863824493,9149.863824493,83720008.0067658,2.1320676661035,116004.426026161,-9851.52602616101,9851.52602616101,97052565.0441277,2.29556641552738,701.662201668005,13332557.037362,0.163498749423874,mean
2021Q2,2021Q3,1,SARIMA,SARIMA+ETS-50:50,106152.9,4373.76603773585,113583.509534956,-7430.60953495601,7430.60953495601,55213958.0609791,1.6989042099752,113699.47049869,-7546.5704986905,7546.5704986905,56950726.2917058,1.72541705102203,115.960963734498,1736768.23072673,0.0265128410468265,mean
2021Q2,2021Q4,2,SARIMA,SARIMA+ETS-50:50,122766,4373.76603773585,129900.791170198,-7134.791170198,7134.791170198,50905245.0423354,1.63126950747723,129271.78922357,-6505.7892235695,6505.7892235695,42325293.4215131,1.48745707187788,-629.001946628501,-8579951.62082233,-0.143812435599348,mean
2021Q3,2021Q4,1,SARIMA,SARIMA+ETS-50:50,122766,4380.41401869159,124105.514020146,-1339.514020146,1339.514020146,1794297.8101677,0.305796213424161,124026.366735558,-1260.3667355575,1260.3667355575,1588524.30809987,0.287727765042165,-79.1472845885,-205773.50206783,-0.0180684483819958,mean
2021Q3,2022Q1,2,SARIMA,SARIMA+ETS-50:50,108659.1,4380.41401869159,105520.093321736,3139.00667826401,3139.00667826401,9853362.92618603,0.716600454858743,105296.890385643,3362.20961435651,3362.20961435651,11304453.4908714,0.767555212819995,223.202936092508,1451090.56468535,0.0509547579612527,mean
2021Q4,2022Q1,1,SARIMA,SARIMA+ETS-50:50,108659.1,4377.90462962963,104788.627113284,3870.472886716,3870.472886716,14980560.3668037,0.884092554351382,104755.125827557,3903.9741724435,3903.9741724435,15241014.3391059,0.891744910572384,33.5012857274996,260453.972302223,0.00765235622100191,mean
2021Q4,2022Q2,2,SARIMA,SARIMA+ETS-50:50,101772.6,4377.90462962963,109525.270820416,-7752.67082041599,7752.67082041599,60103904.8497296,1.77086334132223,109551.022500985,-7778.4225009845,7778.4225009845,60503856.6038219,1.77674553445961,25.7516805685009,399951.754092276,0.00588219313737759,mean
2022Q1,2022Q2,1,SARIMA,SARIMA+ETS-50:50,101772.6,4369.28440366972,112228.748725989,-10456.148725989,10456.148725989,109331046.180001,2.39310325443841,112079.258209742,-10306.658209742,10306.658209742,106227203.452442,2.35888929571294,-149.49051624701,-3103842.72755942,-0.0342139587254735,mean
2022Q1,2022Q3,2,SARIMA,SARIMA+ETS-50:50,109872.9,4369.28440366972,116094.472268969,-6221.572268969,6221.572268969,38707961.4980041,1.42393392010453,115997.557553982,-6124.657553982,6124.657553982,37511430.1535488,1.4017530076179,-96.9147149869968,-1196531.34445526,-0.0221809124866303,mean
2022Q2,2022Q3,1,SARIMA,SARIMA+ETS-50:50,109872.9,4374.20818181818,108810.506062202,1062.393937798,1062.393937798,1128680.87906994,0.242876857625099,109749.938241983,122.961758016987,122.961758016987,15119.5939346281,0.0281106323489791,-939.432179781012,-1113561.28513531,-0.21476622527612,mean
2022Q2,2022Q4,2,SARIMA,SARIMA+ETS-50:50,119427.9,4374.20818181818,124600.423774362,-5172.52377436201,5172.52377436201,26755002.1963402,1.18250516650353,124985.419384287,-5557.51938428701,5557.51938428701,30886021.7067258,1.27052009261639,384.995609924998,4131019.51038563,0.0880149261128607,mean
2022Q3,2022Q4,1,SARIMA,SARIMA+ETS-50:50,119427.9,4368.31441441441,125505.350153076,-6077.450153076,6077.450153076,36935400.3631235,1.39125749122404,125305.944924362,-5878.04492436201,5878.04492436201,34551412.132818,1.34560939683413,-199.405228713993,-2383988.23030555,-0.0456480943899098,mean
2022Q3,2023Q1,2,SARIMA,SARIMA+ETS-50:50,114922.4,4368.31441441441,108594.605073668,6327.79492633199,6327.79492633199,40040988.6297129,1.44856672986994,107808.731747991,7113.668252009,7113.668252009,50604275.9996407,1.62846983461986,785.873325677007,10563287.3699279,0.179903104749926,mean
2022Q4,2023Q1,1,SARIMA,SARIMA+ETS-50:50,114922.4,4359.11607142857,105125.248020514,9797.15197948599,9797.15197948599,95984186.9091463,2.24750885705947,104922.265403661,10000.134596339,10000.134596339,100002691.944896,2.29407394354189,202.982616852998,4018505.03574969,0.0465650864824245,mean
2022Q4,2023Q2,2,SARIMA,SARIMA+ETS-50:50,112665.2,4359.11607142857,105737.622884201,6927.57711579899,6927.57711579899,47991324.6953419,1.58921602505727,105552.437455923,7112.76254407699,7112.76254407699,50591391.0084246,1.63169835983422,185.185428277997,2600066.31308267,0.0424823347769467,mean
2023Q1,2023Q2,1,SARIMA,SARIMA+ETS-50:50,112665.2,4375.96725663717,112144.625742194,520.574257806002,520.574257806002,270997.557890269,0.118962100782731,111380.76228343,1284.4377165695,1284.4377165695,1649780.24774628,0.293520870070807,763.863458763502,1378782.68985601,0.174558769288076,mean
2023Q1,2023Q3,2,SARIMA,SARIMA+ETS-50:50,114519.4,4375.96725663717,117655.914998182,-3136.514998182,3136.514998182,9837726.33382063,0.716759247552583,116716.925243067,-2197.5252430675,2197.5252430675,4829117.19391889,0.502180458442518,-938.989755114497,-5008609.13990174,-0.214578789110065,mean
2023Q2,2023Q3,1,SARIMA,SARIMA+ETS-50:50,114519.4,4433.13070175439,118048.875156476,-3529.47515647601,3529.47515647601,12457194.8801813,0.796158605267207,117535.490561241,-3016.090561241,3016.090561241,9096802.27360704,0.680352275660944,-513.384595235009,-3360392.6065743,-0.115806329606262,mean
2023Q2,2023Q4,2,SARIMA,SARIMA+ETS-50:50,129388.2,4433.13070175439,132597.307388642,-3209.10738864199,3209.10738864199,10298370.2318366,0.723891895939816,132209.587612094,-2821.38761209401,2821.38761209401,7960228.05767755,0.636432309784474,-387.71977654798,-2338142.17415907,-0.087459586155342,mean
2023Q3,2023Q4,1,SARIMA,SARIMA+ETS-50:50,129388.2,4434.98608695652,130034.043423988,-645.843423988001,645.843423988001,417113.728308544,0.145624678708114,130356.143134236,-967.943134236499,967.943134236499,936913.911115577,0.218251673231458,322.099710248498,519800.182807032,0.072626994523344,mean
2023Q3,2024Q1,2,SARIMA,SARIMA+ETS-50:50,120326.8,4434.98608695652,116901.265885505,3425.53411449501,3425.53411449501,11734283.9695691,0.772388920129794,116378.199463357,3948.600536643,3948.600536643,15591446.1979774,0.890329858814214,523.066422147996,3857162.22840832,0.11794093868442,mean
2023Q4,2024Q1,1,SARIMA,SARIMA+ETS-50:50,120326.8,4482.61810344828,116557.810452794,3768.989547206,3768.989547206,14205282.2069481,0.840800947175644,116043.294865106,4283.505134894,4283.505134894,18348416.2406633,0.955581099268504,514.515587688002,4143134.03371519,0.11478015209286,mean
2023Q4,2024Q2,2,SARIMA,SARIMA+ETS-50:50,115642.2,4482.61810344828,116270.997452425,-628.797452425002,628.797452425002,395386.236176173,0.140274597994707,115842.565765461,-200.365765461,200.365765461,40146.4399687723,0.0446983795712749,-428.431686964002,-355239.7962074,-0.0955762184234318,mean
2024Q1,2024Q2,1,SARIMA,SARIMA+ETS-50:50,115642.2,4490.49658119658,118663.244070226,-3021.04407022601,3021.04407022601,9126707.27424773,0.672763917219372,118250.836620571,-2608.6366205715,2608.6366205715,6804985.01818671,0.580923862963142,-412.407449654507,-2321722.25606103,-0.0918400542562295,mean
2024Q1,2024Q3,2,SARIMA,SARIMA+ETS-50:50,117595,4490.49658119658,123087.49185834,-5492.49185834,5492.49185834,30167466.8139312,1.22313685335808,122874.19570963,-5279.19570962951,5279.19570962951,27869907.3405706,1.17563739648205,-213.296148710491,-2297559.47336058,-0.0474994568760263,mean
2024Q2,2024Q3,1,SARIMA,SARIMA+ETS-50:50,117595,4477.67033898305,121082.797729592,-3487.797729592,3487.797729592,12164733.0025471,0.778931333829308,121451.789774463,-3856.7897744635,3856.7897744635,14874827.3644062,0.861338482399183,368.992044871498,2710094.36185909,0.082407148569875,mean
2024Q2,2024Q4,2,SARIMA,SARIMA+ETS-50:50,134330.8,4477.67033898305,135986.880959906,-1656.08095990602,1656.08095990602,2742604.14576323,0.369853257281584,136708.750224977,-2377.95022497652,2377.95022497652,5654647.27246589,0.531068623849739,721.869265070505,2912043.12670266,0.161215366568155,mean
2024Q3,2024Q4,1,SARIMA,SARIMA+ETS-50:50,134330.8,4465.88823529412,133466.744701973,864.055298027,864.055298027,746591.558048529,0.193478934649177,134459.593176286,-128.79317628601,128.79317628601,16587.6822578392,0.0288393191903352,-735.262121740991,-730003.875790689,-0.164639615458842,mean
2024Q3,2025Q1,2,SARIMA,SARIMA+ETS-50:50,124671.1,4465.88823529412,121755.110174132,2915.989825868,2915.989825868,8502996.66456571,0.652947335946028,121393.074015005,3278.02598499451,3278.02598499451,10745454.3582993,0.734014335398751,362.03615912651,2242457.69373354,0.0810669994527229,mean
2024Q4,2025Q1,1,SARIMA,SARIMA+ETS-50:50,124671.1,4469.86083333333,122270.183768883,2400.91623111701,2400.91623111701,5764398.7488411,0.537134447948027,121520.919431549,3150.18056845051,3150.18056845051,9923637.61384317,0.704760323846886,749.264337333501,4159238.86500208,0.167625875898859,mean
2024Q4,2025Q2,2,SARIMA,SARIMA+ETS-50:50,120787.3,4469.86083333333,120348.638211214,438.661788786005,438.661788786005,192424.164940937,0.0981376837316162,119777.026715504,1010.273284496,1010.273284496,1020652.10936633,0.226018957226147,571.611495709993,828227.944425393,0.127881273494531,mean
2025Q1,2025Q2,1,SARIMA,SARIMA+ETS-50:50,120787.3,4468.82314049587,121840.985396605,-1053.685396605,1053.685396605,1110252.91501863,0.235785879968407,121489.624832648,-702.324832647995,702.324832647995,493260.170554034,0.157161026643373,-351.360563957001,-616992.744464595,-0.0786248533250331,mean
2025Q1,2025Q3,2,SARIMA,SARIMA+ETS-50:50,120418.8,4468.82314049587,125414.844982993,-4996.044982993,4996.044982993,24960465.4720895,1.11797778205173,125429.072809554,-5010.27280955449,5010.27280955449,25102833.626161,1.12116157924266,14.2278265614877,142368.154071495,0.0031837971909332,mean
2025Q2,2025Q3,1,SARIMA,SARIMA+ETS-50:50,120418.8,4474.36639344262,124751.754455476,-4332.95445547599,4332.95445547599,18774494.3132293,0.968395092057308,125125.094634866,-4706.29463486599,4706.29463486599,22149209.1901684,1.05183487918273,373.340179389998,3374714.87693915,0.0834397871254227,mean
2025Q2,2025Q4,2,SARIMA,SARIMA+ETS-50:50,135325.2,4474.36639344262,140686.063780825,-5360.86378082499,5360.86378082499,28738860.4765612,1.19812802739659,141422.603355278,-6097.40335527848,6097.40335527848,37178327.6769613,1.36274118369352,736.539574453491,8439467.20040007,0.164613156296928,mean
2025Q3,2025Q4,1,SARIMA,SARIMA+ETS-50:50,135325.2,4460.94715447155,137553.412674297,-2228.21267429698,2228.21267429698,4964931.72189772,0.499493178721805,138665.262872558,-3340.06287255848,3340.06287255848,11156019.9926436,0.748734014750765,1111.8501982615,6191088.2707459,0.24924083602896,mean
2025Q3,2026Q1,2,SARIMA,SARIMA+ETS-50:50,127694.9,4460.94715447155,126574.4254316,1120.47456839999,1120.47456839999,1255463.25843115,0.251174140737546,126131.041621717,1563.858378283,1563.858378283,2445653.02732592,0.350566443432404,443.383809883002,1190189.76889477,0.099392302694858,mean
2025Q4,2026Q1,1,SARIMA,SARIMA+ETS-50:50,127694.9,4432.99112903226,125303.736984065,2391.16301593499,2391.16301593499,5717660.56877531,0.539401714628964,124658.613272261,3036.28672773899,3036.28672773899,9219037.09304394,0.684929574492928,645.123711804001,3501376.52426863,0.145527859863964,mean
2025Q4,2026Q2,2,SARIMA,SARIMA+ETS-50:50,121027.2,4432.99112903226,122595.207208965,-1568.00720896501,1568.00720896501,2458646.60736623,0.353713139350971,121915.516869547,-888.316869546994,888.316869546994,789106.860721771,0.200387693927309,-679.690339418012,-1669539.74664446,-0.153325445423662,mean
2026Q1,2026Q2,1,SARIMA,SARIMA+ETS-50:50,121027.2,4421.7176,124087.341878701,-3060.141878701,3060.141878701,9364468.31777971,0.6920708547061,123539.380043443,-2512.180043443,2512.180043443,6311048.57067329,0.568145745771508,-547.961835258,-3053419.74710642,-0.123925108934591,mean
2004Q3,2005Q1,2,SARIMA,SARIMA-W40,15112.2,905.561538461538,15151.0350186158,-38.8350186157986,38.8350186157986,1508.15867088943,0.042885013294376,15149.8703248974,-37.670324897359,37.670324897359,1419.05337787259,0.0415988569494209,-1.16469371843959,-89.105293016838,-0.00128615634495508,mean
2004Q4,2005Q1,1,SARIMA,SARIMA-W40,15112.2,942.135,15151.2172341438,-39.0172341437992,39.0172341437992,1522.34456023205,0.0414136340798285,15152.699026364,-40.4990263639629,40.4990263639629,1640.17113642896,0.0429864365127746,1.4817922201637,117.826576196912,0.00157280243294613,mean
2004Q4,2005Q2,2,SARIMA,SARIMA-W40,14497.5,942.135,14675.5491556358,-178.049155635799,178.049155635799,31701.5018226211,0.18898475869785,14678.1748808705,-180.674880870492,180.674880870492,32643.4125775666,0.191771753379815,2.62572523469316,941.910754945562,0.00278699468196508,mean
2005Q1,2005Q2,1,SARIMA,SARIMA-W40,14497.5,974.80487804878,14637.2409138441,-139.7409138441,139.7409138441,19527.5230019841,0.143352702669905,14639.1601754809,-141.660175480883,141.660175480883,20067.6053172747,0.14532157016329,1.91926163678363,540.082315290565,0.00196886749338526,mean
2005Q1,2005Q3,2,SARIMA,SARIMA-W40,15470.9,974.80487804878,15533.8773057181,-62.977305718101,62.977305718101,3966.14103551115,0.0646050375170051,15532.1216281396,-61.2216281396159,61.2216281396159,3748.0877520654,0.0628039821283622,-1.75567757848512,-218.05328344575,-0.00180105538864288,mean
2005Q2,2005Q3,1,SARIMA,SARIMA-W40,15470.9,1001.09285714286,15374.3205142459,96.5794857541005,96.5794857541005,9327.59706852649,0.0964740533957463,15377.1810717563,93.7189282437321,93.7189282437321,8783.2375111538,0.0936166186533464,-2.86055751036838,-544.359557372691,-0.00285743474239988,mean
2005Q2,2005Q4,2,SARIMA,SARIMA-W40,22096,1001.09285714286,18038.6711517328,4057.3288482672,4057.3288482672,16461917.3829812,4.05289960798132,18034.708797818,4061.29120218197,4061.29120218197,16494086.2289207,4.05685763633653,3.96235391476876,32168.8459394183,0.00395802835520875,mean
2005Q3,2005Q4,1,SARIMA,SARIMA-W40,22096,1030.86511627907,18156.2449350595,3939.7550649405,3939.7550649405,15521669.9717243,3.82179492032976,18143.0017097936,3952.99829020644,3952.99829020644,15626195.482375,3.83464163039571,13.2432252659382,104525.5106507,0.0128467100659493,mean
2005Q3,2006Q1,2,SARIMA,SARIMA-W40,18440.2,1030.86511627907,17698.6030885056,741.596911494402,741.596911494402,549965.979138036,0.719392769998089,17687.6824672251,752.517532774891,752.517532774891,566282.637133609,0.729986417128091,10.9206212804893,16316.6579955737,0.0105936471300023,mean
2005Q4,2006Q1,1,SARIMA,SARIMA-W40,18440.2,1157.08863636364,21556.4773962867,-3116.2773962867,3116.2773962867,9711184.81060741,2.69320542813398,21560.9826072109,-3120.7826072109,3120.7826072109,9739284.08147007,2.69709900273373,4.5052109242024,28099.2708626632,0.00389357459974793,mean
2005Q4,2006Q2,2,SARIMA,SARIMA-W40,18008,1157.08863636364,20716.564962149,-2708.564962149,2708.564962149,7336324.15418122,2.34084483852607,20726.7751555587,-2718.77515555869,2718.77515555869,7391738.34648318,2.34966887593239,10.21019340969,55414.1923019653,0.00882403740631066,mean
2006Q1,2006Q2,1,SARIMA,SARIMA-W40,18008,1205.33111111111,19079.5501515348,-1071.5501515348,1071.5501515348,1148219.72725425,0.889008955014041,19345.7578564727,-1337.7578564727,1337.7578564727,1789596.08255444,1.10986752448422,266.2077049379,641376.355300182,0.220858569470178,mean
2006Q1,2006Q3,2,SARIMA,SARIMA-W40,18643.2,1205.33111111111,19628.9911218767,-985.7911218767,985.7911218767,971784.135970923,0.81785918640063,19618.0082880231,-974.808288023105,974.808288023105,950251.198398537,0.808747305231753,-10.9828338535954,-21532.9375723867,-0.0091118811688774,mean
2006Q2,2006Q3,1,SARIMA,SARIMA-W40,18643.2,1255.44347826087,19292.2652347276,-649.065234727601,649.065234727601,421285.678931996,0.517000761855669,19272.0469341245,-628.846934124496,628.846934124496,395448.466557779,0.500896253008236,-20.2183006031046,-25837.212374217,-0.0161045088474332,mean
2006Q2,2006Q4,2,SARIMA,SARIMA-W40,21318.6,1255.44347826087,27269.2524013132,-5950.6524013132,5950.6524013132,35410264.0012546,4.73988077070301,27222.2759435837,-5903.67594358373,5903.67594358373,34853389.6468492,4.70246255272433,-46.9764577294736,-556874.354405351,-0.0374182179786775,mean
2006Q3,2006Q4,1,SARIMA,SARIMA-W40,21318.6,1296.22765957447,26654.216908126,-5335.616908126,5335.616908126,28468807.7902801,4.11626527849097,26650.7072078827,-5332.10720788275,5332.10720788275,28431367.2763551,4.11355765208188,-3.50970024325579,-37440.5139249414,-0.00270762640908906,mean
2006Q3,2007Q1,2,SARIMA,SARIMA-W40,21187.8,1296.22765957447,22278.0804367261,-1090.2804367261,1090.2804367261,1188711.43070766,0.841118015552933,22262.5200313864,-1074.72003138642,1074.72003138642,1155023.14586323,0.829113638679209,-15.5604053396783,-33688.2848444241,-0.0120043768737249,mean
2006Q4,2007Q1,1,SARIMA,SARIMA-W40,21187.8,1285.41875,19775.655706822,1412.144293178,1412.144293178,1994151.50475519,1.09858697267175,19824.3771895817,1363.42281041831,1363.42281041831,1858921.75996896,1.06068377360942,-48.7214827596908,-135229.744786233,-0.037903199062322,mean
2006Q4,2007Q2,2,SARIMA,SARIMA-W40,20856,1285.41875,19082.7479827247,1773.2520172753,1773.2520172753,3144422.71677092,1.37951310985257,18888.819269071,1967.18073092902,1967.18073092902,3869800.02813842,1.53038123251977,193.928713653717,725377.3113675,0.150868122667198,mean
2007Q1,2007Q2,1,SARIMA,SARIMA-W40,20856,1315.25918367347,20022.6932273493,833.3067726507,833.3067726507,694400.177345525,0.633568488245263,19704.4328839847,1151.56711601532,1151.56711601532,1326106.82268784,0.875543870219585,318.260343364622,631706.64534232,0.241975381974321,mean
2007Q1,2007Q3,2,SARIMA,SARIMA-W40,21783.2,1315.25918367347,21021.1807945091,762.019205490902,762.019205490902,580673.269536986,0.579368093338539,20653.6194038006,1129.58059619944,1129.58059619944,1275952.32331028,0.858827378072024,367.561390708535,695279.053773291,0.279459284733485,mean
2007Q2,2007Q3,1,SARIMA,SARIMA-W40,21783.2,1345.914,21679.0977237657,104.102276234302,104.102276234302,10837.2839171629,0.0773469004960955,21539.544113189,243.655886810975,243.655886810975,59368.1911776427,0.181033770962316,139.553610576673,48530.9072604798,0.103686870466221,mean
2007Q2,2007Q4,2,SARIMA,SARIMA-W40,25383,1345.914,26473.6039253704,-1090.6039253704,1090.6039253704,1189416.92203333,0.81030728959681,26262.1589620879,-879.158962087866,879.158962087866,772920.480619413,0.65320589732172,-211.444963282534,-416496.441413912,-0.157101392275089,mean
2007Q3,2007Q4,1,SARIMA,SARIMA-W40,25383,1381.09215686275,26558.6027216656,-1175.6027216656,1175.6027216656,1382041.75918757,0.851212365390638,26491.8946608638,-1108.8946608638,1108.8946608638,1229647.36889223,0.802911417137239,-66.7080608018041,-152394.390295333,-0.0483009482533998,mean
2007Q3,2008Q1,2,SARIMA,SARIMA-W40,25555.2,1381.09215686275,24817.4369602545,737.7630397455,737.7630397455,544294.302814519,0.534188132254245,24802.9027170336,752.29728296641,752.29728296641,565951.201958643,0.544711863888437,14.5342432209109,21656.8991441239,0.010523731634192,mean
2007Q4,2008Q1,1,SARIMA,SARIMA-W40,25555.2,1432.69423076923,23958.1013557765,1597.0986442235,1597.0986442235,2550724.07938054,1.11475191979101,24141.843466815,1413.35653318495,1413.35653318495,1997576.68989659,0.986502564769948,-183.742111038548,-553147.389483955,-0.12824935502106,mean
2007Q4,2008Q2,2,SARIMA,SARIMA-W40,25487.5,1432.69423076923,23136.7858166389,2350.7141833611,2350.7141833611,5525857.17185504,1.64076474440675,22972.4050742733,2515.09492572668,2515.09492572668,6325702.48541608,1.75550014211776,164.380742365578,799845.313561041,0.114735397711011,mean
2008Q1,2008Q2,1,SARIMA,SARIMA-W40,25487.5,1488.06603773585,24261.520808598,1225.979191402,1225.979191402,1503024.9777507,0.823874183209889,23874.1427895186,1613.35721048145,1613.35721048145,2602921.48861248,1.08419732025887,387.37801907945,1099896.51086178,0.260323137048985,mean
2008Q1,2008Q3,2,SARIMA,SARIMA-W40,26843,1488.06603773585,25477.5362851564,1365.4637148436,1365.4637148436,1864491.15655449,0.917609622299564,25108.3129569621,1734.68704303788,1734.68704303788,3009139.1372835,1.16573256767373,369.223328194279,1144647.98072902,0.248122945374163,mean
2008Q2,2008Q3,1,SARIMA,SARIMA-W40,26843,1546.27777777778,26458.4737006606,384.526299339399,384.526299339399,147860.474883653,0.248678668778399,26336.0966267849,506.903373215147,506.903373215147,256951.029776895,0.32782167635083,122.377073875748,109090.554893242,0.0791430075724309,mean
2008Q2,2008Q4,2,SARIMA,SARIMA-W40,30602,1546.27777777778,32026.7416345577,-1424.7416345577,1424.7416345577,2029888.72524215,0.921400834334731,31915.9462902212,-1313.94629022117,1313.94629022117,1726454.85358597,0.849747897243595,-110.795344336533,-303433.87165618,-0.0716529370911362,mean
2008Q3,2008Q4,1,SARIMA,SARIMA-W40,30602,1610.16,32386.8269487241,-1784.8269487241,1784.8269487241,3185607.23689179,1.10847800760428,32398.1174316392,-1796.11743163924,1796.11743163924,3226037.82823834,1.11549003306456,11.2904829151375,40430.5913465498,0.00701202546028812,mean
2008Q3,2009Q1,2,SARIMA,SARIMA-W40,29398,1610.16,30839.7606923991,-1441.7606923991,1441.7606923991,2078673.89414713,0.895414550354686,30834.2757011783,-1436.27570117827,1436.27570117827,2062887.88979512,0.892008062042447,-5.48499122083376,-15786.004352012,-0.00340648831223844,mean
2008Q4,2009Q1,1,SARIMA,SARIMA-W40,29398,1674.60357142857,29743.0817131402,-345.0817131402,345.0817131402,119081.388743775,0.206067704039242,29757.9136056597,-359.913605659749,359.913605659749,129537.803539001,0.21492466145448,14.831892519549,10456.414795226,0.00885695741523843,mean
2008Q4,2009Q2,2,SARIMA,SARIMA-W40,29313.2,1674.60357142857,28978.630792191,334.569207809,334.569207809,111936.554813942,0.199790095708195,28650.9218974536,662.278102546406,662.278102546406,438612.285112468,0.395483512543468,327.708894737407,326675.730298527,0.195693416835272,mean
2009Q1,2009Q2,1,SARIMA,SARIMA-W40,29313.2,1712.64210526316,28680.2822051008,632.9177948992,632.9177948992,400584.935100066,0.369556367295984,28299.9377671266,1013.26223287343,1013.26223287343,1026700.35256764,0.591636880676672,380.344437974225,626115.417467573,0.222080513380688,mean
2009Q1,2009Q3,2,SARIMA,SARIMA-W40,30964.9,1712.64210526316,30051.7680920961,913.131907903902,913.131907903902,833809.88123222,0.5331714694493,29616.2883143493,1348.61168565067,1348.61168565067,1818753.47867355,0.787445130250053,435.479777746772,984943.597441332,0.254273660800753,mean
2009Q2,2009Q3,1,SARIMA,SARIMA-W40,30964.9,1749.07413793103,30583.9457025661,380.954297433902,380.954297433902,145126.176733358,0.217803401909842,30444.7685618027,520.131438197273,520.131438197273,270536.713001164,0.297375295259087,139.177140763371,125410.536267806,0.0795718933492455,mean
2009Q2,2009Q4,2,SARIMA,SARIMA-W40,35666.6,1749.07413793103,36189.8689011072,-523.2689011072,523.2689011072,273810.342865936,0.299169080234742,36353.5662595574,-686.966259557441,686.966259557441,471922.641770341,0.392759943480755,163.697358450241,198112.298904405,0.093590863246013,mean
2009Q3,2009Q4,1,SARIMA,SARIMA-W40,35666.6,1789.29152542373,36531.7265582739,-865.1265582739,865.1265582739,748443.961830843,0.483502294612962,36753.996372782,-1087.39637278199,1087.39637278199,1182430.87153944,0.607724541994062,222.269814508094,433986.909708593,0.124222247381101,mean
2009Q3,2010Q1,2,SARIMA,SARIMA-W40,36374,1789.29152542373,35124.2071601881,1249.7928398119,1249.7928398119,1561982.14244508,0.698484747764022,35223.5690022756,1150.43099772437,1150.43099772437,1323491.48052509,0.642953359683481,-99.3618420875282,-238490.661919999,-0.0555313880805409,mean
2009Q4,2010Q1,1,SARIMA,SARIMA-W40,36374,1843.88,34540.835724636,1833.164275364,1833.164275364,3360491.26047081,0.994188491313967,34565.7907194523,1808.20928054766,1808.20928054766,3269620.80225867,0.980654533129952,-24.9549948163403,-90870.4582121344,-0.0135339581840144,mean
2009Q4,2010Q2,2,SARIMA,SARIMA-W40,36295.4,1843.88,34010.0240214116,2285.3759785884,2285.3759785884,5222943.3635089,1.23943856356618,33767.5893268844,2527.81067311561,2527.81067311561,6389826.79911722,1.3709192968716,242.434694527212,1166883.43560832,0.131480733305428,mean
2010Q1,2010Q2,1,SARIMA,SARIMA-W40,36295.4,1928.0131147541,35402.4369023996,892.963097600405,892.963097600405,797383.09367611,0.463151983130724,34953.0183666962,1342.38163330378,1342.38163330378,1801988.44943133,0.696251297790052,449.418535703378,1004605.35575522,0.233099314659329,mean
2010Q1,2010Q3,2,SARIMA,SARIMA-W40,38359.1,1928.0131147541,37335.221562077,1023.878437923,1023.878437923,1048327.05564364,0.531053668716141,36929.4085649426,1429.69143505735,1429.69143505735,2044017.59947634,0.741536156635373,405.812997134351,995690.543832705,0.210482487919232,mean
2010Q2,2010Q3,1,SARIMA,SARIMA-W40,38359.1,2009.53225806452,38053.6769545189,305.423045481097,305.423045481097,93283.2367109481,0.15198713245602,37944.8039408981,414.296059101871,414.296059101871,171641.224587341,0.206165418564069,108.873013620774,78357.9878763928,0.0541782861080494,mean
2010Q2,2010Q4,2,SARIMA,SARIMA-W40,43525.2,2009.53225806452,44290.7348803286,-765.534880328603,765.534880328603,586043.652999729,0.380951774850297,44492.7180492776,-967.518049277613,967.518049277613,936091.175677957,0.481464303643216,201.983168949009,350047.522678228,0.100512528792919,mean
2010Q3,2010Q4,1,SARIMA,SARIMA-W40,43525.2,2095.00317460318,44565.2920176815,-1040.09201768151,1040.09201768151,1081791.40524478,0.496463217951215,44810.7292689356,-1285.52926893564,1285.52926893564,1652585.50129019,0.613616859639905,245.43725125413,570794.096045405,0.117153641688691,mean
2010Q3,2011Q1,2,SARIMA,SARIMA-W40,42921.8,2095.00317460318,43929.2650198103,-1007.4650198103,1007.4650198103,1014985.76614136,0.480889495549869,43891.5478982026,-969.74789820255,969.74789820255,940410.986068262,0.462886123495365,-37.7171216077477,-74574.7800731002,-0.0180033720545038,mean
2010Q4,2011Q1,1,SARIMA,SARIMA-W40,42921.8,2185.059375,43214.6451331645,-292.845133164497,292.845133164497,85758.2720181322,0.134021590678513,43109.2120965532,-187.412096553162,187.412096553162,35123.2939344517,0.0857697958679782,-105.433036611335,-50634.9780836805,-0.0482517948105348,mean
2010Q4,2011Q2,2,SARIMA,SARIMA-W40,42910.9,2185.059375,42830.5131314943,80.3868685057023,80.3868685057023,6462.04862815307,0.0367893291255311,42526.5585064115,384.341493588465,384.341493588465,147718.383693812,0.175895217304319,303.954625082763,141256.335065659,0.139105888178788,mean
2011Q1,2011Q2,1,SARIMA,SARIMA-W40,42910.9,2252.17846153846,42607.9307353029,302.969264697102,302.969264697102,91790.3753511024,0.134522760905077,42336.8623374002,574.037662599803,574.037662599803,329519.238083046,0.25488107288251,271.068397902702,237728.862731943,0.120358311977433,mean
2011Q1,2011Q3,2,SARIMA,SARIMA-W40,44978.1,2252.17846153846,44853.0232773359,125.076722664096,125.076722664096,15644.1865523913,0.0555358843893111,44554.3942265858,423.705773414156,423.705773414156,179526.582424488,0.188131527163582,298.62905075006,163882.395872097,0.132595642774271,mean
2011Q2,2011Q3,1,SARIMA,SARIMA-W40,44978.1,2318.28939393939,45102.1753201015,-124.075320101503,124.075320101503,15394.6850582905,0.0535202034853234,44999.4324058752,-21.3324058751678,21.3324058751678,455.071540422892,0.0092017872880479,-102.742914226335,-14939.6135178676,-0.0443184161972755,mean
2011Q2,2011Q4,2,SARIMA,SARIMA-W40,50415,2318.28939393939,51846.836043955,-1431.836043955,1431.836043955,2050154.45676871,0.617626102978426,52117.728305755,-1702.728305755,1702.728305755,2899283.6832193,0.734476166006873,270.8922618,849129.226450588,0.116850063028448,mean
2011Q3,2011Q4,1,SARIMA,SARIMA-W40,50415,2382.47910447761,51759.2829403963,-1344.2829403963,1344.2829403963,1807096.62384051,0.564237032706756,52110.6002161079,-1695.60021610791,1695.60021610791,2875060.09286519,0.711695734464664,351.317275711612,1067963.46902467,0.147458701757908,mean
2011Q3,2012Q1,2,SARIMA,SARIMA-W40,49318.8,2382.47910447761,51065.0425543763,-1746.24255437629,1746.24255437629,3049363.05871465,0.732951886585038,51153.5847612504,-1834.78476125043,1834.78476125043,3366435.12011681,0.770115783094238,88.5422068741391,317072.061402164,0.0371638965092007,mean
2011Q4,2012Q1,1,SARIMA,SARIMA-W40,49318.8,2448.76323529412,50099.6616311028,-780.861631102794,780.861631102794,609744.886928517,0.318880004341867,50309.2099246336,-990.40992463359,990.40992463359,980911.818812713,0.404453117540632,209.548293530795,371166.931884197,0.0855731131987641,mean
2011Q4,2012Q2,2,SARIMA,SARIMA-W40,48902.8,2448.76323529412,49896.8168573157,-994.016857315699,994.016857315699,988069.512627778,0.40592607851543,49862.5302568595,-959.730256859497,959.730256859497,921082.165931596,0.391924479682996,-34.286600456202,-66987.3466961826,-0.0140015988324342,mean
2012Q1,2012Q2,1,SARIMA,SARIMA-W40,48902.8,2505.98405797101,49305.1768994487,-402.376899448696,402.376899448696,161907.169209946,0.160566424263083,49334.6419548157,-431.84195481574,431.84195481574,186487.47393908,0.172324302479954,29.4650553670435,24580.3047291332,0.0117578782168711,mean
2012Q1,2012Q3,2,SARIMA,SARIMA-W40,51200.4,2505.98405797101,51790.4219035315,-590.021903531502,590.021903531502,348125.846646937,0.23544519433584,51843.1467312643,-642.746731264298,642.746731264298,413123.36055094,0.256484764625639,52.7248277327963,64997.513904003,0.0210395702897988,mean
2012Q2,2012Q3,1,SARIMA,SARIMA-W40,51200.4,2555.78285714286,51434.464288184,-234.064288183996,234.064288183996,54786.0910030806,0.0915822279384326,51429.2061331696,-228.806133169564,228.806133169564,52352.2465760084,0.0895248720094122,-5.2581550144314,-2433.8444270722,-0.00205735592902033,mean
2012Q2,2012Q4,2,SARIMA,SARIMA-W40,57744.7,2555.78285714286,58399.3982313174,-654.698231317401,654.698231317401,428629.774090133,0.256163480198508,58895.591110151,-1150.89111015105,1150.89111015105,1324550.34742471,0.450308642979803,496.192878833644,895920.573334573,0.194145162781295,mean
2012Q3,2012Q4,1,SARIMA,SARIMA-W40,57744.7,2607.42394366197,58211.10718174,-466.407181740004,466.407181740004,217535.659178653,0.178876619919722,58736.0680854686,-991.368085468595,991.368085468595,982810.680885668,0.380209780568433,524.960903728592,765275.021707016,0.201333160648711,mean
2012Q3,2013Q1,2,SARIMA,SARIMA-W40,55451,2607.42394366197,57271.9604642949,-1820.9604642949,1820.9604642949,3315897.01252509,0.698375294405508,57600.6294094921,-2149.62940949211,2149.62940949211,4620906.5981534,0.824426505216902,328.668945197212,1305009.58562831,0.126051210811394,mean
2012Q4,2013Q1,1,SARIMA,SARIMA-W40,55451,2673.01111111111,56934.3554734093,-1483.3554734093,1483.3554734093,2200343.46049332,0.554938012507064,57000.0282837512,-1549.02828375122,1549.02828375122,2399488.62386125,0.579506862995165,65.6728103419227,199145.16336793,0.0245688504881014,mean
2012Q4,2013Q2,2,SARIMA,SARIMA-W40,55313.3,2673.01111111111,56592.5177492441,-1279.2177492441,1279.2177492441,1636398.04998113,0.47856806278383,56481.3299332638,-1168.02993326382,1168.02993326382,1364293.92500028,0.436971596716743,-111.18781598028,-272104.124980857,-0.0415964660670871,mean
2013Q1,2013Q2,1,SARIMA,SARIMA-W40,55313.3,2720.39726027397,55484.2449093349,-170.944909334896,170.944909334896,29222.1620275157,0.0628382155177145,55453.7891290036,-140.489129003603,140.489129003603,19737.195368191,0.0516428725521707,-30.4557803312928,-9484.96665932473,-0.0111953429655438,mean
2013Q1,2013Q3,2,SARIMA,SARIMA-W40,58052.7,2720.39726027397,58094.7041902071,-42.0041902071025,42.0041902071025,1764.35199495445,0.0154404618841854,58077.5530239822,-24.8530239821775,24.8530239821775,617.672801058692,0.0091358068709695,-17.151166224925,-1146.67919389575,-0.00630465501321586,mean
2013Q2,2013Q3,1,SARIMA,SARIMA-W40,58052.7,2770.26351351351,57968.0675870421,84.6324129579007,84.6324129579007,7162.64532307663,0.0305503113855627,57982.2416655246,70.4583344754428,70.4583344754428,4964.37689705337,0.0254338022833362,-14.1740784824578,-2198.26842602326,-0.0051165091022265,mean
2013Q2,2013Q4,2,SARIMA,SARIMA-W40,65563,2770.26351351351,65567.1776732995,-4.17767329950584,4.17767329950584,17.452954197404,0.00150804184480173,66156.1078152727,-593.107815272684,593.107815272684,351776.880537536,0.214097977459353,588.930141973178,351759.427583339,0.212589935614551,mean
2013Q3,2013Q4,1,SARIMA,SARIMA-W40,65563,2824.69066666667,65658.0798143768,-95.0798143768043,95.0798143768043,9040.17110192756,0.0336602572093337,66185.6992208244,-622.699220824376,622.699220824376,387754.319615284,0.220448641747807,527.619406447571,378714.148513357,0.186788384538474,mean
2013Q3,2014Q1,2,SARIMA,SARIMA-W40,62081.2,2824.69066666667,64021.0618207358,-1939.8618207358,1939.8618207358,3763063.88354842,0.686751949028448,64581.0348079732,-2499.83480797322,2499.83480797322,6249174.06715449,0.884994182716366,559.972987237416,2486110.18360607,0.198242233687918,mean
2013Q4,2014Q1,1,SARIMA,SARIMA-W40,62081.2,2890.39605263158,63959.3240422254,-1878.1240422254,1878.1240422254,3527349.91798509,0.649780863254174,64222.5811531535,-2141.3811531535,2141.3811531535,4585513.24308103,0.740860807363707,263.257110928098,1058163.32509593,0.0910799441095327,mean
2013Q4,2014Q2,2,SARIMA,SARIMA-W40,62117.5,2890.39605263158,63686.4189523669,-1568.9189523669,1568.9189523669,2461506.67909604,0.542804143030318,63288.5816356856,-1171.08163568556,1171.08163568556,1371432.19743996,0.405163034532703,-397.83731668134,-1090074.48165608,-0.137641108497614,mean
2014Q1,2014Q2,1,SARIMA,SARIMA-W40,62117.5,2938.96493506493,62285.5732780957,-168.073278095697,168.073278095697,28248.6268098335,0.0571879154087232,62397.5059777943,-280.005977794317,280.005977794317,78403.3476005515,0.0952736708266071,111.93269969862,50154.7207907181,0.038085755417884,mean
2014Q1,2014Q3,2,SARIMA,SARIMA-W40,64952.1,2938.96493506493,65190.7469020683,-238.6469020683,238.6469020683,56952.3438667967,0.0812010035305261,65236.3977537253,-284.297753725303,284.297753725303,80825.2127732529,0.0967339726763436,45.6508516570029,23872.8689064562,0.0155329691458174,mean
2014Q2,2014Q3,1,SARIMA,SARIMA-W40,64952.1,2988.51923076923,65067.8751019672,-115.7751019672,115.7751019672,13403.8742355155,0.0387399554853792,65053.2388436312,-101.138843631234,101.138843631234,10229.0656910631,0.0338424603696463,-14.636258335966,-3174.80854445234,-0.00489749511573284,mean
2014Q2,2014Q4,2,SARIMA,SARIMA-W40,73243.3,2988.51923076923,73460.7506416148,-217.450641614792,217.450641614792,47284.7815386849,0.0727620017886991,75403.9635657071,-2160.6635657071,2160.6635657071,4668467.04417413,0.722988008061423,1943.21292409231,4621182.26263544,0.650226006272724,mean
2014Q3,2014Q4,1,SARIMA,SARIMA-W40,73243.3,3038.02405063291,73375.8566639279,-132.556663927899,132.556663927899,17571.2691516939,0.0436325261810495,73426.9362833739,-183.636283373868,183.636283373868,33722.2845713674,0.0604459610303647,51.079619445969,16151.0154196735,0.0168134348493152,mean
2014Q3,2015Q1,2,SARIMA,SARIMA-W40,70715.3,3038.02405063291,70733.6081772841,-18.308177284096,18.308177284096,335.189355465889,0.00602634376126215,70911.3321934507,-196.032193450694,196.032193450694,38428.6208690902,0.0645262151265242,177.724016166598,38093.4315136243,0.0584998713652621,mean
2014Q4,2015Q1,1,SARIMA,SARIMA-W40,70715.3,3096.0525,70643.8878829037,71.4121170963044,71.4121170963044,5099.6904681763,0.0230655381639376,70354.1546933701,361.145306629944,361.145306629944,130425.932500836,0.1166470228234,289.733189533639,125326.24203266,0.0935814846594621,mean
2014Q4,2015Q2,2,SARIMA,SARIMA-W40,70861.8,3096.0525,70495.5385291645,366.261470835496,366.261470835496,134147.465018581,0.118299502620029,70310.2333361299,551.566663870151,551.566663870151,304225.784692849,0.178151586211846,185.305193034656,170078.319674268,0.0598520835918175,mean
2015Q1,2015Q2,1,SARIMA,SARIMA-W40,70861.8,3164.42345679012,70556.7968875996,305.003112400402,305.003112400402,93026.8985739321,0.0963850497776888,70590.5608775036,271.239122496423,271.239122496423,73570.6615726296,0.0857151788312044,-33.7639899039787,-19456.2370013025,-0.0106698709464844,mean
2015Q1,2015Q3,2,SARIMA,SARIMA-W40,74502.8,3164.42345679012,73877.4039281695,625.396071830502,625.396071830502,391120.246661023,0.197633496392067,73869.4732061748,633.326793825196,633.326793825196,401102.827776902,0.200139710273675,7.93072199469316,9982.58111587889,0.00250621388160793,mean
2015Q2,2015Q3,1,SARIMA,SARIMA-W40,74502.8,3232.47073170732,74127.3263645968,375.473635403207,375.473635403207,140980.4508829,0.116156855410997,73945.4830887764,557.316911223621,557.316911223621,310602.139535837,0.172412051795828,181.843275820414,169621.688652937,0.0562551963848312,mean
2015Q2,2015Q4,2,SARIMA,SARIMA-W40,84850.9,3232.47073170732,83557.3153052619,1293.58469473809,1293.58469473809,1673361.36246064,0.40018450346644,83192.986672221,1657.91332777898,1657.91332777898,2748676.60242717,0.512893531105016,364.328633040888,1075315.23996653,0.112709027638576,mean
2015Q3,2015Q4,1,SARIMA,SARIMA-W40,84850.9,3308.59397590361,83889.3693056433,961.530694356697,961.530694356697,924541.276190073,0.290616105016057,84252.4288163846,598.471183615431,598.471183615431,358167.757618055,0.180883840076503,-363.059510741266,-566373.518572018,-0.109732264939554,mean
2015Q3,2016Q1,2,SARIMA,SARIMA-W40,78024.4,3308.59397590361,80994.2385357798,-2969.83853577981,2969.83853577981,8819940.92860277,0.89761347491081,81425.6008173096,-3401.20081730964,3401.20081730964,11568166.9996678,1.02798978722699,431.362281529829,2748226.07106499,0.130376312316177,mean
2015Q4,2016Q1,1,SARIMA,SARIMA-W40,78024.4,3407.39166666667,81708.9317745325,-3684.5317745325,3684.5317745325,13575774.3975396,1.08133497260588,81907.2344554154,-3882.83445541542,3882.83445541542,15076403.4081611,1.13953276736568,198.302680882916,1500629.01062152,0.0581977947597991,mean
2015Q4,2016Q2,2,SARIMA,SARIMA-W40,78113.9,3407.39166666667,81735.8865750659,-3621.98657506591,3621.98657506591,13118786.7499577,1.06297923144514,82014.0619961674,-3900.16199616742,3900.16199616742,15211263.5963486,1.1446180473825,278.175421101507,2092476.84639093,0.0816388159373636,mean
2016Q1,2016Q2,1,SARIMA,SARIMA-W40,78113.9,3453.29411764706,78978.2333567008,-864.333356700809,864.333356700809,747072.151505687,0.250292424350386,77500.394007688,613.505992312013,613.505992312013,376389.602602748,0.177658192847481,-250.827364388795,-370682.548902939,-0.0726342315029045,mean
2016Q1,2016Q3,2,SARIMA,SARIMA-W40,82343.5,3453.29411764706,82542.4620759314,-198.962075931398,198.962075931398,39585.9076589316,0.0576151550239119,81205.5608137767,1137.93918622326,1137.93918622326,1294905.59154245,0.32952281139569,938.97711029186,1255319.68388352,0.271907656371778,mean
2016Q2,2016Q3,1,SARIMA,SARIMA-W40,82343.5,3497.46627906977,81876.4694981056,467.030501894405,467.030501894405,218117.48969974,0.133533954191153,81955.674587251,387.825412749036,387.825412749036,150408.55077396,0.1108875345189,-79.2050891453691,-67708.9389257799,-0.0226464196722536,mean
2016Q2,2016Q4,2,SARIMA,SARIMA-W40,93834.2,3497.46627906977,92554.0248754043,1280.1751245957,1280.1751245957,1638848.34963361,0.36602929733927,92814.6393762599,1019.56062374014,1019.56062374014,1039503.86548138,0.291514068296124,-260.614500855561,-599344.484152235,-0.0745152290431454,mean
2016Q3,2016Q4,1,SARIMA,SARIMA-W40,93834.2,3547.38850574713,93014.5883973418,819.611602658202,819.611602658202,671763.179211947,0.231046473012569,93225.751475974,608.448524025953,608.448524025953,370209.60638936,0.171520126154833,-211.163078632249,-301553.572822586,-0.059526346857736,mean
2016Q3,2017Q1,2,SARIMA,SARIMA-W40,85823.4,3547.38850574713,88104.0902760483,-2280.69027604831,2280.69027604831,5201548.1352613,0.642920918403315,87371.1541242498,-1547.75412424986,1547.75412424986,2395542.82913244,0.436308039489426,-732.936151798451,-2806005.30612886,-0.206612878913888,mean
2016Q4,2017Q1,1,SARIMA,SARIMA-W40,85823.4,3609.16022727273,88706.4507778841,-2883.05077788411,2883.05077788411,8311981.78785819,0.798814847869111,88625.075139187,-2801.67513918698,2801.67513918698,7849383.58553836,0.776267874730535,-81.3756386971363,-462598.202319823,-0.0225469731385763,mean
2016Q4,2017Q2,2,SARIMA,SARIMA-W40,86545.3,3609.16022727273,88745.7185257776,-2200.4185257776,2200.4185257776,4841841.68858525,0.609676042961481,88678.4050325052,-2133.10503250515,2133.10503250515,4550137.07969879,0.591025307323924,-67.3134932724497,-291704.608886467,-0.0186507356375573,mean
2017Q1,2017Q2,1,SARIMA,SARIMA-W40,86545.3,3656.23707865169,86570.8015292013,-25.5015292012977,25.5015292012977,650.327991604638,0.0069748018667055,85707.7087212013,837.591278798689,837.591278798689,701559.150319623,0.22908560379995,812.089749597391,700908.822328018,0.222110801933245,mean
2017Q1,2017Q3,2,SARIMA,SARIMA-W40,90809.7,3656.23707865169,90923.7558362383,-114.055836238302,114.055836238302,13008.7337800183,0.0311948688733177,90153.3286626029,656.371337397097,656.371337397097,430823.332556453,0.179521000218932,542.315501158795,417814.598776435,0.148326131345614,mean
2017Q2,2017Q3,1,SARIMA,SARIMA-W40,90809.7,3709.29444444444,90915.0352117204,-105.335211720405,105.335211720405,11095.5068281825,0.0283976409255323,91122.8015601657,-313.101560165684,313.101560165684,98032.5869781852,0.0844100043431786,207.766348445279,86937.0801500027,0.0560123634176464,mean
2017Q2,2017Q4,2,SARIMA,SARIMA-W40,103083.2,3709.29444444444,102968.419451306,114.780548693991,114.780548693991,13174.5743584935,0.0309440381218326,103510.469319186,-427.269319186482,427.269319186482,182559.07111808,0.115188838628441,312.488770492491,169384.496759586,0.084244800506608,mean
2017Q3,2017Q4,1,SARIMA,SARIMA-W40,103083.2,3761.56813186813,102892.240766068,190.959233931993,190.959233931993,36465.4290238938,0.0507658580776938,103128.932437461,-45.7324374608434,45.7324374608434,2091.45583610995,0.0121578118108234,-145.22679647115,-34373.9731877838,-0.0386080462668704,mean
2017Q3,2018Q1,2,SARIMA,SARIMA-W40,90275.4,3761.56813186813,96091.0073696289,-5815.60736962891,5815.60736962891,33821289.0776821,1.54605929382453,95302.4704637081,-5027.07046370814,5027.07046370814,25271437.4470867,1.33642945906486,-788.536905920773,-8549851.63059535,-0.209629834759675,mean
2017Q4,2018Q1,1,SARIMA,SARIMA-W40,90275.4,3821.21413043478,96235.5966671922,-5960.19666719221,5960.19666719221,35523944.3116092,1.55976515938249,95019.5487832072,-4744.14878320723,4744.14878320723,22506947.6772066,1.24152916357698,-1216.04788398498,-13016996.6344025,-0.318235995805506,mean
2017Q4,2018Q2,2,SARIMA,SARIMA-W40,89742.5,3821.21413043478,96613.57931718,-6871.07931718,6871.07931718,47211730.9829788,1.79814035085184,95595.5162869561,-5853.01628695607,5853.01628695607,34257799.6553731,1.53171638310939,-1018.06303022393,-12953931.3276058,-0.266423967742445,mean
2018Q1,2018Q2,1,SARIMA,SARIMA-W40,89742.5,3827.99677419355,92133.0507405541,-2390.5507405541,2390.5507405541,5714732.84316375,0.624491315319282,90675.6806546692,-933.180654669181,933.180654669181,870826.1342488,0.243777805916719,-1457.37008588492,-4843906.70891495,-0.380713509402563,mean
2018Q1,2018Q3,2,SARIMA,SARIMA-W40,94281.4,3827.99677419355,96681.0717403193,-2399.6717403193,2399.6717403193,5758424.46128707,0.626874023639909,95150.5977818551,-869.197781855124,869.197781855124,755504.783981868,0.227063352747532,-1530.47395846418,-5002919.67730521,-0.399810670892377,mean
2018Q2,2018Q3,1,SARIMA,SARIMA-W40,94281.4,3821.28617021277,94779.8502726068,-498.450272606802,498.450272606802,248452.674261795,0.130440446070818,94102.6714660751,178.728533924877,178.728533924877,31943.8888389361,0.0467718265431363,-319.721738681925,-216508.785422859,-0.0836686195276819,mean
2018Q2,2018Q4,2,SARIMA,SARIMA-W40,106687.6,3821.28617021277,107294.853211062,-607.253211061994,607.253211061994,368756.462345103,0.158913304058613,106682.82631479,4.77368521039898,4.77368521039898,22.788070487982,0.00124923520452622,-602.479525851595,-368733.674274615,-0.157664068854087,mean
2018Q3,2018Q4,1,SARIMA,SARIMA-W40,106687.6,3817.60631578947,106879.174242219,-191.574242218994,191.574242218994,36700.6902817819,0.0501817700339217,106870.552980843,-182.952980842616,182.952980842616,33471.7931991986,0.0479234802409902,-8.62126137637824,-3228.89708258326,-0.00225828979293152,mean
2018Q3,2019Q1,2,SARIMA,SARIMA-W40,97789.7,3817.60631578947,97043.842740761,745.857259238997,745.857259238997,556303.051159509,0.195373015848743,94649.112693544,3140.587306456,3140.587306456,9863288.62947255,0.822658767476011,2394.730047217,9306985.57831305,0.627285751627268,mean
2018Q4,2019Q1,1,SARIMA,SARIMA-W40,97789.7,3815.38541666667,96925.5586250216,864.141374978397,864.141374978397,746740.315949554,0.226488619263361,93687.4366353061,4102.26336469388,4102.26336469388,16828564.7133095,1.07518976897433,3238.12198971548,16081824.39736,0.848701149710972,mean
2018Q4,2019Q2,2,SARIMA,SARIMA-W40,97420,3815.38541666667,96913.3969808391,506.603019160902,506.603019160902,256646.619022942,0.132778989233412,93179.4265496173,4240.57345038268,4240.57345038268,17982463.1880905,1.11144038865868,3733.97043122178,17725816.5690675,0.978661399425273,mean
2019Q1,2019Q2,1,SARIMA,SARIMA-W40,97420,3853.51855670103,97594.6942449134,-174.694244913393,174.694244913393,30518.0792058606,0.0453336975916752,97736.77415704,-316.774157039981,316.774157039981,100345.866568391,0.0822038748169853,142.079912126588,69827.7873625301,0.0368701772253101,mean
2019Q1,2019Q3,2,SARIMA,SARIMA-W40,101464.5,3853.51855670103,102420.199898861,-955.699898860999,955.699898860999,913362.296682924,0.248007083603917,102595.747925299,-1131.24792529884,1131.24792529884,1279721.86849293,0.29356234014539,175.548026437842,366359.571810009,0.045555256541473,mean
2019Q2,2019Q3,1,SARIMA,SARIMA-W40,101464.5,3892.5387755102,102291.753782937,-827.253782936998,827.253782936998,684348.821383573,0.21252293956367,102241.17391958,-776.673919579727,776.673919579727,603222.377355337,0.199528884456116,-50.5798633572704,-81126.4440282366,-0.012994055107554,mean
2019Q2,2019Q4,2,SARIMA,SARIMA-W40,114974.8,3892.5387755102,115622.185275859,-647.385275858993,647.385275858993,419107.695399024,0.166314406405403,115527.821524508,-553.021524508062,553.021524508062,305832.806569221,0.142072194113359,-94.3637513509311,-113274.888829804,-0.024242212292044,mean
2019Q3,2019Q4,1,SARIMA,SARIMA-W40,114974.8,3925.77676767677,114927.041871009,47.7581289910013,47.7581289910013,2280.83888472112,0.0121652686378457,114619.468343605,355.331656395487,355.331656395487,126260.58603676,0.0905124456696421,307.573527404486,123979.747152039,0.0783471770317964,mean
2019Q3,2020Q1,2,SARIMA,SARIMA-W40,78579.7,3925.77676767677,104950.908145933,-26371.208145933,26371.208145933,695440619.076123,6.7174497447391,104575.868768855,-25996.1687688551,25996.1687688551,675800790.658795,6.62191721722356,-375.039377077948,-19639828.4173282,-0.0955325275155401,mean
2019Q4,2020Q1,1,SARIMA,SARIMA-W40,78579.7,3969.391,104993.804662714,-26414.104662714,26414.104662714,697704925.13281,6.65444766280621,104678.54631081,-26098.8463108099,26098.8463108099,681149778.755275,6.57502531517048,-315.258351904122,-16555146.3775351,-0.0794223476357256,mean
2019Q4,2020Q2,2,SARIMA,SARIMA-W40,93676.5,3969.391,104830.029686757,-11153.529686757,11153.529686757,124401224.47337,2.80988435927753,104321.991945069,-10645.491945069,10645.491945069,113326498.752529,2.68189552126989,-508.037741687978,-11074725.7208403,-0.127988838007639,mean
2020Q1,2020Q2,1,SARIMA,SARIMA-W40,93676.5,4120.28811881188,84718.923536005,8957.57646399501,8957.57646399501,80238176.1083173,2.17401701184382,82828.3328811708,10848.1671188292,10848.1671188292,117682729.838047,2.63286615062185,1890.59065483417,37444553.7297293,0.458849138778028,mean
2020Q1,2020Q3,2,SARIMA,SARIMA-W40,101067.8,4120.28811881188,86738.2490401432,14329.5509598568,14329.5509598568,205336030.711133,3.47780314061844,85457.8070896687,15609.9929103313,15609.9929103313,243671878.660592,3.78856828945072,1280.44195047446,38335847.9494592,0.310765148832282,mean
2020Q2,2020Q3,1,SARIMA,SARIMA-W40,101067.8,4116.59411764706,91140.843444399,9926.95655560101,9926.95655560101,98544466.4567898,2.4114489483056,88699.1668311769,12368.6331688231,12368.6331688231,152983086.464912,3.00457922625919,2441.67661322214,54438620.0081223,0.593130277953596,mean
2020Q2,2020Q4,2,SARIMA,SARIMA-W40,118656.6,4116.59411764706,105826.22873191,12830.37126809,12830.37126809,164618426.87703,3.11674430400817,104773.493762883,13883.1062371173,13883.1062371173,192740638.791086,3.37247390448407,1052.73496902733,28122211.9140566,0.255729600475901,mean
2020Q3,2020Q4,1,SARIMA,SARIMA-W40,118656.6,4080.4786407767,111505.905104597,7150.69489540301,7150.69489540301,51132437.4871426,1.75241571514314,110533.689081159,8122.91091884118,8122.91091884118,65981681.7954293,1.99067600493432,972.216023438174,14849244.3082867,0.238260289791179,mean
2020Q3,2021Q1,2,SARIMA,SARIMA-W40,105220.8,4080.4786407767,88036.8966069389,17183.9033930611,17183.9033930611,295286535.822057,4.21124698983603,83878.6305362997,21342.1694637003,21342.1694637003,455488197.4173,5.23031029997939,4158.26607063916,160201661.595243,1.01906331014335,mean
2020Q4,2021Q1,1,SARIMA,SARIMA-W40,105220.8,4076.64519230769,91734.970020975,13485.829979025,13485.829979025,181867610.223169,3.30807056853309,86417.3738961217,18803.4261038783,18803.4261038783,353568833.244011,4.61247550789038,5317.59612485327,171701223.020841,1.30440493935728,mean
2020Q4,2021Q2,2,SARIMA,SARIMA-W40,106683.5,4076.64519230769,100116.639347991,6566.860652009,6566.860652009,43123658.822904,1.61084920129918,96990.8552026411,9692.64479735885,9692.64479735885,93947363.1677676,2.37760323504437,3125.78414534985,50823704.3448636,0.766754033745189,mean
2021Q1,2021Q2,1,SARIMA,SARIMA-W40,106683.5,4291.54476190476,109042.423491858,-2358.923491858,2358.923491858,5564520.04043956,0.549667689079636,107137.441193341,-453.941193341379,453.941193341379,206062.607012196,0.105775709802897,-1904.98229851662,-5358457.43342736,-0.443891979276739,mean
2021Q1,2021Q3,2,SARIMA,SARIMA-W40,106152.9,4291.54476190476,115302.763824493,-9149.863824493,9149.863824493,83720008.0067658,2.1320676661035,112964.187002732,-6811.28700273184,6811.28700273184,46393630.6335837,1.58714108336801,-2338.57682176116,-37326377.373182,-0.544926582735492,mean
2021Q2,2021Q3,1,SARIMA,SARIMA-W40,106152.9,4373.76603773585,113583.509534956,-7430.60953495601,7430.60953495601,55213958.0609791,1.6989042099752,112700.146331258,-6547.24633125802,6547.24633125802,42866434.5221716,1.49693565562718,-883.363203697983,-12347523.5388075,-0.201968554348021,mean
2021Q2,2021Q4,2,SARIMA,SARIMA-W40,122766,4373.76603773585,129900.791170198,-7134.791170198,7134.791170198,50905245.0423354,1.63126950747723,128051.395454611,-5285.39545461116,5285.39545461116,27935405.1116243,1.20843122586119,-1849.39571558684,-22969839.9307111,-0.422838281616044,mean
2021Q3,2021Q4,1,SARIMA,SARIMA-W40,122766,4380.41401869159,124105.514020146,-1339.514020146,1339.514020146,1794297.8101677,0.305796213424161,123980.336454451,-1214.33645445063,1214.33645445063,1474613.02460773,0.277219561728403,-125.177565695369,-319684.785559969,-0.0285766516957588,mean
2021Q3,2022Q1,2,SARIMA,SARIMA-W40,108659.1,4380.41401869159,105520.093321736,3139.00667826401,3139.00667826401,9853362.92618603,0.716600454858743,106384.141477147,2274.95852285333,2274.95852285333,5175436.28070298,0.519347831767931,-864.048155410681,-4677926.64548305,-0.197252623090812,mean
2021Q4,2022Q1,1,SARIMA,SARIMA-W40,108659.1,4377.90462962963,104788.627113284,3870.472886716,3870.472886716,14980560.3668037,0.884092554351382,106104.364015492,2554.73598450802,2554.73598450802,6526675.95054017,0.583552224326127,-1315.73690220798,-8453884.41626353,-0.300540330025255,mean
2021Q4,2022Q2,2,SARIMA,SARIMA-W40,101772.6,4377.90462962963,109525.270820416,-7752.67082041599,7752.67082041599,60103904.8497296,1.77086334132223,110433.682700296,-8661.08270029591,8661.08270029591,75014353.5413651,1.97836258050889,908.411879879917,14910448.6916355,0.207499239186663,mean
2022Q1,2022Q2,1,SARIMA,SARIMA-W40,101772.6,4369.28440366972,112228.748725989,-10456.148725989,10456.148725989,109331046.180001,2.39310325443841,111722.311124835,-9949.71112483459,9949.71112483459,98996751.4676572,2.27719466292419,-506.437601154408,-10334294.7123441,-0.115908591514221,mean
2022Q1,2022Q3,2,SARIMA,SARIMA-W40,109872.9,4369.28440366972,116094.472268969,-6221.572268969,6221.572268969,38707961.4980041,1.42393392010453,116694.093312744,-6821.19331274419,6821.19331274419,46528678.209826,1.5611694461947,599.621043775187,7820716.71182194,0.13723552609017,mean
2022Q2,2022Q3,1,SARIMA,SARIMA-W40,109872.9,4374.20818181818,108810.506062202,1062.393937798,1062.393937798,1128680.87906994,0.242876857625099,110404.695173796,-531.795173795923,531.795173795923,282806.106872636,0.121575186111713,-530.598764002076,-845874.772197302,-0.121301671513386,mean
2022Q2,2022Q4,2,SARIMA,SARIMA-W40,119427.9,4374.20818181818,124600.423774362,-5172.52377436201,5172.52377436201,26755002.1963402,1.18250516650353,125528.239979334,-6100.33997933433,6100.33997933433,37214147.8634647,1.3946158312014,927.816204972318,10459145.6671245,0.212110664697871,mean
2022Q3,2022Q4,1,SARIMA,SARIMA-W40,119427.9,4368.31441441441,125505.350153076,-6077.450153076,6077.450153076,36935400.3631235,1.39125749122404,125234.224202294,-5806.3242022936,5806.3242022936,33713400.7421404,1.32919099942397,-271.1259507824,-3221999.62098309,-0.0620664918000746,mean
2022Q3,2023Q1,2,SARIMA,SARIMA-W40,114922.4,4368.31441441441,108594.605073668,6327.79492633199,6327.79492633199,40040988.6297129,1.44856672986994,109261.488196423,5660.91180357747,5660.91180357747,32045922.4478828,1.2959030112159,-666.883122754516,-7995066.18183011,-0.152663718654032,mean
2022Q4,2023Q1,1,SARIMA,SARIMA-W40,114922.4,4359.11607142857,105125.248020514,9797.15197948599,9797.15197948599,95984186.9091463,2.24750885705947,106829.847576645,8092.55242335504,8092.55242335504,65489404.7247495,1.85646637775877,-1704.59955613095,-30494782.1843968,-0.3910424793007,mean
2022Q4,2023Q2,2,SARIMA,SARIMA-W40,112665.2,4359.11607142857,105737.622884201,6927.57711579899,6927.57711579899,47991324.6953419,1.58921602505727,107895.766250973,4769.43374902732,4769.43374902732,22747498.2863608,1.09412864233833,-2158.14336677168,-25243826.4089812,-0.495087382718949,mean
2023Q1,2023Q2,1,SARIMA,SARIMA-W40,112665.2,4375.96725663717,112144.625742194,520.574257806002,520.574257806002,270997.557890269,0.118962100782731,112454.072842554,211.127157446317,211.127157446317,44574.676611362,0.0482469691988883,-309.447100359685,-226422.881278908,-0.0707151315838427,mean
2023Q1,2023Q3,2,SARIMA,SARIMA-W40,114519.4,4375.96725663717,117655.914998182,-3136.514998182,3136.514998182,9837726.33382063,0.716759247552583,117683.500379983,-3164.10037998254,3164.10037998254,10011531.2146057,0.723063083980678,27.5853818005417,173804.880785033,0.00630383642809529,mean
2023Q2,2023Q3,1,SARIMA,SARIMA-W40,114519.4,4433.13070175439,118048.875156476,-3529.47515647601,3529.47515647601,12457194.8801813,0.796158605267207,117779.928770975,-3260.5287709752,3260.5287709752,10631047.8663571,0.735491234148558,-268.946385500807,-1826147.01382429,-0.0606673711186483,mean
2023Q2,2023Q4,2,SARIMA,SARIMA-W40,129388.2,4433.13070175439,132597.307388642,-3209.10738864199,3209.10738864199,10298370.2318366,0.723891895939816,132291.774000409,-2903.57400040915,2903.57400040915,8430741.97585199,0.654971440219453,-305.533388232841,-1867628.25598462,-0.0689204557203622,mean
2023Q3,2023Q4,1,SARIMA,SARIMA-W40,129388.2,4434.98608695652,130034.043423988,-645.843423988001,645.843423988001,417113.728308544,0.145624678708114,130378.563939481,-990.363939480667,990.363939480667,980820.732623666,0.223307113046728,344.520515492666,563707.004315122,0.0776824343386139,mean
2023Q3,2024Q1,2,SARIMA,SARIMA-W40,120326.8,4434.98608695652,116901.265885505,3425.53411449501,3425.53411449501,11734283.9695691,0.772388920129794,116857.246598149,3469.55340185118,3469.55340185118,12037800.8082971,0.782314382463405,44.0192873561755,303516.838728022,0.00992546233361091,mean
2023Q4,2024Q1,1,SARIMA,SARIMA-W40,120326.8,4482.61810344828,116557.810452794,3768.989547206,3768.989547206,14205282.2069481,0.840800947175644,116388.565080858,3938.23491914169,3938.23491914169,15509694.2783469,0.878556867494953,169.245371935685,1304412.07139883,0.037755920319309,mean
2023Q4,2024Q2,2,SARIMA,SARIMA-W40,115642.2,4482.61810344828,116270.997452425,-628.797452425002,628.797452425002,395386.236176173,0.140274597994707,117571.52693517,-1929.32693517031,1929.32693517031,3722302.42277364,0.430401807748503,1300.5294827453,3326916.18659747,0.290127209753796,mean
2024Q1,2024Q2,1,SARIMA,SARIMA-W40,115642.2,4490.49658119658,118663.244070226,-3021.04407022601,3021.04407022601,9126707.27424773,0.672763917219372,119466.669695229,-3824.4696952292,3824.4696952292,14626568.4497265,0.851680794334353,803.42562500319,5499861.17547879,0.178916877114981,mean
2024Q1,2024Q3,2,SARIMA,SARIMA-W40,117595,4490.49658119658,123087.49185834,-5492.49185834,5492.49185834,30167466.8139312,1.22313685335808,124680.557701053,-7085.55770105326,7085.55770105326,50205127.9349551,1.57790070049784,1593.06584271326,20037661.1210239,0.354763847139764,mean
2024Q2,2024Q3,1,SARIMA,SARIMA-W40,117595,4477.67033898305,121082.797729592,-3487.797729592,3487.797729592,12164733.0025471,0.778931333829308,122656.715311308,-5061.71531130752,5061.71531130752,25620961.892725,1.13043500930377,1573.91758171552,13456228.8901779,0.351503675474461,mean
2024Q2,2024Q4,2,SARIMA,SARIMA-W40,134330.8,4477.67033898305,135986.880959906,-1656.08095990602,1656.08095990602,2742604.14576323,0.369853257281584,138354.670493638,-4023.87049363792,4023.87049363792,16191533.7495699,0.898652689682333,2367.78953373191,13448929.6038067,0.528799432400749,mean
2024Q3,2024Q4,1,SARIMA,SARIMA-W40,134330.8,4465.88823529412,133466.744701973,864.055298027,864.055298027,746591.558048529,0.193478934649177,135304.340518122,-973.540518121794,973.540518121794,947781.140424851,0.21799482361154,109.485220094793,201189.582376322,0.0245158889623629,mean
2024Q3,2025Q1,2,SARIMA,SARIMA-W40,124671.1,4465.88823529412,121755.110174132,2915.989825868,2915.989825868,8502996.66456571,0.652947335946028,121503.227349326,3167.87265067433,3167.87265067433,10035417.1308904,0.709348842552414,251.882824806322,1532420.46632467,0.0564015066063858,mean
2024Q4,2025Q1,1,SARIMA,SARIMA-W40,124671.1,4469.86083333333,122270.183768883,2400.91623111701,2400.91623111701,5764398.7488411,0.537134447948027,120458.760023134,4212.33997686567,4212.33997686567,17743808.0807007,0.942387276456743,1811.42374574866,11979409.3318596,0.405252828508716,mean
2024Q4,2025Q2,2,SARIMA,SARIMA-W40,120787.3,4469.86083333333,120348.638211214,438.661788786005,438.661788786005,192424.164940937,0.0981376837316162,121183.184780632,-395.884780631837,395.884780631837,156724.759535918,0.0885675852992077,-42.7770081541676,-35699.4054050196,-0.00957009843240852,mean
2025Q1,2025Q2,1,SARIMA,SARIMA-W40,120787.3,4468.82314049587,121840.985396605,-1053.685396605,1053.685396605,1110252.91501863,0.235785879968407,122545.930788484,-1758.63078848404,1758.63078848404,3092782.25020398,0.393533315862864,704.945391879039,1982529.33518535,0.157747435894457,mean
2025Q1,2025Q3,2,SARIMA,SARIMA-W40,120418.8,4468.82314049587,125414.844982993,-4996.044982993,4996.044982993,24960465.4720895,1.11797778205173,127558.434625016,-7139.63462501617,7139.63462501617,50974382.5787298,1.59765432655362,2143.58964202317,26013917.1066403,0.479676544501897,mean
2025Q2,2025Q3,1,SARIMA,SARIMA-W40,120418.8,4474.36639344262,124751.754455476,-4332.95445547599,4332.95445547599,18774494.3132293,0.968395092057308,126617.658059727,-6198.85805972735,6198.85805972735,38425841.2446468,1.3854158364885,1865.90360425136,19651346.9314175,0.417020744431195,mean
2025Q2,2025Q4,2,SARIMA,SARIMA-W40,135325.2,4474.36639344262,140686.063780825,-5360.86378082499,5360.86378082499,28738860.4765612,1.19812802739659,143053.384631381,-7728.18463138142,7728.18463138142,59724837.6967199,1.72721318547078,2367.32085055643,30985977.2201587,0.529085158074188,mean
2025Q3,2025Q4,1,SARIMA,SARIMA-W40,135325.2,4460.94715447155,137553.412674297,-2228.21267429698,2228.21267429698,4964931.72189772,0.499493178721805,140713.143412523,-5387.94341252325,5387.94341252325,29029934.2165527,1.20780256433267,3159.73073822627,24065002.494655,0.708309385610862,mean
2025Q3,2026Q1,2,SARIMA,SARIMA-W40,127694.9,4460.94715447155,126574.4254316,1120.47456839999,1120.47456839999,1255463.25843115,0.251174140737546,125630.731261914,2064.16873808572,2064.16873808572,4260792.57929039,0.462719836529927,943.694169685725,3005329.32085924,0.211545695792381,mean
2025Q4,2026Q1,1,SARIMA,SARIMA-W40,127694.9,4432.99112903226,125303.736984065,2391.16301593499,2391.16301593499,5717660.56877531,0.539401714628964,124638.852472591,3056.04752740859,3056.04752740859,9339426.48978016,0.689387241809288,664.884511473603,3621765.92100486,0.149985527180324,mean
2025Q4,2026Q2,2,SARIMA,SARIMA-W40,121027.2,4432.99112903226,122595.207208965,-1568.00720896501,1568.00720896501,2458646.60736623,0.353713139350971,124443.200332509,-3416.00033250936,3416.00033250936,11669058.271704,0.770585871498255,1847.99312354435,9210411.66433781,0.416872732147284,mean
2026Q1,2026Q2,1,SARIMA,SARIMA-W40,121027.2,4421.7176,124087.341878701,-3060.141878701,3060.141878701,9364468.31777971,0.6920708547061,125011.437299784,-3984.23729978377,3984.23729978377,15874146.8609882,0.901061003937422,924.095421082762,6509678.54320853,0.208990149231322,mean
2004Q3,2005Q1,2,SARIMA,SARIMA-W40,15112.2,905.561538461538,15145.1309883708,-32.9309883707992,32.9309883707992,1084.44999507771,0.036365268369001,15144.2180871633,-32.0180871632674,32.0180871632674,1025.15790559459,0.035357163266522,-0.912901207531831,-59.2920894831257,-0.00100810510247902,median
2004Q4,2005Q1,1,SARIMA,SARIMA-W40,15112.2,942.135,15148.4046310045,-36.2046310044989,36.2046310044989,1310.77530617192,0.0384282836371633,15149.8951140419,-37.6951140418787,37.6951140418787,1420.92162263024,0.0400103106687244,1.49048303737982,110.146316458319,0.0015820270315611,median
2004Q4,2005Q2,2,SARIMA,SARIMA-W40,14497.5,942.135,14669.6470744845,-172.147074484499,172.147074484499,29634.6152535717,0.182720177558948,14672.4956304945,-174.995630494504,174.995630494504,30623.4706921691,0.185743689062082,2.84855601000527,988.855438597428,0.00302351150313412,median
2005Q1,2005Q2,1,SARIMA,SARIMA-W40,14497.5,974.80487804878,14634.5702938137,-137.0702938137,137.0702938137,18788.2654461741,0.140613056931011,14636.50035089,-139.000350889964,139.000350889964,19321.0975475332,0.142592998886295,1.93005707626435,532.832101359167,0.00197994195528406,median
2005Q1,2005Q3,2,SARIMA,SARIMA-W40,15470.9,974.80487804878,15528.2093923654,-57.3093923653996,57.3093923653996,3284.36645329132,0.0587906294438258,15526.4780035356,-55.578003535642,55.578003535642,3088.91447700783,0.0570144905787605,-1.73138882975763,-195.451976283491,-0.00177613886506525,median
2005Q2,2005Q3,1,SARIMA,SARIMA-W40,15470.9,1001.09285714286,15371.5917686733,99.3082313267005,99.3082313267005,9862.12480923746,0.0991998200947395,15374.5389203463,96.3610796536959,96.3610796536959,9285.45767202593,0.0962558857214429,-2.94715167300456,-576.667137211525,-0.00294393437329658,median
2005Q2,2005Q4,2,SARIMA,SARIMA-W40,22096,1001.09285714286,18031.7204271487,4064.2795728513,4064.2795728513,16518368.4462964,4.05984274470886,18028.2307456192,4067.7692543808,4067.7692543808,16546746.7068857,4.06332861667827,3.48968152949601,28378.2605893519,0.0034858719694153,median
2005Q3,2005Q4,1,SARIMA,SARIMA-W40,22096,1030.86511627907,18153.089252844,3942.910747156,3942.910747156,15546545.1600383,3.82485611831354,18139.9242368644,3956.07576313564,3956.07576313564,15650535.4436692,3.8376269607562,13.1650159796372,103990.283630928,0.0127708424426629,median
2005Q3,2006Q1,2,SARIMA,SARIMA-W40,18440.2,1030.86511627907,17692.4513402856,747.748659714402,747.748659714402,559128.058104684,0.725360328821113,17681.6824943594,758.517505640561,758.517505640561,575348.806363178,0.735806744900289,10.768845926159,16220.748258494,0.0104464160791757,median
2005Q4,2006Q1,1,SARIMA,SARIMA-W40,18440.2,1157.08863636364,21543.4159565735,-3103.2159565735,3103.2159565735,9629949.27313237,2.68191723524821,21546.1322657513,-3105.93226575132,3105.93226575132,9646815.23943512,2.68426477293241,2.71630917782022,16865.9663027469,0.00234753768419749,median
2005Q4,2006Q2,2,SARIMA,SARIMA-W40,18008,1157.08863636364,20691.467523777,-2683.467523777,2683.467523777,7200997.95116586,2.31915467790806,20698.2334440687,-2690.23344406869,2690.23344406869,7237355.98358567,2.32500204351089,6.76592029168751,36358.0324198082,0.00584736560282106,median
2006Q1,2006Q2,1,SARIMA,SARIMA-W40,18008,1205.33111111111,19066.2529194446,-1058.2529194446,1058.2529194446,1119899.24151302,0.877976939024722,19331.7203375213,-1323.72033752127,1323.72033752127,1752235.53196743,1.09822133131619,265.467418076671,632336.290454407,0.220244392291472,median
2006Q1,2006Q3,2,SARIMA,SARIMA-W40,18643.2,1205.33111111111,19611.5319326288,-968.3319326288,968.3319326288,937666.731748627,0.80337421286352,19601.0512928556,-957.851292855572,957.851292855572,917479.099225091,0.794678975781681,-10.4806397732282,-20187.6325235364,-0.00869523708183961,median
2006Q2,2006Q3,1,SARIMA,SARIMA-W40,18643.2,1255.44347826087,19278.5873285303,-635.387328530298,635.387328530298,403717.057256869,0.506105881732312,19258.5344038147,-615.334403814672,615.334403814672,378636.428517957,0.490133099952119,-20.0529247156264,-25080.6287389115,-0.0159727817801923,median
2006Q2,2006Q4,2,SARIMA,SARIMA-W40,21318.6,1255.44347826087,27242.4163156773,-5923.8163156773,5923.8163156773,35091599.7418846,4.71850498907637,27199.5283117775,-5880.92831177755,5880.92831177755,34585317.8082667,4.6843433524576,-42.8880038997522,-506281.93361786,-0.0341616366187694,median
2006Q3,2006Q4,1,SARIMA,SARIMA-W40,21318.6,1296.22765957447,26635.5002483909,-5316.9002483909,5316.9002483909,28269428.2513392,4.10182594787119,26630.4965330722,-5311.89653307225,5311.89653307225,28216244.7780649,4.09796573451924,-5.00371531865676,-53183.473274298,-0.00386021335194986,median
2006Q3,2007Q1,2,SARIMA,SARIMA-W40,21187.8,1296.22765957447,22256.3301054244,-1068.5301054244,1068.5301054244,1141756.58619828,0.824338300090882,22240.4230136558,-1052.62301365579,1052.62301365579,1108015.20887779,0.812066465239096,-15.9070917686149,-33741.3773204924,-0.012271834851786,median
2006Q4,2007Q1,1,SARIMA,SARIMA-W40,21187.8,1285.41875,19759.0411492515,1428.7588507485,1428.7588507485,2041351.85359217,1.11151237738558,19807.028290542,1380.77170945799,1380.77170945799,1906530.51363953,1.07418046411567,-47.9871412905122,-134821.33995264,-0.037331913269907,median
2006Q4,2007Q2,2,SARIMA,SARIMA-W40,20856,1285.41875,19050.7348713977,1805.2651286023,1805.2651286023,3258982.18454748,1.40441792108782,18855.9222875346,2000.07771246535,2000.07771246535,4000310.85590063,1.55597365641769,194.812583863051,741328.671353153,0.151555735329869,median
2007Q1,2007Q2,1,SARIMA,SARIMA-W40,20856,1315.25918367347,20006.149005352,849.850994648001,849.850994648001,722246.713104196,0.646147166427227,19688.5423752095,1167.45762479046,1167.45762479046,1362957.30568138,0.88762552604255,317.606630142458,640710.592577184,0.241478359615323,median
2007Q1,2007Q3,2,SARIMA,SARIMA-W40,21783.2,1315.25918367347,20994.3671245867,788.8328754133,788.8328754133,622257.305332815,0.599754698697575,20630.1442379814,1153.05576201863,1153.05576201863,1329537.59032437,0.876675697331527,364.222886605334,707280.284991557,0.276920998633952,median
2007Q2,2007Q3,1,SARIMA,SARIMA-W40,21783.2,1345.914,21661.2230516974,121.976948302599,121.976948302599,14878.375917215,0.0906275945584928,21521.185122204,262.014877795988,262.014877795988,68651.7961864463,0.194674308905315,140.037929493388,53773.4202692313,0.104046714346822,median
2007Q2,2007Q4,2,SARIMA,SARIMA-W40,25383,1345.914,26438.6031066876,-1055.6031066876,1055.6031066876,1114297.91884851,0.784302048041404,26229.4109569148,-846.410956914759,846.410956914759,716411.507985357,0.628874472599853,-209.19214977284,-397886.410863152,-0.155427575441551,median
2007Q3,2007Q4,1,SARIMA,SARIMA-W40,25383,1381.09215686275,26537.613263748,-1154.613263748,1154.613263748,1333131.78882281,0.836014641029305,26469.9693125788,-1086.96931257876,1086.96931257876,1181502.28648793,0.787036047650785,-67.6439511692442,-151629.502334876,-0.0489785933785203,median
2007Q3,2008Q1,2,SARIMA,SARIMA-W40,25555.2,1381.09215686275,24785.8798259942,769.320174005799,769.320174005799,591853.530132313,0.557037537417753,24772.7911587778,782.408841222241,782.408841222241,612163.59482273,0.566514578577826,13.0886672164415,20310.0646904163,0.00947704116007242,median
2007Q4,2008Q1,1,SARIMA,SARIMA-W40,25555.2,1432.69423076923,23939.0269258187,1616.1730741813,1616.1730741813,2612015.40570864,1.12806559799823,24121.1881947204,1434.01180527959,1434.01180527959,2056389.85768122,1.00091964808824,-182.161268901713,-555625.548027413,-0.127145949909988,median
2007Q4,2008Q2,2,SARIMA,SARIMA-W40,25487.5,1432.69423076923,23107.1640352371,2380.3359647629,2380.3359647629,5665999.30514373,1.66144032246495,22943.5768998197,2543.92310018027,2543.92310018027,6471544.73963081,1.77562179392208,163.587135417372,805545.434487082,0.114181471457131,median
2008Q1,2008Q2,1,SARIMA,SARIMA-W40,25487.5,1488.06603773585,24241.1604271554,1246.3395728446,1246.3395728446,1553362.33083846,0.837556628025027,23852.4880105909,1635.0119894091,1635.0119894091,2673264.20551152,1.09874961725277,388.672416564503,1119901.87467305,0.261192989227738,median
2008Q1,2008Q3,2,SARIMA,SARIMA-W40,26843,1488.06603773585,25444.4640615708,1398.5359384292,1398.5359384292,1955902.77107804,0.939834592661711,25075.8924350896,1767.10756491041,1767.10756491041,3122669.1459636,1.18751958589091,368.571626481211,1166766.37488556,0.247684993229203,median
2008Q2,2008Q3,1,SARIMA,SARIMA-W40,26843,1546.27777777778,26435.9032847995,407.0967152005,407.0967152005,165727.735527037,0.2632752801929,26310.1526117754,532.847388224603,532.847388224603,283926.339137781,0.344600042684685,125.750673024104,118198.603610745,0.0813247624917856,median
2008Q2,2008Q4,2,SARIMA,SARIMA-W40,30602,1546.27777777778,31982.876770467,-1380.876770467,1380.876770467,1906820.65521537,0.893032798060071,31869.2472001132,-1267.24720011324,1267.24720011324,1605915.46619485,0.819546926383728,-113.629570353758,-300905.189020521,-0.0734858716763426,median
2008Q3,2008Q4,1,SARIMA,SARIMA-W40,30602,1610.16,32359.5930429273,-1757.5930429273,1757.5930429273,3089133.30454644,1.09156421903867,32366.4001171218,-1764.40011712181,1764.40011712181,3113107.77329946,1.09579179530097,6.8070741945121,23974.4687530184,0.00422757626230452,median
2008Q3,2009Q1,2,SARIMA,SARIMA-W40,29398,1610.16,30797.9597718197,-1399.9597718197,1399.9597718197,1959887.36271347,0.869453825594786,30789.4672986014,-1391.4672986014,1391.4672986014,1936181.24307708,0.864179521663314,-8.49247321829898,-23706.1196363862,-0.0052743039314721,median
2008Q4,2009Q1,1,SARIMA,SARIMA-W40,29398,1674.60357142857,29717.1403548481,-319.140354848099,319.140354848099,101850.566092571,0.190576659630462,29727.7304745473,-329.730474547341,329.730474547341,108722.185845215,0.196900615866987,10.5901196992418,6871.61975264399,0.00632395623652443,median
2008Q4,2009Q2,2,SARIMA,SARIMA-W40,29313.2,1674.60357142857,28938.6678300196,374.532169980401,374.532169980401,140274.346350228,0.223654228601038,28608.3633648994,704.836635100586,704.836635100586,496794.682179917,0.420897606529827,330.304465120185,356520.335829689,0.197243377928789,median
2009Q1,2009Q2,1,SARIMA,SARIMA-W40,29313.2,1712.64210526316,28655.7810803201,657.418919679902,657.418919679902,432199.635953089,0.383862406313364,28271.7780909049,1041.4219090951,1041.4219090951,1084559.59274328,0.608079122832893,384.002989415199,652359.956790196,0.224216716519529,median
2009Q1,2009Q3,2,SARIMA,SARIMA-W40,30964.9,1712.64210526316,30010.7413599943,954.158640005702,954.158640005702,910418.710297531,0.557126697442189,29572.630204085,1392.26979591504,1392.26979591504,1938415.18461731,0.812936801936859,438.111155909341,1027996.47431978,0.25581010449467,median
2009Q2,2009Q3,1,SARIMA,SARIMA-W40,30964.9,1749.07413793103,30557.972430146,406.927569854,406.927569854,165590.047107282,0.232653128320423,30413.1585402635,551.741459736513,551.741459736513,304418.638392178,0.315447726183388,144.813889882513,138828.591284896,0.0827945978629655,median
2009Q2,2009Q4,2,SARIMA,SARIMA-W40,35666.6,1749.07413793103,36141.1384686016,-474.538468601604,474.538468601604,225186.758182756,0.271308378707682,36297.9071118293,-631.307111829301,631.307111829301,398548.669446254,0.360937880298242,156.768643227697,173361.911263498,0.0896295015905602,median
2009Q3,2009Q4,1,SARIMA,SARIMA-W40,35666.6,1789.29152542373,36501.1526730343,-834.552673034304,834.552673034304,696478.164068703,0.466415148776089,36715.556538487,-1048.95653848698,1048.95653848698,1100309.81963458,0.586241271242019,214.403865452674,403831.655565881,0.11982612246593,median
2009Q3,2010Q1,2,SARIMA,SARIMA-W40,36374,1789.29152542373,35077.5699232882,1296.4300767118,1296.4300767118,1680730.94380295,0.724549386330315,35169.0291007775,1204.97089922247,1204.97089922247,1451954.86797301,0.673434642762931,-91.459177489327,-228776.075829948,-0.0511147435673838,median
2009Q4,2010Q1,1,SARIMA,SARIMA-W40,36374,1843.88,34512.0887868139,1861.9112131861,1861.9112131861,3466713.36578812,1.00977895155113,34528.9267516654,1845.07324833459,1845.07324833459,3404295.29171994,1.00064713990855,-16.8379648515111,-62418.0740681831,-0.00913181164257493,median
2009Q4,2010Q2,2,SARIMA,SARIMA-W40,36295.4,1843.88,33965.4641394526,2329.9358605474,2329.9358605474,5428601.11426477,1.26360493120344,33714.8228516234,2580.57714837664,2580.57714837664,6659378.41872369,1.39953638435074,250.641287829232,1230777.30445892,0.135931453147294,median
2010Q1,2010Q2,1,SARIMA,SARIMA-W40,36295.4,1928.0131147541,35372.5919391194,922.808060880605,922.808060880605,851574.717226222,0.478631630572856,34914.7735541884,1380.6264458116,1380.6264458116,1906129.38287437,0.716087683868107,457.818384930993,1054554.66564814,0.237456053295251,median
2010Q1,2010Q3,2,SARIMA,SARIMA-W40,38359.1,1928.0131147541,37286.333280833,1072.766719167,1072.766719167,1150828.43375232,0.556410488578973,36871.1337642846,1487.96623571544,1487.96623571544,2214043.51862917,0.771761470048513,415.19951654844,1063215.08487685,0.21535098146954,median
2010Q2,2010Q3,1,SARIMA,SARIMA-W40,38359.1,2009.53225806452,38021.8575333091,337.242466690899,337.242466690899,113732.481339762,0.167821375017744,37901.9575512691,457.142448730876,457.142448730876,208979.218431662,0.227486992008365,119.899982039977,95246.7370918993,0.0596656169906217,median
2010Q2,2010Q4,2,SARIMA,SARIMA-W40,43525.2,2009.53225806452,44232.6656830863,-707.465683086302,707.465683086302,500507.692744768,0.352054902451627,44418.9294219414,-893.729421941389,893.729421941389,798752.279643689,0.444744998919392,186.263738855087,298244.586898921,0.0926900964677653,median
2010Q3,2010Q4,1,SARIMA,SARIMA-W40,43525.2,2095.00317460318,44528.5921807449,-1003.3921807449,1003.3921807449,1006795.86838001,0.478945422569565,44759.9945504921,-1234.79455049212,1234.79455049212,1524717.58192503,0.589399846960137,231.402369747215,517921.713545018,0.110454424390572,median
2010Q3,2011Q1,2,SARIMA,SARIMA-W40,42921.8,2095.00317460318,43872.5349114425,-950.734911442494,950.734911442494,903896.871835567,0.453810725906215,43818.4296593187,-896.629659318744,896.629659318744,803944.745970046,0.427984869038958,-54.1052521237507,-99952.1258655213,-0.025825856867257,median
2010Q4,2011Q1,1,SARIMA,SARIMA-W40,42921.8,2185.059375,43179.3049756871,-257.504975687094,257.504975687094,66308.8125036109,0.117848045061519,43059.5345427345,-137.734542734499,137.734542734499,18970.8042622815,0.0630346910982677,-119.770432952595,-47338.0082413293,-0.054813353963251,median
2010Q4,2011Q2,2,SARIMA,SARIMA-W40,42910.9,2185.059375,42775.8401373353,135.059862664704,135.059862664704,18241.1665030088,0.0618106144894595,42454.8815936365,456.018406363495,456.018406363495,207952.786942302,0.20869840498659,320.958543698791,189711.620439293,0.14688779049713,median
2011Q1,2011Q2,1,SARIMA,SARIMA-W40,42910.9,2252.17846153846,42573.6298450337,337.270154966303,337.270154966303,113751.157430994,0.149752855169352,42288.9286887052,621.971311294787,621.971311294787,386848.312073756,0.276164310207424,284.701156328483,273097.154642762,0.126411455038072,median
2011Q1,2011Q3,2,SARIMA,SARIMA-W40,44978.1,2252.17846153846,44796.5595508162,181.540449183798,181.540449183798,32956.9346898552,0.0806066003578544,44480.8218825496,497.278117450383,497.278117450383,247285.526094997,0.220798718193359,315.737668266585,214328.591405142,0.140192117835505,median
2011Q2,2011Q3,1,SARIMA,SARIMA-W40,44978.1,2318.28939393939,45066.3707259132,-88.2707259132003,88.2707259132003,7791.72105324333,0.0380758011247271,44948.4449395987,29.6550604013173,29.6550604013173,879.422607405778,0.0127917853909194,-58.615665511883,-6912.29844583755,-0.0252840157338077,median
2011Q2,2011Q4,2,SARIMA,SARIMA-W40,50415,2318.28939393939,51782.5376530366,-1367.5376530366,1367.5376530366,1870159.23247285,0.589890829251816,52031.4457303656,-1616.4457303656,1616.4457303656,2612896.79921718,0.697257958644598,248.908077329004,742737.566744338,0.107367129392782,median
2011Q3,2011Q4,1,SARIMA,SARIMA-W40,50415,2382.47910447761,51718.8271961743,-1303.8271961743,1303.8271961743,1699965.35748374,0.547256508451176,52051.5380421539,-1636.53804215392,1636.53804215392,2678256.763417,0.686905517483124,332.710845979622,978291.405933256,0.139649009031948,median
2011Q3,2012Q1,2,SARIMA,SARIMA-W40,49318.8,2382.47910447761,51002.6909479097,-1683.8909479097,1683.8909479097,2835488.72445222,0.706780993270837,51068.7301068642,-1749.9301068642,1749.9301068642,3062255.37890976,0.734499666156735,66.0391589545034,226766.654457534,0.0277186728858986,median
2011Q4,2012Q1,1,SARIMA,SARIMA-W40,49318.8,2448.76323529412,50060.6883410149,-741.888341014899,741.888341014899,550398.310533839,0.302964504825143,50257.1891304454,-938.38913044535,938.38913044535,880574.16013798,0.383209416459832,196.500789430451,330175.849604141,0.0802449116346886,median
2011Q4,2012Q2,2,SARIMA,SARIMA-W40,48902.8,2448.76323529412,49836.0366196501,-933.236619650095,933.236619650095,870930.588255937,0.381105288661362,49797.4742376618,-894.674237661784,894.674237661784,800441.991535694,0.365357591443227,-38.5623819883112,-70488.5967202422,-0.0157476972181345,median
2012Q1,2012Q2,1,SARIMA,SARIMA-W40,48902.8,2505.98405797101,49267.3063634872,-364.506363487199,364.506363487199,132864.889022662,0.145454382412282,49285.7566778278,-382.956677827817,382.956677827817,146655.817092918,0.152816885091392,18.4503143406182,13790.9280702565,0.00736250267910987,median
2012Q1,2012Q3,2,SARIMA,SARIMA-W40,51200.4,2505.98405797101,51727.9303356628,-527.530335662799,527.530335662799,278288.255044506,0.210508256820244,51779.5541452149,-579.15414521491,579.15414521491,335419.523919614,0.23110847148957,51.6238095521112,57131.2688751079,0.0206002146693259,median
2012Q2,2012Q3,1,SARIMA,SARIMA-W40,51200.4,2555.78285714286,51395.5423015211,-195.142301521097,195.142301521097,38080.5178429506,0.0763532398598403,51372.3430319619,-171.943031961935,171.943031961935,29564.406240263,0.0672760721754555,-23.1992695591616,-8516.11160268759,-0.00907716768438473,median
2012Q2,2012Q4,2,SARIMA,SARIMA-W40,57744.7,2555.78285714286,58330.1793325107,-585.479332510702,585.479332510702,342786.048797177,0.22908023303874,58801.2194601296,-1056.51946012962,1056.51946012962,1116233.36963258,0.413383890253772,471.040127618915,773447.3208354,0.184303657215033,median
2012Q3,2012Q4,1,SARIMA,SARIMA-W40,57744.7,2607.42394366197,58167.6679505363,-422.967950536302,422.967950536302,178901.88718088,0.162216793154959,58671.2235288774,-926.523528877406,926.523528877406,858445.849563441,0.35534057709701,503.555578341104,679543.962382561,0.193123783942051,median
2012Q3,2013Q1,2,SARIMA,SARIMA-W40,55451,2607.42394366197,57205.0634152131,-1754.0634152131,1754.0634152131,3076738.46458905,0.672718918408652,57508.0675283287,-2057.06752832874,2057.06752832874,4231526.81610452,0.788927145249619,303.004113115639,1154788.35151547,0.116208226840967,median
2012Q4,2013Q1,1,SARIMA,SARIMA-W40,55451,2673.01111111111,56892.39581159,-1441.39581159,1441.39581159,2077621.8856692,0.539240486355796,56937.4769004749,-1486.47690047487,1486.47690047487,2209613.57564539,0.556105769368456,45.0810888848719,131991.689976188,0.0168652830126593,median
2012Q4,2013Q2,2,SARIMA,SARIMA-W40,55313.3,2673.01111111111,56527.2587913474,-1213.9587913474,1213.9587913474,1473695.94708963,0.454154038605092,56392.0798910142,-1078.77989101424,1078.77989101424,1163766.05325669,0.403582269647137,-135.178900333158,-309929.893832939,-0.0505717689579551,median
2013Q1,2013Q2,1,SARIMA,SARIMA-W40,55313.3,2720.39726027397,55443.6741713187,-130.374171318697,130.374171318697,16997.424547037,0.0479246811568864,55393.5414348339,-80.2414348338571,80.2414348338571,6438.68786419613,0.0294962195432354,-50.1327364848403,-10558.7366828409,-0.018428461613651,median
2013Q1,2013Q3,2,SARIMA,SARIMA-W40,58052.7,2720.39726027397,58028.1372508014,24.5627491985942,24.5627491985942,603.328648193042,0.00902910378468788,57985.8635294715,66.8364705284475,66.8364705284475,4467.11379270004,0.0245686435229377,42.2737213298533,3863.78514450699,0.0155395397382498,median
2013Q2,2013Q3,1,SARIMA,SARIMA-W40,58052.7,2770.26351351351,57926.2401480962,126.459851903797,126.459851903797,15992.0941435303,0.0456490334897451,57919.2339647302,133.466035269805,133.466035269805,17813.1825706408,0.04817810097081,7.00618336600746,1821.08842711042,0.00252906748106485,median
2013Q2,2013Q4,2,SARIMA,SARIMA-W40,65563,2770.26351351351,65493.037709078,69.9622909219979,69.9622909219979,4894.72215105427,0.025254742222434,66051.3866697504,-488.386669750427,488.386669750427,238521.539189913,0.176296105900413,418.424378828429,233626.817038859,0.151041363677979,median
2013Q3,2013Q4,1,SARIMA,SARIMA-W40,65563,2824.69066666667,65611.3559212141,-48.3559212140972,48.3559212140972,2338.29511646397,0.0171190147596446,66113.7951491978,-550.795149197846,550.795149197846,303375.296379877,0.194993085684608,502.439227983748,301037.001263413,0.177874070924963,median
2013Q3,2014Q1,2,SARIMA,SARIMA-W40,62081.2,2824.69066666667,63949.6276572173,-1868.4276572173,1868.4276572173,3491021.91025454,0.661462750334421,64478.7561616251,-2397.55616162509,2397.55616162509,5748275.54814641,0.848785387340968,529.128504407781,2257253.63789187,0.187322637006547,median
2013Q4,2014Q1,1,SARIMA,SARIMA-W40,62081.2,2890.39605263158,63914.3889324858,-1833.18893248581,1833.18893248581,3360581.66218845,0.6342345128851,64154.156536877,-2072.95653687698,2072.95653687698,4297148.80378102,0.717187713770107,239.767604391178,936567.141592569,0.0829532008850067,median
2013Q4,2014Q2,2,SARIMA,SARIMA-W40,62117.5,2890.39605263158,63616.3037961154,-1498.8037961154,1498.8037961154,2246412.81924992,0.51854616766128,63189.0273613721,-1071.52736137214,1071.52736137214,1148170.88616915,0.370719908919252,-427.276434743253,-1098241.93308078,-0.147826258742028,median
2014Q1,2014Q2,1,SARIMA,SARIMA-W40,62117.5,2938.96493506493,62242.0209222194,-124.520922219403,124.520922219403,15505.4600703705,0.042368971719852,62328.711226261,-211.211226261024,211.211226261024,44610.1820986857,0.0718658544513591,86.6903040416219,29104.7220283152,0.0294968827315072,median
2014Q1,2014Q3,2,SARIMA,SARIMA-W40,64952.1,2938.96493506493,65119.3684327147,-167.2684327147,167.2684327147,27978.7285828321,0.0569140620628073,65131.1892238191,-179.089223819072,179.089223819072,32072.9500881176,0.0609361553390276,11.8207911043719,4094.2215052855,0.0040220932762203,median
2014Q2,2014Q3,1,SARIMA,SARIMA-W40,64952.1,2988.51923076923,65022.9783169322,-70.8783169322051,70.8783169322051,5023.73581114211,0.0237168682745807,64983.704693658,-31.604693657966,31.604693657966,998.856661213875,0.0105753690096989,-39.2736232742391,-4024.87914992823,-0.0131414992648818,median
2014Q2,2014Q4,2,SARIMA,SARIMA-W40,73243.3,2988.51923076923,73381.3527966272,-138.052796627191,138.052796627191,19058.5746565886,0.0461943812192425,75284.0136609359,-2040.71366093593,2040.71366093593,4164512.24593052,0.682851105632892,1902.66086430874,4145453.67127394,0.63665672441365,median
2014Q3,2014Q4,1,SARIMA,SARIMA-W40,73243.3,3038.02405063291,73325.8746589784,-82.5746589783957,82.5746589783957,6818.57430539835,0.0271803835658223,73346.4168826683,-103.116882668328,103.116882668328,10633.0914912337,0.0339420889860453,20.5422236899321,3814.51718583535,0.00676170542022292,median
2014Q3,2015Q1,2,SARIMA,SARIMA-W40,70715.3,3038.02405063291,70658.1377939762,57.1622060238005,57.1622060238005,3267.51779750742,0.0188155870628779,70796.9712098518,-81.6712098517601,81.6712098517601,6670.18651865023,0.026883003060738,24.5090038279595,3402.66872114281,0.00806741599786005,median
2014Q4,2015Q1,1,SARIMA,SARIMA-W40,70715.3,3096.0525,70596.3370871998,118.962912800198,118.962912800198,14152.1746219075,0.0384240618659399,70278.2540040777,437.045995922337,437.045995922337,191009.202551748,0.141162333623973,318.083083122139,176857.02792984,0.102738271758034,median
2014Q4,2015Q2,2,SARIMA,SARIMA-W40,70861.8,3096.0525,70421.2421098722,440.557890127806,440.557890127806,194091.254553864,0.14229664714271,70197.9751813924,663.824818607623,663.824818607623,440663.389799444,0.214410065271058,223.266928479818,246572.13524558,0.0721134181283482,median
2015Q1,2015Q2,1,SARIMA,SARIMA-W40,70861.8,3164.42345679012,70509.913402593,351.886597407007,351.886597407007,123824.177434681,0.111200856083891,70515.3576338491,346.44236615095,346.44236615095,120022.313064269,0.109480406425241,-5.44423125605681,-3801.86437041199,-0.00172044965864944,median
2015Q1,2015Q3,2,SARIMA,SARIMA-W40,74502.8,3164.42345679012,73800.5121380071,702.287861992896,702.287861992896,493208.241102553,0.221932327194058,73752.6291971391,750.170802860899,750.170802860899,562756.233464966,0.237063974877068,47.8829408680031,69547.9923624129,0.0151316476830107,median
2015Q2,2015Q3,1,SARIMA,SARIMA-W40,74502.8,3232.47073170732,74078.6537209441,424.146279055902,424.146279055902,179900.066036967,0.131214267431859,73886.9473291932,615.85267080678,615.85267080678,379274.512139844,0.190520726070581,191.706391750879,199374.446102878,0.0593064586387217,median
2015Q2,2015Q4,2,SARIMA,SARIMA-W40,84850.9,3232.47073170732,83471.386621809,1379.513378191,1379.513378191,1903057.16060794,0.426767476858907,83122.5098317601,1728.3901682399,1728.3901682399,2987332.57366835,0.534696308704705,348.876790048904,1084275.41306042,0.107928831845798,median
2015Q3,2015Q4,1,SARIMA,SARIMA-W40,84850.9,3308.59397590361,83834.9284514364,1015.9715485636,1015.9715485636,1032198.18749071,0.307070482495854,84215.9726349415,634.927365058495,634.927365058495,403132.758900123,0.191902472676506,-381.044183505102,-629065.428590591,-0.115168009819348,median
2015Q3,2016Q1,2,SARIMA,SARIMA-W40,78024.4,3308.59397590361,80911.9434929455,-2887.54349294551,2887.54349294551,8337907.42365194,0.872740358585973,81314.4726540267,-3290.07265402671,3290.07265402671,10824578.0687743,0.994402056579987,402.529161081198,2486670.64512239,0.121661697994014,median
2015Q4,2016Q1,1,SARIMA,SARIMA-W40,78024.4,3407.39166666667,81656.5242594657,-3632.12425946571,3632.12425946571,13192326.6361993,1.06595443517618,81898.9216526755,-3874.52165267547,3874.52165267547,15011918.037051,1.13709312920454,242.397393209758,1819591.40085171,0.0711386940283523,median
2015Q4,2016Q2,2,SARIMA,SARIMA-W40,78113.9,3407.39166666667,81653.6698332778,-3539.76983327781,3539.76983327781,12529970.4725836,1.0388502935856,81992.89837543,-3878.99837543,3878.99837543,15046628.3965886,1.13840695608224,339.228542152196,2516657.92400501,0.0995566624966395,median
2016Q1,2016Q2,1,SARIMA,SARIMA-W40,78113.9,3453.29411764706,78927.2048777621,-813.304877762101,813.304877762101,661464.824191625,0.235515669981871,77490.5694009835,623.330599016495,623.330599016495,388541.035670263,0.180503188486363,-189.974278745605,-272923.788521362,-0.0550124814955079,median
2016Q1,2016Q3,2,SARIMA,SARIMA-W40,82343.5,3453.29411764706,82459.2990356615,-115.799035661505,115.799035661505,13409.4166601344,0.0335329200804957,81181.4637614272,1162.03623857282,1162.03623857282,1350328.21975647,0.33650080154904,1046.23720291132,1336918.80309634,0.302967881468545,median
2016Q2,2016Q3,1,SARIMA,SARIMA-W40,82343.5,3497.46627906977,81824.1199934849,519.380006515101,519.380006515101,269755.591167626,0.148501791031776,81945.5655090796,397.934490920394,397.934490920394,158351.859064073,0.113777934987334,-121.445515594707,-111403.732103553,-0.0347238560444415,median
2016Q2,2016Q4,2,SARIMA,SARIMA-W40,93834.2,3497.46627906977,92461.4126672039,1372.7873327961,1372.7873327961,1884545.06108543,0.392509097517653,92788.5836322926,1045.61636770744,1045.61636770744,1093313.58841769,0.298963959699861,-327.170965088662,-791231.472667734,-0.0935451378177921,median
2016Q3,2016Q4,1,SARIMA,SARIMA-W40,93834.2,3547.38850574713,92955.7644742214,878.435525778594,878.435525778594,771648.972949914,0.247628790687978,93213.0824115506,621.117588449444,621.117588449444,385787.058681253,0.175091503917085,-257.31793732915,-385861.914268661,-0.0725372867708931,median
2016Q3,2017Q1,2,SARIMA,SARIMA-W40,85823.4,3547.38850574713,88016.4755667497,-2193.0755667497,2193.0755667497,4809580.44147452,0.618222549685972,87344.0743943985,-1520.67439439849,1520.67439439849,2312450.61377922,0.428674330971881,-672.401172351209,-2497129.8276953,-0.189548218714091,median
2016Q4,2017Q1,1,SARIMA,SARIMA-W40,85823.4,3609.16022727273,88650.9807349889,-2827.58073498891,2827.58073498891,7995212.81288041,0.783445609763237,88614.6989747748,-2791.29897477479,2791.29897477479,7791349.96657881,0.773392922176814,-36.2817602141149,-203862.846301602,-0.0100526875864226,median
2016Q4,2017Q2,2,SARIMA,SARIMA-W40,86545.3,3609.16022727273,88658.456611896,-2113.156611896,2113.156611896,4465430.8663998,0.585498143287702,88654.8319280312,-2109.53192803117,2109.53192803117,4450124.95538289,0.584493842110534,-3.6246838648367,-15305.9110169057,-0.00100430117716765,median
2017Q1,2017Q2,1,SARIMA,SARIMA-W40,86545.3,3656.23707865169,86516.7368244593,28.5631755407085,28.5631755407085,815.854996969327,0.0078121781838178,85696.3132444497,848.986755550301,848.986755550301,720778.511099826,0.23220232640477,820.423580009592,719962.656102857,0.224390148220952,median
2017Q1,2017Q3,2,SARIMA,SARIMA-W40,90809.7,3656.23707865169,90834.9682940867,-25.2682940867089,25.2682940867089,638.486686052409,0.00691101084069393,90126.7132624748,682.986737525149,682.986737525149,466470.883635246,0.186800451620882,657.71844343844,465832.396949194,0.179889440780188,median
2017Q2,2017Q3,1,SARIMA,SARIMA-W40,90809.7,3709.29444444444,90858.8975803845,-49.197580384498,49.197580384498,2420.40191568914,0.0132633257136497,91110.7710176016,-301.0710176016,301.0710176016,90643.757639663,0.081166653688689,251.873437217102,88223.3557239738,0.0679033279750393,median
2017Q2,2017Q4,2,SARIMA,SARIMA-W40,103083.2,3709.29444444444,102869.011614683,214.188385317,214.188385317,45876.6644047038,0.05774369992056,103480.270942959,-397.070942958599,397.070942958599,157665.333742031,0.107047566297496,182.882557641598,111788.669337327,0.0493038663769356,median
2017Q3,2017Q4,1,SARIMA,SARIMA-W40,103083.2,3761.56813186813,102829.39950664,253.800493360002,253.800493360002,64414.6904297806,0.0674719915903679,103115.809597938,-32.6095979375968,32.6095979375968,1063.38587765172,0.00866914988494486,-221.190895422405,-63351.3045521288,-0.058802841705423,median
2017Q3,2018Q1,2,SARIMA,SARIMA-W40,90275.4,3761.56813186813,95999.2507217828,-5723.8507217828,5723.8507217828,32762467.0852535,1.5216661033706,95277.3695681447,-5001.96956814472,5001.96956814472,25019699.5606459,1.32975647197983,-721.881153638082,-7742767.52460762,-0.19190963139077,median
2017Q4,2018Q1,1,SARIMA,SARIMA-W40,90275.4,3821.21413043478,96177.4574541181,-5902.05745411811,5902.05745411811,34834282.1917112,1.54455030591195,95008.6170886116,-4733.21708861165,4733.21708861165,22403344.0079254,1.23866837268109,-1168.84036550646,-12430938.1837858,-0.305881933230858,median
2017Q4,2018Q2,2,SARIMA,SARIMA-W40,89742.5,3821.21413043478,96522.3137672698,-6779.81376726981,6779.81376726981,45965874.7188612,1.77425643678817,95572.604073371,-5830.10407337097,5830.10407337097,33990113.5063367,1.52572032719549,-949.70969389884,-11975761.2125245,-0.248536109592681,median
2018Q1,2018Q2,1,SARIMA,SARIMA-W40,89742.5,3827.99677419355,92076.0307783336,-2333.5307783336,2333.5307783336,5445365.89343023,0.609595805844223,90662.2863437699,-919.786343769883,919.786343769883,846006.91818557,0.24027876668304,-1413.74443456372,-4599358.97524466,-0.369317039161183,median
2018Q1,2018Q3,2,SARIMA,SARIMA-W40,94281.4,3827.99677419355,96588.2343674096,-2306.83436740961,2306.83436740961,5321484.7986621,0.602621815922401,95120.9239860395,-839.523986039552,839.523986039552,704800.523135738,0.219311570923781,-1467.31038137006,-4616684.27552636,-0.38331024499862,median
2018Q2,2018Q3,1,SARIMA,SARIMA-W40,94281.4,3821.28617021277,94721.5038402254,-440.103840225405,440.103840225405,193691.390181149,0.115171651800394,94088.6980542579,192.701945742054,192.701945742054,37134.0398927734,0.0504285565535973,-247.401894483351,-156557.350288376,-0.0647430952467965,median
2018Q2,2018Q4,2,SARIMA,SARIMA-W40,106687.6,3821.28617021277,107191.248303688,-503.648303687994,503.648303687994,253661.613807794,0.131800729192693,106648.067608374,39.5323916255293,39.5323916255293,1562.80998763422,0.0103453104176514,-464.115912062465,-252098.80382016,-0.121455418775041,median
2018Q3,2018Q4,1,SARIMA,SARIMA-W40,106687.6,3817.60631578947,106814.043300787,-126.443300786996,126.443300786996,15987.9083139107,0.0331210948242702,106854.499615245,-166.899615244954,166.899615244954,27855.4815689138,0.0437183935270288,40.4563144579588,11867.5732550032,0.0105972987027586,median
2018Q3,2019Q1,2,SARIMA,SARIMA-W40,97789.7,3817.60631578947,96950.9681140865,838.731885913498,838.731885913498,703471.176448012,0.219700989712987,94617.7493317617,3171.95066823825,3171.95066823825,10061271.0417371,0.830874219565068,2333.21878232475,9357799.86528906,0.61117322985208,median
2018Q4,2019Q1,1,SARIMA,SARIMA-W40,97789.7,3815.38541666667,96867.1163574408,922.583642559199,922.583642559199,851160.577517799,0.241806145855959,93677.583879056,4112.11612094402,4112.11612094402,16909498.9921277,1.07777214406208,3189.53247838482,16058338.4146099,0.835965998206118,median
2018Q4,2019Q2,2,SARIMA,SARIMA-W40,97420,3815.38541666667,96821.6002033362,598.399796663798,598.399796663798,358082.316647275,0.156838623445438,93158.0109689176,4261.9890310824,4261.9890310824,18164550.5010667,1.11705334209877,3663.5892344186,17806468.1844194,0.960214718653329,median
2019Q1,2019Q2,1,SARIMA,SARIMA-W40,97420,3853.51855670103,97536.41584099,-116.415840989997,116.415840989997,13552.6480334084,0.030210271282477,97724.1666632217,-304.166663221724,304.166663221724,92517.3590154376,0.0789321911251204,187.750822231726,78964.7109820292,0.0487219198426434,median
2019Q1,2019Q3,2,SARIMA,SARIMA-W40,101464.5,3853.51855670103,102324.016809358,-859.516809358,859.516809358,738769.145568956,0.223047273994141,102566.999390021,-1102.49939002148,1102.49939002148,1215504.90499773,0.286102006205289,242.982580663476,476735.75942877,0.0630547322111488,median
2019Q2,2019Q3,1,SARIMA,SARIMA-W40,101464.5,3892.5387755102,102231.284715341,-766.784715340997,766.784715340997,587958.799680573,0.196988330640455,102227.978658232,-763.478658231761,763.478658231761,582899.66157537,0.196138998803343,-3.30605710923555,-5059.13810520305,-0.000849331837112444,median
2019Q2,2019Q4,2,SARIMA,SARIMA-W40,114974.8,3892.5387755102,115514.70656566,-539.90656566,539.90656566,291499.099642775,0.138702938312858,115495.812558696,-521.012558695991,521.012558695991,271454.086318944,0.133849034972735,-18.8940069640084,-20045.0133238318,-0.00485390334012331,median
2019Q3,2019Q4,1,SARIMA,SARIMA-W40,114974.8,3925.77676767677,114859.733008703,115.066991297004,115.066991297004,13240.4124861449,0.0293106302539713,114604.907084406,369.892915593649,369.892915593649,136820.769006371,0.0942215865759855,254.825924296645,123580.356520226,0.0649109563220142,median
2019Q3,2020Q1,2,SARIMA,SARIMA-W40,78579.7,3925.77676767677,104854.277547916,-26274.577547916,26274.577547916,690353425.321452,6.69283535534931,104549.095418499,-25969.3954184991,25969.3954184991,674409498.402363,6.61509733113722,-305.182129416891,-15943926.919089,-0.0777380242120831,median
2019Q4,2020Q1,1,SARIMA,SARIMA-W40,78579.7,3969.391,104932.951265083,-26353.251265083,26353.251265083,694493852.240599,6.63911699932886,104667.282864386,-26087.582864386,26087.582864386,680561979.706208,6.57218773972784,-265.668400696959,-13931872.5343906,-0.0669292596010216,median
2019Q4,2020Q2,2,SARIMA,SARIMA-W40,93676.5,3969.391,104734.506735054,-11058.006735054,11058.006735054,122279512.9525,2.785819470809,104299.516906939,-10623.0169069388,10623.0169069388,112848488.205107,2.67623343403025,-434.989828115242,-9431024.74739292,-0.109586036778751,median
2020Q1,2020Q2,1,SARIMA,SARIMA-W40,93676.5,4120.28811881188,84635.8893599771,9040.6106400229,9040.6106400229,81732640.7444953,2.1941695287634,82725.5912125037,10950.9087874963,10950.9087874963,119922403.272064,2.65780170505506,1910.29814747343,38189762.527569,0.463632176291661,median
2020Q1,2020Q3,2,SARIMA,SARIMA-W40,101067.8,4120.28811881188,86607.319856342,14460.480143658,14460.480143658,209105485.985127,3.50957984652486,85281.7758463303,15786.0241536697,15786.0241536697,249198558.580245,3.83129133169012,1325.54401001174,40093072.5951172,0.321711485165259,median
2020Q2,2020Q3,1,SARIMA,SARIMA-W40,101067.8,4116.59411764706,91049.6380737101,10018.1619262899,10018.1619262899,100363568.381365,2.43360448953273,88586.5925917032,12481.2074082968,12481.2074082968,155780538.368923,3.03192567729527,2463.0454820069,55416969.9875584,0.598321187762546,median
2020Q2,2020Q4,2,SARIMA,SARIMA-W40,118656.6,4116.59411764706,105682.45552786,12974.14447214,12974.14447214,168328424.783961,3.15166958445631,104611.966285287,14044.6337147131,14044.6337147131,197251736.180457,3.41171203993769,1070.48924257312,28923311.3964956,0.260042455481374,median
2020Q3,2020Q4,1,SARIMA,SARIMA-W40,118656.6,4080.4786407767,111392.879389591,7263.720610409,7263.720610409,52761637.1060805,1.78011484677846,110390.363907826,8266.23609217389,8266.23609217389,68330659.1315582,2.02580060328424,1002.51548176489,15569022.0254777,0.245685756505777,median
2020Q3,2021Q1,2,SARIMA,SARIMA-W40,105220.8,4080.4786407767,87914.1887274983,17306.6112725017,17306.6112725017,299518793.737483,4.24131892262704,83750.2847243295,21470.5152756705,21470.5152756705,460983026.202801,5.26176391688788,4163.90400316882,161464232.465318,1.02044499426083,median
2020Q4,2021Q1,1,SARIMA,SARIMA-W40,105220.8,4076.64519230769,91641.3706885177,13579.4293114823,13579.4293114823,184400900.425545,3.33103046031713,86301.5301812625,18919.2698187375,18919.2698187375,357938770.47419,4.64089194086271,5339.84050725515,173537870.048645,1.30986148054558,median
2020Q4,2021Q2,2,SARIMA,SARIMA-W40,106683.5,4076.64519230769,99974.6050754465,6708.8949245535,6708.8949245535,45009271.1086998,1.64569017122527,96840.0571787291,9843.44282127086,9843.44282127086,96893366.5756288,2.41459395088998,3134.54789671735,51884095.466929,0.768903779664711,median
2021Q1,2021Q2,1,SARIMA,SARIMA-W40,106683.5,4291.54476190476,108925.633465149,-2242.133465149,2242.133465149,5027162.47554108,0.522453705959682,106966.676038472,-283.17603847172,283.17603847172,80188.668764537,0.0659846405390946,-1958.95742667728,-4946973.80677654,-0.456469065420588,median
2021Q1,2021Q3,2,SARIMA,SARIMA-W40,106152.9,4291.54476190476,115121.487998544,-8968.58799854401,8968.58799854401,80435570.6876277,2.08982743886455,112730.299695379,-6577.39969537895,6577.39969537895,43262186.7527711,1.53264152194457,-2391.18830316507,-37173383.9348566,-0.557185916919986,median
2021Q2,2021Q3,1,SARIMA,SARIMA-W40,106152.9,4373.76603773585,113462.796708346,-7309.896708346,7309.896708346,53434589.8866877,1.67130492241192,112520.530170742,-6367.63017074233,6367.63017074233,40546713.9913479,1.45586895042027,-942.266537603675,-12887875.8953398,-0.215435971991646,median
2021Q2,2021Q4,2,SARIMA,SARIMA-W40,122766,4373.76603773585,129699.806277636,-6933.806277636,6933.806277636,48077669.4957844,1.58531714266669,127787.469907981,-5021.46990798131,5021.46990798131,25215160.0367619,1.14808836701763,-1912.33636965469,-22862509.4590226,-0.43722877564906,median
2021Q3,2021Q4,1,SARIMA,SARIMA-W40,122766,4380.41401869159,123972.241951501,-1206.241951501,1206.241951501,1455019.64556093,0.275371676365262,123776.994237811,-1010.99423781074,1010.99423781074,1022109.34888651,0.230798786027243,-195.24771369026,-432910.29667442,-0.0445728903380187,median
2021Q3,2022Q1,2,SARIMA,SARIMA-W40,108659.1,4380.41401869159,105355.71545694,3303.38454306,3303.38454306,10912349.4393278,0.754126100629801,106164.295982458,2494.80401754194,2494.80401754194,6224047.08594343,0.569536123045997,-808.58052551806,-4688302.35338433,-0.184589977583804,median
2021Q4,2022Q1,1,SARIMA,SARIMA-W40,108659.1,4377.90462962963,104677.078476848,3982.02152315201,3982.02152315201,15856495.4108459,0.909572469030439,105932.894815607,2726.20518439305,2726.20518439305,7432194.70741156,0.6227191807565,-1255.81633875896,-8424300.70343431,-0.286853288273939,median
2021Q4,2022Q2,2,SARIMA,SARIMA-W40,101772.6,4377.90462962963,109355.744512402,-7583.144512402,7583.144512402,57504080.6959725,1.73214017982012,110208.528657814,-8435.9286578137,8435.9286578137,71164892.3197224,1.92693294429472,852.784145411701,13660811.6237499,0.194792764474599,median
2022Q1,2022Q2,1,SARIMA,SARIMA-W40,101772.6,4369.28440366972,112109.586815866,-10336.986815866,10336.986815866,106853296.431387,2.36583061683603,111544.405075908,-9771.80507590836,9771.80507590836,95488174.4415483,2.23647722901744,-565.181739957639,-11365121.9898391,-0.129353387818598,median
2022Q1,2022Q3,2,SARIMA,SARIMA-W40,109872.9,4369.28440366972,115915.63670957,-6042.73670957,6042.73670957,36514666.9411849,1.38300374873624,116456.534564687,-6583.63456468741,6583.63456468741,43344244.0813468,1.50679927339083,540.897855117408,6829577.14016188,0.123795524654589,median
2022Q2,2022Q3,1,SARIMA,SARIMA-W40,109872.9,4374.20818181818,108691.089553152,1181.810446848,1181.810446848,1396675.93227907,0.270177000665014,110212.689741075,-339.789741074972,339.789741074972,115457.068139796,0.0776802856542907,-842.020705773029,-1281218.86413928,-0.192496715010724,median
2022Q2,2022Q4,2,SARIMA,SARIMA-W40,119427.9,4374.20818181818,124403.906455777,-4976.00645577701,4976.00645577701,24760640.2479345,1.13757879116505,125255.472042823,-5827.57204282269,5827.57204282269,33960595.9142886,1.33225758825233,851.565587045683,9199955.66635418,0.194678797087276,median
2022Q3,2022Q4,1,SARIMA,SARIMA-W40,119427.9,4368.31441441441,125369.253615392,-5941.353615392,5941.353615392,35299682.7831316,1.36010210157651,125016.839736372,-5588.93973637244,5588.93973637244,31236247.3768029,1.27942707556266,-352.413879019557,-4063435.40632872,-0.0806750260138498,median
2022Q3,2023Q1,2,SARIMA,SARIMA-W40,114922.4,4368.31441441441,108425.689322121,6496.71067787899,6496.71067787899,42207249.6320669,1.487235135008,109025.241002897,5897.15899710287,5897.15899710287,34776484.2371114,1.34998501427545,-599.551680776116,-7430765.39495551,-0.13725012073255,median
2022Q4,2023Q1,1,SARIMA,SARIMA-W40,114922.4,4359.11607142857,105010.96652943,9911.43347056999,9911.43347056999,98236513.441535,2.27372552328523,106644.179826274,8278.22017372599,8278.22017372599,68528929.244684,1.89905935930104,-1633.213296844,-29707584.1968511,-0.374666163984195,median
2022Q4,2023Q2,2,SARIMA,SARIMA-W40,112665.2,4359.11607142857,105572.184847358,7093.01515264199,7093.01515264199,50310863.9556089,1.62716822319381,107658.763249468,5006.43675053168,5006.43675053168,25064408.9370742,1.14849815157387,-2086.57840211032,-25246455.0185347,-0.478670071619934,median
2023Q1,2023Q2,1,SARIMA,SARIMA-W40,112665.2,4375.96725663717,112019.673338152,645.526661847995,645.526661847995,416704.671156615,0.147516337300948,112253.35617959,411.843820409573,411.843820409573,169615.332409552,0.0941149227716263,-233.682841438422,-247089.338747063,-0.053401414529322,median
2023Q1,2023Q3,2,SARIMA,SARIMA-W40,114519.4,4375.96725663717,117469.957565124,-2950.55756512401,2950.55756512401,8705789.94511051,0.674264086562531,117422.608505251,-2903.20850525144,2903.20850525144,8428619.62496433,0.663443836525069,-47.3490598725621,-277170.320146181,-0.0108202500374623,median
2023Q2,2023Q3,1,SARIMA,SARIMA-W40,114519.4,4433.13070175439,117918.493693203,-3399.093693203,3399.093693203,11553837.9351724,0.766747908393007,117570.166430503,-3050.76643050305,3050.76643050305,9307175.81348431,0.68817425782094,-348.327262699953,-2246662.12168811,-0.0785736505720673,median
2023Q2,2023Q4,2,SARIMA,SARIMA-W40,129388.2,4433.13070175439,132389.240148366,-3001.040148366,3001.040148366,9006241.97210459,0.676957290516688,132000.219864644,-2612.01986464371,2612.01986464371,6822647.77329332,0.589204343469957,-389.02028372229,-2183594.19881127,-0.0877529470467308,median
2023Q3,2023Q4,1,SARIMA,SARIMA-W40,129388.2,4434.98608695652,129891.166827515,-502.966827515003,502.966827515003,252975.629580507,0.113408885090812,130145.449456442,-757.249456441961,757.249456441961,573426.739281646,0.170744494254235,254.282628926958,320451.109701139,0.057335609163423,median
2023Q3,2024Q1,2,SARIMA,SARIMA-W40,120326.8,4434.98608695652,116719.396843806,3607.40315619401,3607.40315619401,13013357.5313185,0.813396724468546,116601.650665826,3725.14933417448,3725.14933417448,13876737.5619006,0.839946115080338,117.746177980473,863380.030582083,0.0265493906117923,median
2023Q4,2024Q1,1,SARIMA,SARIMA-W40,120326.8,4482.61810344828,116430.758494343,3896.04150565701,3896.04150565701,15179139.4138021,0.869144195589616,116195.303792515,4131.4962074846,4131.4962074846,17069260.9124596,0.921670352490305,235.454701827592,1890121.4986575,0.0525261569006886,median
2023Q4,2024Q2,2,SARIMA,SARIMA-W40,115642.2,4482.61810344828,116091.472402687,-449.272402686998,449.272402686998,201845.691816148,0.10022544689707,117333.006170132,-1690.80617013172,1690.80617013172,2858825.5049555,0.37719166146031,1241.53376744472,2656979.81313935,0.27696621456324,median
2024Q1,2024Q2,1,SARIMA,SARIMA-W40,115642.2,4490.49658119658,118534.335798889,-2892.13579888901,2892.13579888901,8364449.47921536,0.644057009418398,119266.489760123,-3624.28976012317,3624.28976012317,13135476.2653336,0.807102220119585,732.153961234158,4771026.78611828,0.163045210701187,median
2024Q1,2024Q3,2,SARIMA,SARIMA-W40,117595,4490.49658119658,122898.573855966,-5303.57385596599,5303.57385596599,28127895.645686,1.18106622732418,124425.942502068,-6830.94250206788,6830.94250206788,46661775.4665573,1.5211998001895,1527.36864610188,18533879.8208713,0.340133572865316,median
2024Q2,2024Q3,1,SARIMA,SARIMA-W40,117595,4477.67033898305,120952.07980021,-3357.07980021001,3357.07980021001,11269984.7849781,0.749738043683772,122449.821899386,-4854.8218993864,4854.8218993864,23569295.6747618,1.08422941660529,1497.74209917639,12299310.8897837,0.334491372921517,median
2024Q2,2024Q4,2,SARIMA,SARIMA-W40,134330.8,4477.67033898305,135780.061077909,-1449.261077909,1449.261077909,2100357.67194196,0.323664086051979,138075.766741877,-3744.96674187711,3744.96674187711,14024775.8977657,0.836364997501726,2295.70566396811,11924418.2258237,0.512700911449748,median
2024Q3,2024Q4,1,SARIMA,SARIMA-W40,134330.8,4465.88823529412,133323.336083858,1007.46391614198,1007.46391614198,1014983.54232813,0.225590938031083,135073.161953693,-742.361953692569,742.361953692569,551101.270290248,0.166229407136893,-265.101962449407,-463882.272037879,-0.0593615308941891,median
2024Q3,2025Q1,2,SARIMA,SARIMA-W40,124671.1,4465.88823529412,121570.737139911,3100.36286008901,3100.36286008901,9612249.86421929,0.694232075847017,121262.149980607,3408.95001939313,3408.95001939313,11620940.2347204,0.763330795529553,308.587159304123,2008690.37050113,0.0690987196825358,median
2024Q4,2025Q1,1,SARIMA,SARIMA-W40,124671.1,4469.86083333333,122139.883360761,2531.21663923901,2531.21663923901,6407057.67476041,0.566285334962295,120272.28346788,4398.81653211996,4398.81653211996,19349586.8832519,0.984105925472318,1867.59989288096,12942529.2084915,0.417820590510023,median
2024Q4,2025Q2,2,SARIMA,SARIMA-W40,120787.3,4469.86083333333,120167.951637422,619.348362578006,619.348362578006,383592.394228058,0.138560994552516,120971.38202116,-184.0820211596,184.0820211596,33886.1905142035,0.0411829423830906,-435.266341418406,-349706.203713854,-0.0973780521694258,median
2025Q1,2025Q2,1,SARIMA,SARIMA-W40,120787.3,4468.82314049587,121711.93230812,-924.632308119995,924.632308119995,854944.90521931,0.206907339818643,122355.270838667,-1567.9708386672,1567.9708386672,2458532.55091072,0.350868850561227,643.338530547204,1603587.64569141,0.143961510742584,median
2025Q1,2025Q3,2,SARIMA,SARIMA-W40,120418.8,4468.82314049587,125227.994532223,-4809.194532223,4809.194532223,23128352.0487636,1.07616577810895,127337.747095998,-6918.94709599811,6918.94709599811,47871828.9172207,1.54827051294547,2109.75256377511,24743476.8684571,0.472104734836521,median
2025Q2,2025Q3,1,SARIMA,SARIMA-W40,120418.8,4474.36639344262,124620.698325418,-4201.89832541799,4201.89832541799,17655949.5371505,0.939104658835284,126422.967260556,-6004.167260556,6004.167260556,36050024.4927326,1.34190335180314,1802.26893513801,18394074.955582,0.402798692967861,median
2025Q2,2025Q4,2,SARIMA,SARIMA-W40,135325.2,4474.36639344262,140478.252142113,-5153.05214211298,5153.05214211298,26553946.3793352,1.15168309632957,142813.735544418,-7488.53554441847,7488.53554441847,56078164.6000188,1.67365273335533,2335.48340230549,29524218.2206836,0.521969637025756,median
2025Q3,2025Q4,1,SARIMA,SARIMA-W40,135325.2,4460.94715447155,137409.365160654,-2084.165160654,2084.165160654,4343744.4168839,0.467202387404405,140497.983124976,-5172.78312497577,5172.78312497577,26757685.2580341,1.15957059024801,3088.61796432178,22413940.8411502,0.692368202843608,median
2025Q3,2026Q1,2,SARIMA,SARIMA-W40,127694.9,4460.94715447155,126388.27151381,1306.62848618999,1306.62848618999,1707278.00092315,0.292903825341275,125425.445246346,2269.45475365446,2269.45475365446,5150424.87888481,0.508738318359052,962.826267464465,3443146.87796166,0.215834493017778,median
2025Q4,2026Q1,1,SARIMA,SARIMA-W40,127694.9,4432.99112903226,125173.385791375,2521.514208625,2521.514208625,6358033.90429775,0.568806509020796,124449.213060213,3245.68693978724,3245.68693978724,10534483.7111054,0.732166351186853,724.172731162238,4176449.80680768,0.163359842166056,median
2025Q4,2026Q2,2,SARIMA,SARIMA-W40,121027.2,4432.99112903226,122415.863695,-1388.663695,1388.663695,1928386.85781104,0.313256592350354,124244.059486203,-3216.85948620304,3216.85948620304,10348184.9539745,0.725663416092894,1828.19579120305,8419798.09616347,0.41240682374254,median
2026Q1,2026Q2,1,SARIMA,SARIMA-W40,121027.2,4421.7176,123959.034871549,-2931.834871549,2931.834871549,8595655.71403074,0.663053396161935,124824.813231929,-3797.61323192873,3797.61323192873,14421866.2593202,0.85885476538093,865.778360379729,5826210.54528942,0.195801369218995,median
2004Q3,2005Q1,2,SARIMA,SARIMA-W60,15112.2,905.561538461538,15151.0350186158,-38.8350186157986,38.8350186157986,1508.15867088943,0.042885013294376,15156.373952792,-44.1739527919854,44.1739527919854,1951.33810526855,0.0487807298740102,5.33893417618674,443.179434379126,0.0058957165796342,mean
2004Q4,2005Q1,1,SARIMA,SARIMA-W60,15112.2,942.135,15151.2172341438,-39.0172341437992,39.0172341437992,1522.34456023205,0.0414136340798285,15151.2437363864,-39.0437363864348,39.0437363864348,1524.41335101342,0.0414417640639981,0.0265022426356154,2.06879078136399,2.81299841695878e-05,mean
2004Q4,2005Q2,2,SARIMA,SARIMA-W60,14497.5,942.135,14675.5491556358,-178.049155635799,178.049155635799,31701.5018226211,0.18898475869785,14675.5962227508,-178.096222750786,178.096222750786,31718.2645580976,0.189034716628494,0.0470671149869304,16.7627354765864,4.99579306436349e-05,mean
2005Q1,2005Q2,1,SARIMA,SARIMA-W60,14497.5,974.80487804878,14637.2409138441,-139.7409138441,139.7409138441,19527.5230019841,0.143352702669905,14637.1562521627,-139.656252162697,139.656252162697,19503.8687681307,0.14326585279532,-0.0846616814033041,-23.6542338534528,-8.68498745849322e-05,mean
2005Q1,2005Q3,2,SARIMA,SARIMA-W60,15470.9,974.80487804878,15533.8773057181,-62.977305718101,62.977305718101,3966.14103551115,0.0646050375170051,15533.9491007932,-63.049100793216,63.049100793216,3975.18911083311,0.0646786882308369,0.0717950751150056,9.048075321954,7.36507138317938e-05,mean
2005Q2,2005Q3,1,SARIMA,SARIMA-W60,15470.9,1001.09285714286,15374.3205142459,96.5794857541005,96.5794857541005,9327.59706852649,0.0964740533957463,15373.7192619265,97.1807380735117,97.1807380735117,9444.0958525125,0.0970746493495794,0.601252319411287,116.498783986002,0.000600595953833175,mean
2005Q2,2005Q4,2,SARIMA,SARIMA-W60,22096,1001.09285714286,18038.6711517328,4057.3288482672,4057.3288482672,16461917.3829812,4.05289960798132,18037.3212992853,4058.67870071467,4058.67870071467,16472872.7956349,4.05424798684332,1.34985244747077,10955.4126536846,0.00134837886199968,mean
2005Q3,2005Q4,1,SARIMA,SARIMA-W60,22096,1030.86511627907,18156.2449350595,3939.7550649405,3939.7550649405,15521669.9717243,3.82179492032976,18153.0099822219,3942.99001777805,3942.99001777805,15547170.2802974,3.82493301549514,3.23495283755256,25500.308573043,0.00313809516537811,mean
2005Q3,2006Q1,2,SARIMA,SARIMA-W60,18440.2,1030.86511627907,17698.6030885056,741.596911494402,741.596911494402,549965.979138036,0.719392769998089,17695.979076293,744.220923707046,744.220923707046,553864.783283368,0.721938216702227,2.62401221264372,3898.80414533254,0.00254544670413825,mean
2005Q4,2006Q1,1,SARIMA,SARIMA-W60,18440.2,1157.08863636364,21556.4773962867,-3116.2773962867,3116.2773962867,9711184.81060741,2.69320542813398,21556.4683033557,-3116.26830335571,3116.26830335571,9711128.13849948,2.69319756967724,-0.00909293098811759,-56.6721079275012,-7.85845673556551e-06,mean
2005Q4,2006Q2,2,SARIMA,SARIMA-W60,18008,1157.08863636364,20716.564962149,-2708.564962149,2708.564962149,7336324.15418122,2.34084483852607,20716.5446029413,-2708.54460294132,2708.54460294132,7336213.86612256,2.3408272433246,-0.0203592076795758,-110.288058659062,-1.75952014735969e-05,mean
2006Q1,2006Q2,1,SARIMA,SARIMA-W60,18008,1205.33111111111,19079.5501515348,-1071.5501515348,1071.5501515348,1148219.72725425,0.889008955014041,19079.9379598052,-1071.93795980524,1071.93795980524,1149050.98967141,0.889330699194425,0.387808270435926,831.262417158578,0.000321744180384109,mean
2006Q1,2006Q3,2,SARIMA,SARIMA-W60,18643.2,1205.33111111111,19628.9911218767,-985.7911218767,985.7911218767,971784.135970923,0.81785918640063,19629.0187555274,-985.818755527438,985.818755527438,971838.618749667,0.817882112591188,0.0276336507376982,54.4827787431423,2.29261905571043e-05,mean
2006Q2,2006Q3,1,SARIMA,SARIMA-W60,18643.2,1255.44347826087,19292.2652347276,-649.065234727601,649.065234727601,421285.678931996,0.517000761855669,19292.2966816473,-649.096681647294,649.096681647294,421326.502125528,0.517025810310846,0.0314469196928258,40.8231935325311,2.50484551773678e-05,mean
2006Q2,2006Q4,2,SARIMA,SARIMA-W60,21318.6,1255.44347826087,27269.2524013132,-5950.6524013132,5950.6524013132,35410264.0012546,4.73988077070301,27269.419412141,-5950.81941214105,5950.81941214105,35412251.6759147,4.7400138000514,0.167010827848571,1987.67466017604,0.000133029348385882,mean
2006Q3,2006Q4,1,SARIMA,SARIMA-W60,21318.6,1296.22765957447,26654.216908126,-5335.616908126,5335.616908126,28468807.7902801,4.11626527849097,26653.9551396405,-5335.35513964048,5335.35513964048,28466014.4660881,4.11606333210941,-0.261768485521316,-2793.32419198379,-0.00020194638155413,mean
2006Q3,2007Q1,2,SARIMA,SARIMA-W60,21187.8,1296.22765957447,22278.0804367261,-1090.2804367261,1090.2804367261,1188711.43070766,0.841118015552933,22277.9819108121,-1090.18191081207,1090.18191081207,1188496.59866186,0.841042005823237,-0.098525914028869,-214.832045796793,-7.60097296961249e-05,mean
2006Q4,2007Q1,1,SARIMA,SARIMA-W60,21187.8,1285.41875,19775.655706822,1412.144293178,1412.144293178,1994151.50475519,1.09858697267175,19766.2009928634,1421.59900713663,1421.59900713663,2020943.73709186,1.10594232979458,9.45471395863206,26792.2323366648,0.0073553571228302,mean
2006Q4,2007Q2,2,SARIMA,SARIMA-W60,20856,1285.41875,19082.7479827247,1773.2520172753,1773.2520172753,3144422.71677092,1.37951310985257,19060.1187828925,1795.88121710754,1795.88121710754,3225189.34595967,1.39711764520904,22.6291998322449,80766.629188756,0.0176045353564704,mean
2007Q1,2007Q2,1,SARIMA,SARIMA-W60,20856,1315.25918367347,20022.6932273493,833.3067726507,833.3067726507,694400.177345525,0.633568488245263,20021.3411728735,834.658827126481,834.658827126481,696655.357700153,0.634596463942042,1.35205447578119,2255.18035462778,0.00102797569677859,mean
2007Q1,2007Q3,2,SARIMA,SARIMA-W60,21783.2,1315.25918367347,21021.1807945091,762.019205490902,762.019205490902,580673.269536986,0.579368093338539,21020.7068069767,762.493193023281,762.493193023281,581395.869406839,0.579728469101935,0.473987532379397,722.599869853584,0.000360375763395648,mean
2007Q2,2007Q3,1,SARIMA,SARIMA-W60,21783.2,1345.914,21679.0977237657,104.102276234302,104.102276234302,10837.2839171629,0.0773469004960955,21678.1952536365,105.004746363491,105.004746363491,11025.9967588611,0.0780174263463275,0.902470129189169,188.712841698192,0.000670525850232001,mean
2007Q2,2007Q4,2,SARIMA,SARIMA-W60,25383,1345.914,26473.6039253704,-1090.6039253704,1090.6039253704,1189416.92203333,0.81030728959681,26476.5956257132,-1093.59562571318,1093.59562571318,1195951.39257899,0.812530091605538,2.99170034277631,6534.47054566862,0.00222280200872882,mean
2007Q3,2007Q4,1,SARIMA,SARIMA-W60,25383,1381.09215686275,26558.6027216656,-1175.6027216656,1175.6027216656,1382041.75918757,0.851212365390638,26566.2182576342,-1183.21825763423,1183.21825763423,1400005.44519899,0.856726505725729,7.6155359686345,17963.6860114275,0.0055141403350909,mean
2007Q3,2008Q1,2,SARIMA,SARIMA-W60,25555.2,1381.09215686275,24817.4369602545,737.7630397455,737.7630397455,544294.302814519,0.534188132254245,24842.8665791282,712.333420871775,712.333420871775,507418.902490886,0.515775444333774,-25.4296188737244,-36875.4003236339,-0.0184126879204712,mean
2007Q4,2008Q1,1,SARIMA,SARIMA-W60,25555.2,1432.69423076923,23958.1013557765,1597.0986442235,1597.0986442235,2550724.07938054,1.11475191979101,24003.9087066527,1551.29129334726,1551.29129334726,2406504.67681501,1.08277904665977,-45.8073508762427,-144219.402565536,-0.031972873131239,mean
2007Q4,2008Q2,2,SARIMA,SARIMA-W60,25487.5,1432.69423076923,23136.7858166389,2350.7141833611,2350.7141833611,5525857.17185504,1.64076474440675,23157.9975495589,2329.50245044114,2329.50245044114,5426581.66661126,1.625959259423,-21.2117329199609,-99275.5052437717,-0.0148054849837513,mean
2008Q1,2008Q2,1,SARIMA,SARIMA-W60,25487.5,1488.06603773585,24261.520808598,1225.979191402,1225.979191402,1503024.9777507,0.823874183209889,24262.5032612089,1224.99673879112,1224.99673879112,1500617.01004888,0.823213962100096,-0.982452610878681,-2407.96770181903,-0.00066022110979258,mean
2008Q1,2008Q3,2,SARIMA,SARIMA-W60,26843,1488.06603773585,25477.5362851564,1365.4637148436,1365.4637148436,1864491.15655449,0.917609622299564,25447.7750276444,1395.22497235565,1395.22497235565,1946652.72348481,0.937609579799653,29.7612575120438,82161.5669303229,0.0199999575000896,mean
2008Q2,2008Q3,1,SARIMA,SARIMA-W60,26843,1546.27777777778,26458.4737006606,384.526299339399,384.526299339399,147860.474883653,0.248678668778399,26460.7673667499,382.232633250132,382.232633250132,146101.78592133,0.247195322045858,-2.29366608926648,-1758.68896232278,-0.00148334673254039,mean
2008Q2,2008Q4,2,SARIMA,SARIMA-W60,30602,1546.27777777778,32026.7416345577,-1424.7416345577,1424.7416345577,2029888.72524215,0.921400834334731,32018.0626130242,-1416.06261302415,1416.06261302415,2005233.3240048,0.915787986722047,-8.67902153354589,-24655.4012373516,-0.00561284761268377,mean
2008Q3,2008Q4,1,SARIMA,SARIMA-W60,30602,1610.16,32386.8269487241,-1784.8269487241,1784.8269487241,3185607.23689179,1.10847800760428,32420.8143730441,-1818.81437304405,1818.81437304405,3308085.72359163,1.12958611134549,33.987424319952,122478.486699847,0.0211081037412133,mean
2008Q3,2009Q1,2,SARIMA,SARIMA-W60,29398,1610.16,30839.7606923991,-1441.7606923991,1441.7606923991,2078673.89414713,0.895414550354686,30797.5083158496,-1399.50831584962,1399.50831584962,1958623.52613224,0.869173446023762,-42.2523765494807,-120050.368014894,-0.0262411043309241,mean
2008Q4,2009Q1,1,SARIMA,SARIMA-W60,29398,1674.60357142857,29743.0817131402,-345.0817131402,345.0817131402,119081.388743775,0.206067704039242,29736.2139202712,-338.213920271235,338.213920271235,114388.655865237,0.20196655855852,-6.8677928689649,-4692.73287853791,-0.0041011454807218,mean
2008Q4,2009Q2,2,SARIMA,SARIMA-W60,29313.2,1674.60357142857,28978.630792191,334.569207809,334.569207809,111936.554813942,0.199790095708195,28967.785469088,345.414530911999,345.414530911999,119311.198165157,0.206266448253979,10.8453231029998,7374.64335121505,0.00647635254578366,mean
2009Q1,2009Q2,1,SARIMA,SARIMA-W60,29313.2,1712.64210526316,28680.2822051008,632.9177948992,632.9177948992,400584.935100066,0.369556367295984,28272.2391233188,1040.96087668124,1040.96087668124,1083599.54678097,0.607809929162805,408.043081782038,683014.611680906,0.23825356186682,mean
2009Q1,2009Q3,2,SARIMA,SARIMA-W60,30964.9,1712.64210526316,30051.7680920961,913.131907903902,913.131907903902,833809.88123222,0.5331714694493,29535.6661639032,1429.23383609683,1429.23383609683,2042709.35824406,0.834519851932065,516.101928192929,1208899.47701184,0.301348382482764,mean
2009Q2,2009Q3,1,SARIMA,SARIMA-W60,30964.9,1749.07413793103,30583.9457025661,380.954297433902,380.954297433902,145126.176733358,0.217803401909842,30390.7966876531,574.10331234691,574.10331234691,329594.613247693,0.328232691740565,193.149014913008,184468.436514336,0.110429289830723,mean
2009Q2,2009Q4,2,SARIMA,SARIMA-W60,35666.6,1749.07413793103,36189.8689011072,-523.2689011072,523.2689011072,273810.342865936,0.299169080234742,36544.3786746906,-877.778674690562,877.778674690562,770495.40174152,0.501853326657086,354.509773583362,496685.058875583,0.202684246422344,mean
2009Q3,2009Q4,1,SARIMA,SARIMA-W60,35666.6,1789.29152542373,36531.7265582739,-865.1265582739,865.1265582739,748443.961830843,0.483502294612962,36944.0529365138,-1277.45293651379,1277.45293651379,1631886.00500771,0.713943434237903,412.326378239894,883442.04317687,0.230441139624941,mean
2009Q3,2010Q1,2,SARIMA,SARIMA-W60,36374,1789.29152542373,35124.2071601881,1249.7928398119,1249.7928398119,1561982.14244508,0.698484747764022,35173.3968419089,1200.60315809111,1200.60315809111,1441447.94321836,0.670993597763112,-49.1896817207817,-120534.199226726,-0.0274911500009104,mean
2009Q4,2010Q1,1,SARIMA,SARIMA-W60,36374,1843.88,34540.835724636,1833.164275364,1833.164275364,3360491.26047081,0.994188491313967,34454.0002401438,1919.99975985615,1919.99975985615,3686399.07784769,1.04128238272347,86.835484492156,325907.817376877,0.0470938914095037,mean
2009Q4,2010Q2,2,SARIMA,SARIMA-W60,36295.4,1843.88,34010.0240214116,2285.3759785884,2285.3759785884,5222943.3635089,1.23943856356618,33710.9414954024,2584.45850459757,2584.45850459757,6679425.7619867,1.40164137828794,299.082526009166,1456482.3984778,0.162202814721764,mean
2010Q1,2010Q2,1,SARIMA,SARIMA-W60,36295.4,1928.0131147541,35402.4369023996,892.963097600405,892.963097600405,797383.09367611,0.463151983130724,34972.7457049888,1322.65429501124,1322.65429501124,1749414.38411168,0.68601934545447,429.691197410837,952031.290435575,0.222867362323747,mean
2010Q1,2010Q3,2,SARIMA,SARIMA-W60,38359.1,1928.0131147541,37335.221562077,1023.878437923,1023.878437923,1048327.05564364,0.531053668716141,36922.8879628209,1436.21203717912,1436.21203717912,2062705.01573819,0.744918188672328,412.333599256119,1014377.96009455,0.213864519956187,mean
2010Q2,2010Q3,1,SARIMA,SARIMA-W60,38359.1,2009.53225806452,38053.6769545189,305.423045481097,305.423045481097,93283.2367109481,0.15198713245602,37944.0533151846,415.046684815446,415.046684815446,172263.750576293,0.206538951116514,109.62363933435,78980.5138653445,0.0545518186604945,mean
2010Q2,2010Q4,2,SARIMA,SARIMA-W60,43525.2,2009.53225806452,44290.7348803286,-765.534880328603,765.534880328603,586043.652999729,0.380951774850297,44540.3895962717,-1015.18959627173,1015.18959627173,1030609.91637836,0.505187011652906,249.654715943128,444566.263378633,0.12423523680261,mean
2010Q3,2010Q4,1,SARIMA,SARIMA-W60,43525.2,2095.00317460318,44565.2920176815,-1040.09201768151,1040.09201768151,1081791.40524478,0.496463217951215,44865.3963879446,-1340.1963879446,1340.1963879446,1796126.35825977,0.63971091031805,300.1043702631,714334.953014981,0.143247692366835,mean
2010Q3,2011Q1,2,SARIMA,SARIMA-W60,42921.8,2095.00317460318,43929.2650198103,-1007.4650198103,1007.4650198103,1014985.76614136,0.480889495549869,43907.1712103681,-985.371210368074,985.371210368074,970956.422222242,0.470343540436265,-22.0938094422236,-44029.3439191201,-0.0105459551136042,mean
2010Q4,2011Q1,1,SARIMA,SARIMA-W60,42921.8,2185.059375,43214.6451331645,-292.845133164497,292.845133164497,85758.2720181322,0.134021590678513,43124.2064279796,-202.406427979557,202.406427979557,40968.3620874434,0.0926320036404304,-90.4387051849408,-44789.9099306888,-0.0413895870380826,mean
2010Q4,2011Q2,2,SARIMA,SARIMA-W60,42910.9,2185.059375,42830.5131314943,80.3868685057023,80.3868685057023,6462.04862815307,0.0367893291255311,42562.6311329008,348.268867099199,348.268867099199,121291.20379056,0.159386454704097,267.881998593497,114829.155162407,0.122597125578566,mean
2011Q1,2011Q2,1,SARIMA,SARIMA-W60,42910.9,2252.17846153846,42607.9307353029,302.969264697102,302.969264697102,91790.3753511024,0.134522760905077,42415.6328731364,495.267126863597,495.267126863597,245289.526951722,0.219905809118377,192.297862166495,153499.15160062,0.0853830482133004,mean
2011Q1,2011Q3,2,SARIMA,SARIMA-W60,44978.1,2252.17846153846,44853.0232773359,125.076722664096,125.076722664096,15644.1865523913,0.0555358843893111,44649.3001078617,328.799892138326,328.799892138326,108109.369070175,0.145991935254422,203.72316947423,92465.1825177835,0.0904560508651106,mean
2011Q2,2011Q3,1,SARIMA,SARIMA-W60,44978.1,2318.28939393939,45102.1753201015,-124.075320101503,124.075320101503,15394.6850582905,0.0535202034853234,45021.22838456,-43.128384560041,43.128384560041,1860.05755475878,0.0186035378813317,-80.9469355414622,-13534.6275035317,-0.0349166656039916,mean
2011Q2,2011Q4,2,SARIMA,SARIMA-W60,50415,2318.28939393939,51846.836043955,-1431.836043955,1431.836043955,2050154.45676871,0.617626102978426,52009.1835745815,-1594.18357458153,1594.18357458153,2541421.26946553,0.68765512137921,162.347530626525,491266.812696823,0.0700290184007842,mean
2011Q3,2011Q4,1,SARIMA,SARIMA-W60,50415,2382.47910447761,51759.2829403963,-1344.2829403963,1344.2829403963,1807096.62384051,0.564237032706756,51938.2241762942,-1523.22417629416,1523.22417629416,2320211.89124703,0.639344191280179,178.941235897866,513115.267406517,0.0751071585734229,mean
2011Q3,2012Q1,2,SARIMA,SARIMA-W60,49318.8,2382.47910447761,51065.0425543763,-1746.24255437629,1746.24255437629,3049363.05871465,0.732951886585038,51113.7186209368,-1794.91862093675,1794.91862093675,3221732.8557855,0.7533827337933,48.6760665604597,172369.797070853,0.0204308472082623,mean
2011Q4,2012Q1,1,SARIMA,SARIMA-W60,49318.8,2448.76323529412,50099.6616311028,-780.861631102794,780.861631102794,609744.886928517,0.318880004341867,50263.6625316585,-944.862531658517,944.862531658517,892765.203732141,0.38585295550022,164.000900555722,283020.316803625,0.0669729511583524,mean
2011Q4,2012Q2,2,SARIMA,SARIMA-W60,48902.8,2448.76323529412,49896.8168573157,-994.016857315699,994.016857315699,988069.512627778,0.40592607851543,50007.8856544407,-1105.08565444071,1105.08565444071,1221214.30365065,0.451283177774423,111.068797125008,233144.791022867,0.045357099258993,mean
2012Q1,2012Q2,1,SARIMA,SARIMA-W60,48902.8,2505.98405797101,49305.1768994487,-402.376899448696,402.376899448696,161907.169209946,0.160566424263083,49443.6913266938,-540.891326693774,540.891326693774,292563.427292551,0.215839891308691,138.514427245078,130656.258082605,0.0552734670456073,mean
2012Q1,2012Q3,2,SARIMA,SARIMA-W60,51200.4,2505.98405797101,51790.4219035315,-590.021903531502,590.021903531502,348125.846646937,0.23544519433584,51923.0504809395,-722.650480939454,722.650480939454,522223.717602024,0.288369943392439,132.628577407952,174097.870955086,0.0529247490565983,mean
2012Q2,2012Q3,1,SARIMA,SARIMA-W60,51200.4,2555.78285714286,51434.464288184,-234.064288183996,234.064288183996,54786.0910030806,0.0915822279384326,51421.4400125668,-221.040012566787,221.040012566787,48858.6871555256,0.0864862255214791,-13.0242756172083,-5927.40384755507,-0.0050960024169535,mean
2012Q2,2012Q4,2,SARIMA,SARIMA-W60,57744.7,2555.78285714286,58399.3982313174,-654.698231317401,654.698231317401,428629.774090133,0.256163480198508,58591.2216227389,-846.521622738888,846.521622738888,716598.857764481,0.331218131608107,191.823391421487,287969.083674347,0.0750546514095993,mean
2012Q3,2012Q4,1,SARIMA,SARIMA-W60,57744.7,2607.42394366197,58211.10718174,-466.407181740004,466.407181740004,217535.659178653,0.178876619919722,58450.8537383686,-706.153738368601,706.153738368601,498653.10221195,0.270824290037335,239.746556628597,281117.443033298,0.0919476701176134,mean
2012Q3,2013Q1,2,SARIMA,SARIMA-W60,55451,2607.42394366197,57271.9604642949,-1820.9604642949,1820.9604642949,3315897.01252509,0.698375294405508,57422.2731885751,-1971.27318857509,1971.27318857509,3885917.98399501,0.756023274760052,150.312724280193,570020.971469915,0.057647980354544,mean
2012Q4,2013Q1,1,SARIMA,SARIMA-W60,55451,2673.01111111111,56934.3554734093,-1483.3554734093,1483.3554734093,2200343.46049332,0.554938012507064,56956.8397204022,-1505.83972040217,1505.83972040217,2267553.2635409,0.563349592578473,22.4842469928772,67209.8030475788,0.00841158007140907,mean
2012Q4,2013Q2,2,SARIMA,SARIMA-W60,55313.3,2673.01111111111,56592.5177492441,-1279.2177492441,1279.2177492441,1636398.04998113,0.47856806278383,56523.3054666939,-1210.00546669387,1210.00546669387,1464113.22942904,0.452675060595201,-69.2122825502302,-172284.820552091,-0.0258930021886292,mean
2013Q1,2013Q2,1,SARIMA,SARIMA-W60,55313.3,2720.39726027397,55484.2449093349,-170.944909334896,170.944909334896,29222.1620275157,0.0628382155177145,55507.1781260396,-193.878126039577,193.878126039577,37588.7277566182,0.0712683139594295,22.9332167046814,8366.56572910243,0.00843009844171501,mean
2013Q1,2013Q3,2,SARIMA,SARIMA-W60,58052.7,2720.39726027397,58094.7041902071,-42.0041902071025,42.0041902071025,1764.35199495445,0.0154404618841854,58079.8737692358,-27.1737692357638,27.1737692357638,738.413734478541,0.00998889744251069,-14.8304209713388,-1025.93826047591,-0.00545156444167467,mean
2013Q2,2013Q3,1,SARIMA,SARIMA-W60,58052.7,2770.26351351351,57968.0675870421,84.6324129579007,84.6324129579007,7162.64532307663,0.0305503113855627,57951.7214226876,100.97857731238,100.97857731238,10196.6730760324,0.0364508924222555,16.3461643544797,3034.02775295575,0.00590058103669277,mean
2013Q2,2013Q4,2,SARIMA,SARIMA-W60,65563,2770.26351351351,65567.1776732995,-4.17767329950584,4.17767329950584,17.452954197404,0.00150804184480173,65750.2060304933,-187.206030493282,187.206030493282,35046.0978530516,0.0675769758292234,183.028357193776,35028.6448988542,0.0660689339844217,mean
2013Q3,2013Q4,1,SARIMA,SARIMA-W60,65563,2824.69066666667,65658.0798143768,-95.0798143768043,95.0798143768043,9040.17110192756,0.0336602572093337,65856.0827458646,-293.082745864609,293.082745864609,85897.495923539,0.10375746602033,198.002931487805,76857.3248216114,0.0700972088109959,mean
2013Q3,2014Q1,2,SARIMA,SARIMA-W60,62081.2,2824.69066666667,64021.0618207358,-1939.8618207358,1939.8618207358,3763063.88354842,0.686751949028448,64232.2946961701,-2151.09469617013,2151.09469617013,4627208.39189128,0.761532836694141,211.232875434333,864144.508342862,0.0747808876656932,mean
2013Q4,2014Q1,1,SARIMA,SARIMA-W60,62081.2,2890.39605263158,63959.3240422254,-1878.1240422254,1878.1240422254,3527349.91798509,0.649780863254174,64057.6557482397,-1976.45574823968,1976.45574823968,3906377.32474966,0.683801012819749,98.3317060142726,379027.406764569,0.0340201495655746,mean
2013Q4,2014Q2,2,SARIMA,SARIMA-W60,62117.5,2890.39605263158,63686.4189523669,-1568.9189523669,1568.9189523669,2461506.67909604,0.542804143030318,63700.4144047021,-1582.91440470211,1582.91440470211,2505618.01261344,0.547646196534532,13.9954523352135,44111.333517395,0.00484205350421485,mean
2014Q1,2014Q2,1,SARIMA,SARIMA-W60,62117.5,2938.96493506493,62285.5732780957,-168.073278095697,168.073278095697,28248.6268098335,0.0571879154087232,62369.8838231335,-252.383823133474,252.383823133474,63697.5941794687,0.0858750712273803,84.310545037777,35448.9673696352,0.0286871558186571,mean
2014Q1,2014Q3,2,SARIMA,SARIMA-W60,64952.1,2938.96493506493,65190.7469020683,-238.6469020683,238.6469020683,56952.3438667967,0.0812010035305261,65209.2780262614,-257.178026261383,257.178026261383,66140.5371917006,0.0875063268680003,18.5311241930831,9188.19332490387,0.00630532333747415,mean
2014Q2,2014Q3,1,SARIMA,SARIMA-W60,64952.1,2988.51923076923,65067.8751019672,-115.7751019672,115.7751019672,13403.8742355155,0.0387399554853792,65039.7889405119,-87.6889405119146,87.6889405119146,7689.35028810209,0.0293419361699553,-28.086161455285,-5714.52394741337,-0.00939801931542391,mean
2014Q2,2014Q4,2,SARIMA,SARIMA-W60,73243.3,2988.51923076923,73460.7506416148,-217.450641614792,217.450641614792,47284.7815386849,0.0727620017886991,73620.6604638768,-377.36046387683,377.36046387683,142400.919697336,0.126270047049254,159.909822262038,95116.1381586516,0.0535080452605546,mean
2014Q3,2014Q4,1,SARIMA,SARIMA-W60,73243.3,3038.02405063291,73375.8566639279,-132.556663927899,132.556663927899,17571.2691516939,0.0436325261810495,73562.4984634611,-319.1984634611,319.1984634611,101887.659075927,0.105067786871075,186.641799533201,84316.3899242333,0.0614352606900259,mean
2014Q3,2015Q1,2,SARIMA,SARIMA-W60,70715.3,3038.02405063291,70733.6081772841,-18.308177284096,18.308177284096,335.189355465889,0.00602634376126215,71033.8577470912,-318.557747091196,318.557747091196,101479.038231818,0.104856887826425,300.2495698071,101143.848876352,0.0988305440651627,mean
2014Q4,2015Q1,1,SARIMA,SARIMA-W60,70715.3,3096.0525,70643.8878829037,71.4121170963044,71.4121170963044,5099.6904681763,0.0230655381639376,70842.5687488395,-127.268748839473,127.268748839473,16197.3344311649,0.0411067799526892,55.8566317431687,11097.6439629886,0.0180412417887515,mean
2014Q4,2015Q2,2,SARIMA,SARIMA-W60,70861.8,3096.0525,70495.5385291645,366.261470835496,366.261470835496,134147.465018581,0.118299502620029,70610.9097217018,250.890278298248,250.890278298248,62945.9317445722,0.0810355374459082,-115.371192537248,-71201.5332740086,-0.0372639651741203,mean
2015Q1,2015Q2,1,SARIMA,SARIMA-W60,70861.8,3164.42345679012,70556.7968875996,305.003112400402,305.003112400402,93026.8985739321,0.0963850497776888,70532.2914540614,329.508545938646,329.508545938646,108575.881846601,0.104129093478813,24.5054335382447,15548.983272669,0.00774404370112404,mean
2015Q1,2015Q3,2,SARIMA,SARIMA-W60,74502.8,3164.42345679012,73877.4039281695,625.396071830502,625.396071830502,391120.246661023,0.197633496392067,73860.6122604614,642.187739538611,642.187739538611,412405.092813711,0.202939887252013,16.7916677081084,21284.8461526878,0.00530639085994558,mean
2015Q2,2015Q3,1,SARIMA,SARIMA-W60,74502.8,3232.47073170732,74127.3263645968,375.473635403207,375.473635403207,140980.4508829,0.116156855410997,74110.2792314902,392.520768509843,392.520768509843,154072.553711558,0.121430571562367,17.0471331066365,13092.1028286577,0.00527371615137023,mean
2015Q2,2015Q4,2,SARIMA,SARIMA-W60,84850.9,3232.47073170732,83557.3153052619,1293.58469473809,1293.58469473809,1673361.36246064,0.40018450346644,83726.9875372308,1123.91246276916,1123.91246276916,1263179.22396785,0.347694551955166,-169.672231968929,-410182.138492797,-0.0524899515112738,mean
2015Q3,2015Q4,1,SARIMA,SARIMA-W60,84850.9,3308.59397590361,83889.3693056433,961.530694356697,961.530694356697,924541.276190073,0.290616105016057,84050.8207134747,800.079286525317,800.079286525317,640126.86472686,0.24181851637048,-161.45140783138,-284414.411463212,-0.0487975886455776,mean
2015Q3,2016Q1,2,SARIMA,SARIMA-W60,78024.4,3308.59397590361,80994.2385357798,-2969.83853577981,2969.83853577981,8819940.92860277,0.89761347491081,81262.2243023072,-3237.82430230717,3237.82430230717,10483506.2126109,0.978610348047584,267.985766527359,1663565.28400814,0.080996873136774,mean
2015Q4,2016Q1,1,SARIMA,SARIMA-W60,78024.4,3407.39166666667,81708.9317745325,-3684.5317745325,3684.5317745325,13575774.3975396,1.08133497260588,81822.0798798845,-3797.67987988447,3797.67987988447,14422372.4700793,1.1145416351856,113.148105351967,846598.072539689,0.0332066625797252,mean
2015Q4,2016Q2,2,SARIMA,SARIMA-W60,78113.9,3407.39166666667,81735.8865750659,-3621.98657506591,3621.98657506591,13118786.7499577,1.06297923144514,81776.4601487918,-3662.56014879185,3662.56014879185,13414346.8435182,1.07488674830704,40.5735737259383,295560.093560485,0.0119075168619023,mean
2016Q1,2016Q2,1,SARIMA,SARIMA-W60,78113.9,3453.29411764706,78978.2333567008,-864.333356700809,864.333356700809,747072.151505687,0.250292424350386,79217.0496076676,-1103.14960766757,1103.14960766757,1216939.05689711,0.319448494708354,238.81625096676,469866.905391423,0.0691560703579688,mean
2016Q1,2016Q3,2,SARIMA,SARIMA-W60,82343.5,3453.29411764706,82542.4620759314,-198.962075931398,198.962075931398,39585.9076589316,0.0576151550239119,82605.3897475418,-261.889747541791,261.889747541791,68586.2398675029,0.0758376606856274,62.9276716103923,29000.3322085713,0.0182225056617155,mean
2016Q2,2016Q3,1,SARIMA,SARIMA-W60,82343.5,3497.46627906977,81876.4694981056,467.030501894405,467.030501894405,218117.48969974,0.133533954191153,81848.114176036,495.385823964025,495.385823964025,245407.114584516,0.141641343886176,28.3553220696194,27289.6248847756,0.00810738969502264,mean
2016Q2,2016Q4,2,SARIMA,SARIMA-W60,93834.2,3497.46627906977,92554.0248754043,1280.1751245957,1280.1751245957,1638848.34963361,0.36602929733927,92650.8312917982,1183.36870820182,1183.36870820182,1400361.49955123,0.338350283827914,-96.8064163938834,-238486.85008238,-0.0276790135113558,mean
2016Q3,2016Q4,1,SARIMA,SARIMA-W60,93834.2,3547.38850574713,93014.5883973418,819.611602658202,819.611602658202,671763.179211947,0.231046473012569,93312.067679439,522.132320561024,522.132320561024,272622.16017444,0.147187803003566,-297.479282097178,-399141.019037506,-0.0838586700090028,mean
2016Q3,2017Q1,2,SARIMA,SARIMA-W60,85823.4,3547.38850574713,88104.0902760483,-2280.69027604831,2280.69027604831,5201548.1352613,0.642920918403315,88812.8293366821,-2989.42933668212,2989.42933668212,8936687.75901571,0.842712697478425,708.739060633816,3735139.62375441,0.19979177907511,mean
2016Q4,2017Q1,1,SARIMA,SARIMA-W60,85823.4,3609.16022727273,88706.4507778841,-2883.05077788411,2883.05077788411,8311981.78785819,0.798814847869111,89235.0777401647,-3411.67774016468,3411.67774016468,11639545.0027352,0.945282981449323,528.62696228057,3327563.21487701,0.146468133580212,mean
2016Q4,2017Q2,2,SARIMA,SARIMA-W60,86545.3,3609.16022727273,88745.7185257776,-2200.4185257776,2200.4185257776,4841841.68858525,0.609676042961481,89139.2948039492,-2593.99480394924,2593.99480394924,6728809.04291568,0.718725310211401,393.576278171648,1886967.35433043,0.10904926724992,mean
2017Q1,2017Q2,1,SARIMA,SARIMA-W60,86545.3,3656.23707865169,86570.8015292013,-25.5015292012977,25.5015292012977,650.327991604638,0.0069748018667055,87320.4389788214,-775.138978821371,775.138978821371,600840.436488238,0.212004572500867,749.637449620073,600190.108496633,0.205029770634162,mean
2017Q1,2017Q3,2,SARIMA,SARIMA-W60,90809.7,3656.23707865169,90923.7558362383,-114.055836238302,114.055836238302,13008.7337800183,0.0311948688733177,91677.9437511334,-868.243751133443,868.243751133443,753847.211382272,0.23746921560503,754.187914895141,740838.477602254,0.206274346731712,mean
2017Q2,2017Q3,1,SARIMA,SARIMA-W60,90809.7,3709.29444444444,90915.0352117204,-105.335211720405,105.335211720405,11095.5068281825,0.0283976409255323,91274.4910452285,-464.791045228514,464.791045228514,216030.715724615,0.125304435166815,359.455833508109,204935.208896432,0.0969067942412824,mean
2017Q2,2017Q4,2,SARIMA,SARIMA-W60,103083.2,3709.29444444444,102968.419451306,114.780548693991,114.780548693991,13174.5743584935,0.0309440381218326,103470.066873087,-386.866873086925,386.866873086925,149665.977492055,0.104296619985602,272.086324392934,136491.403133561,0.073352581863769,mean
2017Q3,2017Q4,1,SARIMA,SARIMA-W60,103083.2,3761.56813186813,102892.240766068,190.959233931993,190.959233931993,36465.4290238938,0.0507658580776938,103198.982664175,-115.782664174825,115.782664174825,13405.6253234203,0.0307804245771625,-75.1765697571682,-23059.8037004734,-0.0199854335005313,mean
2017Q3,2018Q1,2,SARIMA,SARIMA-W60,90275.4,3761.56813186813,96091.0073696289,-5815.60736962891,5815.60736962891,33821289.0776821,1.54605929382453,97036.471839096,-6761.07183909604,6761.07183909604,45712092.4134175,1.79740778368894,945.46446946713,11890803.3357354,0.251348489864406,mean
2017Q4,2018Q1,1,SARIMA,SARIMA-W60,90275.4,3821.21413043478,96235.5966671922,-5960.19666719221,5960.19666719221,35523944.3116092,1.55976515938249,97032.5223193992,-6757.12231939918,6757.12231939918,45658702.0393225,1.76831815458359,796.925652206963,10134757.7277133,0.208552995201106,mean
2017Q4,2018Q2,2,SARIMA,SARIMA-W60,89742.5,3821.21413043478,96613.57931718,-6871.07931718,6871.07931718,47211730.9829788,1.79814035085184,97241.8927402405,-7499.39274024045,7499.39274024045,56240891.4723712,1.96256804362522,628.313423060448,9029160.48939237,0.164427692773385,mean
2018Q1,2018Q2,1,SARIMA,SARIMA-W60,89742.5,3827.99677419355,92133.0507405541,-2390.5507405541,2390.5507405541,5714732.84316375,0.624491315319282,93590.1241598391,-3847.62415983908,3847.62415983908,14804211.6753774,1.00512732554475,1457.07341928498,9089478.83221361,0.380636010225464,mean
2018Q1,2018Q3,2,SARIMA,SARIMA-W60,94281.4,3827.99677419355,96681.0717403193,-2399.6717403193,2399.6717403193,5758424.46128707,0.626874023639909,98199.5225577393,-3918.12255773933,3918.12255773933,15351684.3774658,1.02354385044245,1518.45081742003,9593259.91617875,0.396669826802538,mean
2018Q2,2018Q3,1,SARIMA,SARIMA-W60,94281.4,3821.28617021277,94779.8502726068,-498.450272606802,498.450272606802,248452.674261795,0.130440446070818,95876.5432374341,-1595.14323743408,1595.14323743408,2544481.94793168,0.417436215551808,1096.69296482728,2296029.27366988,0.28699576948099,mean
2018Q2,2018Q4,2,SARIMA,SARIMA-W60,106687.6,3821.28617021277,107294.853211062,-607.253211061994,607.253211061994,368756.462345103,0.158913304058613,108516.814482898,-1829.21448289815,1829.21448289815,3346025.62444436,0.478690786666811,1221.96127183616,2977269.16209926,0.319777482608198,mean
2018Q3,2018Q4,1,SARIMA,SARIMA-W60,106687.6,3817.60631578947,106879.174242219,-191.574242218994,191.574242218994,36700.6902817819,0.0501817700339217,107469.577212405,-781.977212405458,781.977212405458,611488.360721411,0.204834429671606,590.402970186464,574787.670439629,0.154652659637685,mean
2018Q3,2019Q1,2,SARIMA,SARIMA-W60,97789.7,3817.60631578947,97043.842740761,745.857259238997,745.857259238997,556303.051159509,0.195373015848743,98375.9030835451,-586.20308354513,586.20308354513,343634.055157818,0.153552523506842,-159.654175693868,-212668.996001691,-0.0418204923419013,mean
2018Q4,2019Q1,1,SARIMA,SARIMA-W60,97789.7,3815.38541666667,96925.5586250216,864.141374978397,864.141374978397,746740.315949554,0.226488619263361,97880.996617698,-91.2966176980117,91.2966176980117,8335.0724030969,0.0239285439681146,-772.844757280385,-738405.243546457,-0.202560075295246,mean
2018Q4,2019Q2,2,SARIMA,SARIMA-W60,97420,3815.38541666667,96913.3969808391,506.603019160902,506.603019160902,256646.619022942,0.132778989233412,97873.47413021,-453.474130209986,453.474130209986,205638.786769704,0.118854081747308,-53.128888950916,-51007.832253238,-0.0139249074861046,mean
2019Q1,2019Q2,1,SARIMA,SARIMA-W60,97420,3853.51855670103,97594.6942449134,-174.694244913393,174.694244913393,30518.0792058606,0.0453336975916752,97844.9576121319,-424.957612131926,424.957612131926,180588.972108868,0.110277816462814,250.263367218533,150070.892903008,0.0649441188711393,mean
2019Q1,2019Q3,2,SARIMA,SARIMA-W60,101464.5,3853.51855670103,102420.199898861,-955.699898860999,955.699898860999,913362.296682924,0.248007083603917,102657.274350592,-1192.77435059242,1192.77435059242,1422710.65143116,0.309528638059431,237.074451731416,509348.354748234,0.061521554455514,mean
2019Q2,2019Q3,1,SARIMA,SARIMA-W60,101464.5,3892.5387755102,102291.753782937,-827.253782936998,827.253782936998,684348.821383573,0.21252293956367,102419.052994942,-954.552994941594,954.552994941594,911171.420151967,0.245226329136947,127.299212004596,226822.598768394,0.032703389573277,mean
2019Q2,2019Q4,2,SARIMA,SARIMA-W60,114974.8,3892.5387755102,115622.185275859,-647.385275858993,647.385275858993,419107.695399024,0.166314406405403,115745.571418827,-770.771418826553,770.771418826553,594088.580079897,0.198012521718689,123.38614296756,174980.884680873,0.0316981153132861,mean
2019Q3,2019Q4,1,SARIMA,SARIMA-W60,114974.8,3925.77676767677,114927.041871009,47.7581289910013,47.7581289910013,2280.83888472112,0.0121652686378457,115070.165187274,-95.3651872739574,95.3651872739574,9094.51894379697,0.0242920555389586,47.6070582829561,6813.68005907585,0.0121267869011129,mean
2019Q3,2020Q1,2,SARIMA,SARIMA-W60,78579.7,3925.77676767677,104950.908145933,-26371.208145933,26371.208145933,695440619.076123,6.7174497447391,105222.460517532,-26642.7605175316,26642.7605175316,709836687.994539,6.78662137309923,271.552371598562,14396068.9184157,0.0691716283601282,mean
2019Q4,2020Q1,1,SARIMA,SARIMA-W60,78579.7,3969.391,104993.804662714,-26414.104662714,26414.104662714,697704925.13281,6.65444766280621,104685.133263529,-26105.4332635287,26105.4332635287,681493645.876552,6.57668475177394,-308.671399185274,-16211279.2562574,-0.0777629110322655,mean
2019Q4,2020Q2,2,SARIMA,SARIMA-W60,93676.5,3969.391,104830.029686757,-11153.529686757,11153.529686757,124401224.47337,2.80988435927753,104425.708937203,-10749.2089372031,10749.2089372031,115545492.775647,2.70802471643714,-404.320749553881,-8855731.69772229,-0.101859642840396,mean
2020Q1,2020Q2,1,SARIMA,SARIMA-W60,93676.5,4120.28811881188,84718.923536005,8957.57646399501,8957.57646399501,80238176.1083173,2.17401701184382,85642.4511586865,8034.04884131347,8034.04884131347,64545940.7846104,1.9498754964811,-923.527622681533,-15692235.3237069,-0.224141515362726,mean
2020Q1,2020Q3,2,SARIMA,SARIMA-W60,101067.8,4120.28811881188,86738.2490401432,14329.5509598568,14329.5509598568,205336030.711133,3.47780314061844,87039.4895670949,14028.3104329051,14028.3104329051,196793493.601953,3.40469162067973,-301.240526951733,-8542537.10917979,-0.0731115199387071,mean
2020Q2,2020Q3,1,SARIMA,SARIMA-W60,101067.8,4116.59411764706,91140.843444399,9926.95655560101,9926.95655560101,98544466.4567898,2.4114489483056,87252.0350759997,13815.7649240004,13815.7649240004,190875360.435238,3.35611540248158,3888.80836839935,92330893.9784487,0.94466645417598,mean
2020Q2,2020Q4,2,SARIMA,SARIMA-W60,118656.6,4116.59411764706,105826.22873191,12830.37126809,12830.37126809,164618426.87703,3.11674430400817,105551.918097203,13104.6819027974,13104.6819027974,171732687.773506,3.18337964061605,274.310634707421,7114260.89647684,0.0666353366078778,mean
2020Q3,2020Q4,1,SARIMA,SARIMA-W60,118656.6,4080.4786407767,111505.905104597,7150.69489540301,7150.69489540301,51132437.4871426,1.75241571514314,112942.922629256,5713.67737074429,5713.67737074429,32646109.0969554,1.40024685183911,-1437.01752465872,-18486328.3901872,-0.352168863304033,mean
2020Q3,2021Q1,2,SARIMA,SARIMA-W60,105220.8,4080.4786407767,88036.8966069389,17183.9033930611,17183.9033930611,295286535.822057,4.21124698983603,104887.241107783,333.558892216999,333.558892216999,111261.534577032,0.0817450406145265,-16850.3445008441,-295175274.28748,-4.12950194922151,mean
2020Q4,2021Q1,1,SARIMA,SARIMA-W60,105220.8,4076.64519230769,91734.970020975,13485.829979025,13485.829979025,181867610.223169,3.30807056853309,87932.5129492461,17288.2870507539,17288.2870507539,298884869.149266,4.24081229423045,3802.45707172892,117017258.926096,0.932741725697359,mean
2020Q4,2021Q2,2,SARIMA,SARIMA-W60,106683.5,4076.64519230769,100116.639347991,6566.860652009,6566.860652009,43123658.822904,1.61084920129918,97901.9101852793,8781.58981472072,8781.58981472072,77116319.6740067,2.15412168596151,2214.72916271172,33992660.8511027,0.543272484662326,mean
2021Q1,2021Q2,1,SARIMA,SARIMA-W60,106683.5,4291.54476190476,109042.423491858,-2358.923491858,2358.923491858,5564520.04043956,0.549667689079636,108474.755447645,-1791.25544764473,1791.25544764473,3208596.07871691,0.417391766141033,-567.668044213278,-2355923.96172265,-0.132275922938603,mean
2021Q1,2021Q3,2,SARIMA,SARIMA-W60,106152.9,4291.54476190476,115302.763824493,-9149.863824493,9149.863824493,83720008.0067658,2.1320676661035,114613.377559422,-8460.4775594216,8460.4775594216,71579680.5334765,1.97142941034279,-689.3862650714,-12140327.4732892,-0.160638255760712,mean
2021Q2,2021Q3,1,SARIMA,SARIMA-W60,106152.9,4373.76603773585,113583.509534956,-7430.60953495601,7430.60953495601,55213958.0609791,1.6989042099752,113372.909791352,-7220.0097913521,7220.0097913521,52128541.3872202,1.65075354489918,-210.599743603903,-3085416.67375888,-0.0481506650760231,mean
2021Q2,2021Q4,2,SARIMA,SARIMA-W60,122766,4373.76603773585,129900.791170198,-7134.791170198,7134.791170198,50905245.0423354,1.63126950747723,129412.769135224,-6646.76913522388,6646.76913522388,44179539.9369648,1.51969014297452,-488.022034974128,-6725705.10537066,-0.111579364502716,mean
2021Q3,2021Q4,1,SARIMA,SARIMA-W60,122766,4380.41401869159,124105.514020146,-1339.514020146,1339.514020146,1794297.8101677,0.305796213424161,124261.45483767,-1495.45483767038,1495.45483767038,2236385.17151173,0.341395774757625,155.940817524373,442087.361344025,0.0355995613334633,mean
2021Q3,2022Q1,2,SARIMA,SARIMA-W60,108659.1,4380.41401869159,105520.093321736,3139.00667826401,3139.00667826401,9853362.92618603,0.716600454858743,105851.51231656,2807.58768344013,2807.58768344013,7882548.6002047,0.640941169364338,-331.418994823878,-1970814.32598133,-0.0756592854944044,mean
2021Q4,2022Q1,1,SARIMA,SARIMA-W60,108659.1,4377.90462962963,104788.627113284,3870.472886716,3870.472886716,14980560.3668037,0.884092554351382,105120.550929503,3538.54907049665,3538.54907049665,12521329.5243127,0.808274590210982,-331.923816219351,-2459230.84249099,-0.0758179641404001,mean
2021Q4,2022Q2,2,SARIMA,SARIMA-W60,101772.6,4377.90462962963,109525.270820416,-7752.67082041599,7752.67082041599,60103904.8497296,1.77086334132223,109825.913799958,-8053.31379995804,8053.31379995804,64855863.1605945,1.83953614371891,300.642979542041,4751958.31086492,0.0686728023966743,mean
2022Q1,2022Q2,1,SARIMA,SARIMA-W60,101772.6,4369.28440366972,112228.748725989,-10456.148725989,10456.148725989,109331046.180001,2.39310325443841,112081.360628407,-10308.7606284073,10308.7606284073,106270545.6938,2.35937047717678,-147.388097581701,-3060500.48620093,-0.0337327772616294,mean
2022Q1,2022Q3,2,SARIMA,SARIMA-W60,109872.9,4369.28440366972,116094.472268969,-6221.572268969,6221.572268969,38707961.4980041,1.42393392010453,115832.373855645,-5959.47385564516,5959.47385564516,35515328.6361182,1.36394734356039,-262.098413323838,-3192632.86188586,-0.059986576544137,mean
2022Q2,2022Q3,1,SARIMA,SARIMA-W60,109872.9,4374.20818181818,108810.506062202,1062.393937798,1062.393937798,1128680.87906994,0.242876857625099,109428.518046557,444.381953443357,444.381953443357,197475.320546134,0.101591404654784,-618.011984354642,-931205.558523804,-0.141285452970316,mean
2022Q2,2022Q4,2,SARIMA,SARIMA-W60,119427.9,4374.20818181818,124600.423774362,-5172.52377436201,5172.52377436201,26755002.1963402,1.18250516650353,125013.376130073,-5585.47613007296,5585.47613007296,31197543.5996148,1.27691136267577,412.95235571095,4442541.40327459,0.0944061961722413,mean
2022Q3,2022Q4,1,SARIMA,SARIMA-W60,119427.9,4368.31441441441,125505.350153076,-6077.450153076,6077.450153076,36935400.3631235,1.39125749122404,125344.832452746,-5916.93245274601,5916.93245274601,35010089.6503589,1.35451157847556,-160.51770032999,-1925310.71276459,-0.0367459127484779,mean
2022Q3,2023Q1,2,SARIMA,SARIMA-W60,114922.4,4368.31441441441,108594.605073668,6327.79492633199,6327.79492633199,40040988.6297129,1.44856672986994,108782.291685506,6140.10831449414,6140.10831449414,37700930.11372,1.40560127591394,-187.686611837853,-2340058.51599284,-0.0429654539559998,mean
2022Q4,2023Q1,1,SARIMA,SARIMA-W60,114922.4,4359.11607142857,105125.248020514,9797.15197948599,9797.15197948599,95984186.9091463,2.24750885705947,105794.414160918,9127.98583908191,9127.98583908191,83320125.47848,2.09399926258226,-669.166140404079,-12664061.4306663,-0.153509594477208,mean
2022Q4,2023Q2,2,SARIMA,SARIMA-W60,112665.2,4359.11607142857,105737.622884201,6927.57711579899,6927.57711579899,47991324.6953419,1.58921602505727,106370.371167834,6294.82883216596,6294.82883216596,39624870.0262679,1.44406084376253,-632.748283633031,-8366454.66907401,-0.14515518129474,mean
2023Q1,2023Q2,1,SARIMA,SARIMA-W60,112665.2,4375.96725663717,112144.625742194,520.574257806002,520.574257806002,270997.557890269,0.118962100782731,111611.791567161,1053.4084328388,1053.4084328388,1109669.32637589,0.240725848951694,532.834175032796,838671.768485623,0.121763748168963,mean
2023Q1,2023Q3,2,SARIMA,SARIMA-W60,114519.4,4375.96725663717,117655.914998182,-3136.514998182,3136.514998182,9837726.33382063,0.716759247552583,116934.493308153,-2415.09330815307,2415.09330815307,5832675.68708573,0.551899309687479,-721.421690028932,-4005050.6467349,-0.164859937865104,mean
2023Q2,2023Q3,1,SARIMA,SARIMA-W60,114519.4,4433.13070175439,118048.875156476,-3529.47515647601,3529.47515647601,12457194.8801813,0.796158605267207,117632.277476815,-3112.87747681541,3112.87747681541,9690006.18566468,0.702184908643344,-416.597679660597,-2767188.69451666,-0.0939736966238625,mean
2023Q2,2023Q4,2,SARIMA,SARIMA-W60,129388.2,4433.13070175439,132597.307388642,-3209.10738864199,3209.10738864199,10298370.2318366,0.723891895939816,131633.138472461,-2244.93847246077,2244.93847246077,5039748.74513448,0.506400244768859,-964.168916181225,-5258621.48670214,-0.217491651170957,mean
2023Q3,2023Q4,1,SARIMA,SARIMA-W60,129388.2,4434.98608695652,130034.043423988,-645.843423988001,645.843423988001,417113.728308544,0.145624678708114,129620.822321977,-232.622321976785,232.622321976785,54113.1446818712,0.0524516463898133,-413.221102011215,-363000.583626673,-0.0931730323183011,mean
2023Q3,2024Q1,2,SARIMA,SARIMA-W60,120326.8,4434.98608695652,116901.265885505,3425.53411449501,3425.53411449501,11734283.9695691,0.772388920129794,116986.514217863,3340.28578213672,3340.28578213672,11157509.1063447,0.753167138891516,-85.2483323582856,-576774.863224363,-0.0192217812382782,mean
2023Q4,2024Q1,1,SARIMA,SARIMA-W60,120326.8,4482.61810344828,116557.810452794,3768.989547206,3768.989547206,14205282.2069481,0.840800947175644,116995.843044126,3330.9569558739,3330.9569558739,11095274.2418847,0.743082921409599,-438.032591332099,-3110007.96506337,-0.0977180257660452,mean
2023Q4,2024Q2,2,SARIMA,SARIMA-W60,115642.2,4482.61810344828,116270.997452425,-628.797452425002,628.797452425002,395386.236176173,0.140274597994707,116586.376196183,-944.176196183224,944.176196183224,891468.689439021,0.21063052314381,315.378743758221,496082.453262848,0.070355925149103,mean
2024Q1,2024Q2,1,SARIMA,SARIMA-W60,115642.2,4490.49658119658,118663.244070226,-3021.04407022601,3021.04407022601,9126707.27424773,0.672763917219372,118420.683865553,-2778.48386555316,2778.48386555316,7719972.59113925,0.618747573973831,-242.560204672845,-1406734.68310848,-0.0540163432455415,mean
2024Q1,2024Q3,2,SARIMA,SARIMA-W60,117595,4490.49658119658,123087.49185834,-5492.49185834,5492.49185834,30167466.8139312,1.22313685335808,122601.392197245,-5006.3921972453,5006.3921972453,25063962.8326386,1.11488609482723,-486.099661094704,-5103503.98129261,-0.108250758530847,mean
2024Q2,2024Q3,1,SARIMA,SARIMA-W60,117595,4477.67033898305,121082.797729592,-3487.797729592,3487.797729592,12164733.0025471,0.778931333829308,121015.125916266,-3420.12591626577,3420.12591626577,11697261.2831127,0.763818159298107,-67.671813326233,-467471.719434358,-0.015113174531201,mean
2024Q2,2024Q4,2,SARIMA,SARIMA-W60,134330.8,4477.67033898305,135986.880959906,-1656.08095990602,1656.08095990602,2742604.14576323,0.369853257281584,135210.167387221,-879.367387221311,879.367387221311,773287.001708435,0.196389488427822,-776.713572684705,-1969317.1440548,-0.173463768853763,mean
2024Q3,2024Q4,1,SARIMA,SARIMA-W60,134330.8,4465.88823529412,133466.744701973,864.055298027,864.055298027,746591.558048529,0.193478934649177,133150.35835216,1180.44164783959,1180.44164783959,1393442.48395424,0.264324046112597,316.386349812587,646850.925905711,0.0708451114634197,mean
2024Q3,2025Q1,2,SARIMA,SARIMA-W60,124671.1,4465.88823529412,121755.110174132,2915.989825868,2915.989825868,8502996.66456571,0.652947335946028,122237.471921881,2433.62807811935,2433.62807811935,5922545.62261088,0.544937076321408,-482.361747748655,-2580451.04195484,-0.10801025962462,mean
2024Q4,2025Q1,1,SARIMA,SARIMA-W60,124671.1,4469.86083333333,122270.183768883,2400.91623111701,2400.91623111701,5764398.7488411,0.537134447948027,122527.09944286,2144.00055714029,2144.00055714029,4596738.38901786,0.479657116201855,-256.91567397672,-1167660.35982323,-0.0574773317461719,mean
2024Q4,2025Q2,2,SARIMA,SARIMA-W60,120787.3,4469.86083333333,120348.638211214,438.661788786005,438.661788786005,192424.164940937,0.0981376837316162,120697.833876928,89.4661230721686,89.4661230721686,8004.18717756441,0.0200154157831913,-349.195665713836,-184419.977763373,-0.0781222679484249,mean
2025Q1,2025Q2,1,SARIMA,SARIMA-W60,120787.3,4468.82314049587,121840.985396605,-1053.685396605,1053.685396605,1110252.91501863,0.235785879968407,121736.884330832,-949.584330832397,949.584330832397,901710.40136241,0.212490917849801,-104.1010657726,-208542.513656219,-0.0232949621186058,mean
2025Q1,2025Q3,2,SARIMA,SARIMA-W60,120418.8,4468.82314049587,125414.844982993,-4996.044982993,4996.044982993,24960465.4720895,1.11797778205173,125168.811192594,-4750.01119259422,4750.01119259422,22562606.3297703,1.06292217061585,-246.033790398782,-2397859.14231918,-0.0550556114358738,mean
2025Q2,2025Q3,1,SARIMA,SARIMA-W60,120418.8,4474.36639344262,124751.754455476,-4332.95445547599,4332.95445547599,18774494.3132293,0.968395092057308,124690.001713786,-4271.20171378636,4271.20171378636,18243164.0798515,0.954593642587248,-61.7527416896337,-531330.233377725,-0.0138014494700601,mean
2025Q2,2025Q4,2,SARIMA,SARIMA-W60,135325.2,4474.36639344262,140686.063780825,-5360.86378082499,5360.86378082499,28738860.4765612,1.19812802739659,139935.377287433,-4610.17728743277,4610.17728743277,21253734.621561,1.03035310076287,-750.686493392219,-7485125.85500022,-0.16777492663372,mean
2025Q3,2025Q4,1,SARIMA,SARIMA-W60,135325.2,4460.94715447155,137553.412674297,-2228.21267429698,2228.21267429698,4964931.72189772,0.499493178721805,137525.860149582,-2200.66014958158,2200.66014958158,4842905.09395644,0.493316794254264,-27.5525247154001,-122026.627941278,-0.00617638446754121,mean
2025Q3,2026Q1,2,SARIMA,SARIMA-W60,127694.9,4460.94715447155,126574.4254316,1120.47456839999,1120.47456839999,1255463.25843115,0.251174140737546,127070.765212213,624.134787786839,624.134787786839,389544.233325723,0.139910823010136,-496.339780613154,-865919.025105429,-0.11126331772741,mean
2025Q4,2026Q1,1,SARIMA,SARIMA-W60,127694.9,4432.99112903226,125303.736984065,2391.16301593499,2391.16301593499,5717660.56877531,0.539401714628964,126034.091100989,1660.80889901068,1660.80889901068,2758286.19903306,0.374647467289933,-730.354116924311,-2959374.36974225,-0.164754247339031,mean
2025Q4,2026Q2,2,SARIMA,SARIMA-W60,121027.2,4432.99112903226,122595.207208965,-1568.00720896501,1568.00720896501,2458646.60736623,0.353713139350971,123459.917907348,-2432.71790734801,2432.71790734801,5918116.41673167,0.548775721976028,864.710698383002,3459469.80936544,0.195062582625057,mean
2026Q1,2026Q2,1,SARIMA,SARIMA-W60,121027.2,4421.7176,124087.341878701,-3060.141878701,3060.141878701,9364468.31777971,0.6920708547061,124253.34148072,-3226.14148071969,3226.14148071969,10407988.8536202,0.729612737077484,165.999602018681,1043520.53584049,0.0375418823713846,mean
2004Q3,2005Q1,2,SARIMA,SARIMA-W60,15112.2,905.561538461538,15145.1309883708,-32.9309883707992,32.9309883707992,1084.44999507771,0.036365268369001,15150.5508923513,-38.3508923513346,38.3508923513346,1470.79094414365,0.0423503988657569,5.41990398053531,386.340949065936,0.00598513049675586,median
2004Q4,2005Q1,1,SARIMA,SARIMA-W60,15112.2,942.135,15148.4046310045,-36.2046310044989,36.2046310044989,1310.77530617192,0.0384282836371633,15148.4305869898,-36.2305869897991,36.2305869897991,1312.6554336254,0.0384558338134122,0.0259559853002429,1.88012745347987,2.75501762488847e-05,median
2004Q4,2005Q2,2,SARIMA,SARIMA-W60,14497.5,942.135,14669.6470744845,-172.147074484499,172.147074484499,29634.6152535717,0.182720177558948,14669.6943708372,-172.194370837207,172.194370837207,29650.9013480217,0.182770378806867,0.0472963527081447,16.2860944499698,5.02012479189906e-05,median
2005Q1,2005Q2,1,SARIMA,SARIMA-W60,14497.5,974.80487804878,14634.5702938137,-137.0702938137,137.0702938137,18788.2654461741,0.140613056931011,14634.4870299532,-136.987029953194,136.987029953194,18765.4463753973,0.140527641005854,-0.083263860506122,-22.8190707768081,-8.54159251570397e-05,median
2005Q1,2005Q3,2,SARIMA,SARIMA-W60,15470.9,974.80487804878,15528.2093923654,-57.3093923653996,57.3093923653996,3284.36645329132,0.0587906294438258,15528.2840950366,-57.3840950366157,57.3840950366157,3292.93436317134,0.0588672629044273,0.0747026712160732,8.5679098800174,7.66334606014732e-05,median
2005Q2,2005Q3,1,SARIMA,SARIMA-W60,15470.9,1001.09285714286,15371.5917686733,99.3082313267005,99.3082313267005,9862.12480923746,0.0991998200947395,15370.9869069287,99.91309307134,99.91309307134,9982.62616708224,0.0998040215335209,0.604861744639493,120.501357844789,0.000604201438781399,median
2005Q2,2005Q4,2,SARIMA,SARIMA-W60,22096,1001.09285714286,18031.7204271487,4064.2795728513,4064.2795728513,16518368.4462964,4.05984274470886,18030.3418839266,4065.65811607338,4065.65811607338,16529575.9167933,4.06121978302478,1.37854322207932,11207.4704969935,0.00137703831591995,median
2005Q3,2005Q4,1,SARIMA,SARIMA-W60,22096,1030.86511627907,18153.089252844,3942.910747156,3942.910747156,15546545.1600383,3.82485611831354,18149.8349910171,3946.16500898291,3946.16500898291,15572218.2781211,3.82801294433813,3.25426182691444,25673.11808284,0.00315682602459288,median
2005Q3,2006Q1,2,SARIMA,SARIMA-W60,18440.2,1030.86511627907,17692.4513402856,747.748659714402,747.748659714402,559128.058104684,0.725360328821113,17689.7895048644,750.410495135555,750.410495135555,563115.911209589,0.727942466269669,2.66183542115323,3987.85310490464,0.00258213744855507,median
2005Q4,2006Q1,1,SARIMA,SARIMA-W60,18440.2,1157.08863636364,21543.4159565735,-3103.2159565735,3103.2159565735,9629949.27313237,2.68191723524821,21543.4109013254,-3103.21090132537,3103.21090132537,9629917.89810461,2.68191286631054,-0.00505524812979274,-31.3750277664512,-4.36893766897484e-06,median
2005Q4,2006Q2,2,SARIMA,SARIMA-W60,18008,1157.08863636364,20691.467523777,-2683.467523777,2683.467523777,7200997.95116586,2.31915467790806,20691.4549331762,-2683.45493317624,2683.45493317624,7200930.37838789,2.31914379663211,-0.0125906007597223,-67.5727779632434,-1.08812759576082e-05,median
2006Q1,2006Q2,1,SARIMA,SARIMA-W60,18008,1205.33111111111,19066.2529194446,-1058.2529194446,1058.2529194446,1119899.24151302,0.877976939024722,19066.6421942644,-1058.6421942644,1058.6421942644,1120723.29547695,0.878299899924193,0.389274819804996,824.053963935003,0.000322960899471147,median
2006Q1,2006Q3,2,SARIMA,SARIMA-W60,18643.2,1205.33111111111,19611.5319326288,-968.3319326288,968.3319326288,937666.731748627,0.80337421286352,19611.5638555164,-968.363855516429,968.363855516429,937728.556670643,0.803400697608944,0.0319228876287525,61.8249220160069,2.64847454234385e-05,median
2006Q2,2006Q3,1,SARIMA,SARIMA-W60,18643.2,1255.44347826087,19278.5873285303,-635.387328530298,635.387328530298,403717.057256869,0.506105881732312,19278.6160219502,-635.416021950234,635.416021950234,403753.52095106,0.506128736938805,0.0286934199357347,36.4636941910721,2.28552064928111e-05,median
2006Q2,2006Q4,2,SARIMA,SARIMA-W60,21318.6,1255.44347826087,27242.4163156773,-5923.8163156773,5923.8163156773,35091599.7418846,4.71850498907637,27242.5790424934,-5923.97904249339,5923.97904249339,35093527.6959009,4.71863460607538,0.162726816088252,1927.95401629806,0.000129616999017479,median
2006Q3,2006Q4,1,SARIMA,SARIMA-W60,21318.6,1296.22765957447,26635.5002483909,-5316.9002483909,5316.9002483909,28269428.2513392,4.10182594787119,26635.2345891811,-5316.63458918113,5316.63458918113,28266603.3548772,4.10162099991485,-0.26565920977373,-2824.89646205306,-0.000204947956333967,median
2006Q3,2007Q1,2,SARIMA,SARIMA-W60,21187.8,1296.22765957447,22256.3301054244,-1068.5301054244,1068.5301054244,1141756.58619828,0.824338300090882,22256.2260586838,-1068.42605868378,1068.42605868378,1141534.24287457,0.824258031212303,-0.104046740616468,-222.34332371573,-8.02688785784822e-05,median
2006Q4,2007Q1,1,SARIMA,SARIMA-W60,21187.8,1285.41875,19759.0411492515,1428.7588507485,1428.7588507485,2041351.85359217,1.11151237738558,19749.5202946403,1438.27970535973,1438.27970535973,2068648.51084968,1.11891918906561,9.52085461123352,27296.6572575073,0.00740681168003299,median
2006Q4,2007Q2,2,SARIMA,SARIMA-W60,20856,1285.41875,19050.7348713977,1805.2651286023,1805.2651286023,3258982.18454748,1.40441792108782,19027.9923953245,1828.00760467551,1828.00760467551,3341611.80275151,1.42211058044354,22.7424760732138,82629.6182040307,0.0176926593557265,median
2007Q1,2007Q2,1,SARIMA,SARIMA-W60,20856,1315.25918367347,20006.149005352,849.850994648001,849.850994648001,722246.713104196,0.646147166427227,20004.7812191003,851.218780899733,851.218780899733,724573.412956428,0.647187103094244,1.36778625173247,2326.69985223189,0.00103993666701663,median
2007Q1,2007Q3,2,SARIMA,SARIMA-W60,21783.2,1315.25918367347,20994.3671245867,788.8328754133,788.8328754133,622257.305332815,0.599754698697575,20993.8676992379,789.33230076214,789.33230076214,623045.481026454,0.600134414996111,0.499425348840305,788.175693639088,0.000379716298536281,median
2007Q2,2007Q3,1,SARIMA,SARIMA-W60,21783.2,1345.914,21661.2230516974,121.976948302599,121.976948302599,14878.375917215,0.0906275945584928,21660.2801587447,122.919841255312,122.919841255312,15109.2873742312,0.0913281541430673,0.942892952713009,230.911457016196,0.000700559584574503,median
2007Q2,2007Q4,2,SARIMA,SARIMA-W60,25383,1345.914,26438.6031066876,-1055.6031066876,1055.6031066876,1114297.91884851,0.784302048041404,26441.6551533518,-1058.65515335177,1058.65515335177,1120750.73371825,0.78656968673464,3.0520466641683,6452.81486974331,0.00226763869323621,median
2007Q3,2007Q4,1,SARIMA,SARIMA-W60,25383,1381.09215686275,26537.613263748,-1154.613263748,1154.613263748,1333131.78882281,0.836014641029305,26545.0722083493,-1162.07220834932,1162.07220834932,1350411.81741787,0.841415399091871,7.45894460132331,17280.0285950645,0.00540075806256612,median
2007Q3,2008Q1,2,SARIMA,SARIMA-W60,25555.2,1381.09215686275,24785.8798259942,769.320174005799,769.320174005799,591853.530132313,0.557037537417753,24811.1645511328,744.035448867162,744.035448867162,553588.749170959,0.538729761927902,-25.2847251386374,-38264.7809613543,-0.0183077754898512,median
2007Q4,2008Q1,1,SARIMA,SARIMA-W60,25555.2,1432.69423076923,23939.0269258187,1616.1730741813,1616.1730741813,2612015.40570864,1.12806559799823,23984.3862952814,1570.81370471862,1570.81370471862,2467455.69493185,1.09640540946077,-45.3593694626761,-144559.710776786,-0.0316601885374537,median
2007Q4,2008Q2,2,SARIMA,SARIMA-W60,25487.5,1432.69423076923,23107.1640352371,2380.3359647629,2380.3359647629,5665999.30514373,1.66144032246495,23127.7838026154,2359.71619738456,2359.71619738456,5568260.53219905,1.64704802092879,-20.619767378339,-97738.7729446739,-0.014392301536154,median
2008Q1,2008Q2,1,SARIMA,SARIMA-W60,25487.5,1488.06603773585,24241.1604271554,1246.3395728446,1246.3395728446,1553362.33083846,0.837556628025027,24242.5878513293,1244.91214867071,1244.91214867071,1549806.25790793,0.836597380157196,-1.42742417388945,-3556.0729305346,-0.000959247867830748,median
2008Q1,2008Q3,2,SARIMA,SARIMA-W60,26843,1488.06603773585,25444.4640615708,1398.5359384292,1398.5359384292,1955902.77107804,0.939834592661711,25415.2368383127,1427.7631616873,1427.7631616873,2038507.64587132,0.959475672101016,29.2272232581017,82604.8747932771,0.019641079439305,median
2008Q2,2008Q3,1,SARIMA,SARIMA-W60,26843,1546.27777777778,26435.9032847995,407.0967152005,407.0967152005,165727.735527037,0.2632752801929,26438.1441193636,404.855880636405,404.855880636405,163908.284085879,0.261826100364865,-2.24083456409426,-1819.45144115738,-0.00144917982803494,median
2008Q2,2008Q4,2,SARIMA,SARIMA-W60,30602,1546.27777777778,31982.876770467,-1380.876770467,1380.876770467,1906820.65521537,0.893032798060071,31974.1554570756,-1372.15545707562,1372.15545707562,1882810.59838239,0.887392599696801,-8.72131339138286,-24010.0568329759,-0.0056401983632699,median
2008Q3,2008Q4,1,SARIMA,SARIMA-W60,30602,1610.16,32359.5930429273,-1757.5930429273,1757.5930429273,3089133.30454644,1.09156421903867,32393.7487334131,-1791.74873341313,1791.74873341313,3210363.52368755,1.11277682554102,34.1556904858298,121230.219141109,0.0212126065023537,median
2008Q3,2009Q1,2,SARIMA,SARIMA-W60,29398,1610.16,30797.9597718197,-1399.9597718197,1399.9597718197,1959887.36271347,0.869453825594786,30755.9115660957,-1357.9115660957,1357.9115660957,1843923.82133648,0.84333952283978,-42.0482057240006,-115963.541376991,-0.0261143027550061,median
2008Q4,2009Q1,1,SARIMA,SARIMA-W60,29398,1674.60357142857,29717.1403548481,-319.140354848099,319.140354848099,101850.566092571,0.190576659630462,29710.2997165806,-312.299716580561,312.299716580561,97531.1129762987,0.186491729689878,-6.84063826753845,-4319.45311627211,-0.0040849299405846,median
2008Q4,2009Q2,2,SARIMA,SARIMA-W60,29313.2,1674.60357142857,28938.6678300196,374.532169980401,374.532169980401,140274.346350228,0.223654228601038,28927.8474270283,385.352572971722,385.352572971722,148496.605495926,0.230115699946218,10.8204029913213,8222.25914569857,0.00646147134517971,median
2009Q1,2009Q2,1,SARIMA,SARIMA-W60,29313.2,1712.64210526316,28655.7810803201,657.418919679902,657.418919679902,432199.635953089,0.383862406313364,28250.6162480657,1062.58375193433,1062.58375193433,1129084.22987484,0.620435377986377,405.164832254432,696884.593921756,0.236572971673013,median
2009Q1,2009Q3,2,SARIMA,SARIMA-W60,30964.9,1712.64210526316,30010.7413599943,954.158640005702,954.158640005702,910418.710297531,0.557126697442189,29500.1365289777,1464.76347102233,1464.76347102233,2145532.02604139,0.855265362518493,510.60483101663,1235113.31574386,0.298138665076304,median
2009Q2,2009Q3,1,SARIMA,SARIMA-W60,30964.9,1749.07413793103,30557.972430146,406.927569854,406.927569854,165590.047107282,0.232653128320423,30367.0391671094,597.860832890601,597.860832890601,357437.575504643,0.341815603995956,190.933263036601,191847.528397361,0.109162475675533,median
2009Q2,2009Q4,2,SARIMA,SARIMA-W60,35666.6,1749.07413793103,36141.1384686016,-474.538468601604,474.538468601604,225186.758182756,0.271308378707682,36499.9259819633,-833.32598196328,833.32598196328,694432.192215065,0.476438341801233,358.787513361676,469245.43403231,0.205129963093551,median
2009Q3,2009Q4,1,SARIMA,SARIMA-W60,35666.6,1789.29152542373,36501.1526730343,-834.552673034304,834.552673034304,696478.164068703,0.466415148776089,36915.1574184641,-1248.55741846406,1248.55741846406,1558895.62720165,0.697794294961738,414.00474542976,862417.463132946,0.231379146185649,median
2009Q3,2010Q1,2,SARIMA,SARIMA-W60,36374,1789.29152542373,35077.5699232882,1296.4300767118,1296.4300767118,1680730.94380295,0.724549386330315,35130.4634914353,1243.53650856469,1243.53650856469,1546383.04813326,0.694988206726237,-52.8935681471048,-134347.895669691,-0.0295611796040776,median
2009Q4,2010Q1,1,SARIMA,SARIMA-W60,36374,1843.88,34512.0887868139,1861.9112131861,1861.9112131861,3466713.36578812,1.00977895155113,34426.1809849965,1947.81901500346,1947.81901500346,3793998.91520907,1.05636972850916,85.9078018173677,327285.549420943,0.0465907769580276,median
2009Q4,2010Q2,2,SARIMA,SARIMA-W60,36295.4,1843.88,33965.4641394526,2329.9358605474,2329.9358605474,5428601.11426477,1.26360493120344,33669.5035251564,2625.89647484357,2625.89647484357,6895332.29659588,1.42411462505346,295.960614296164,1466731.1823311,0.160509693850014,median
2010Q1,2010Q2,1,SARIMA,SARIMA-W60,36295.4,1928.0131147541,35372.5919391194,922.808060880605,922.808060880605,851574.717226222,0.478631630572856,34945.0987120213,1350.30128797871,1350.30128797871,1823313.56831695,0.700358974555484,427.493227098101,971738.851090729,0.221727343982628,median
2010Q1,2010Q3,2,SARIMA,SARIMA-W60,38359.1,1928.0131147541,37286.333280833,1072.766719167,1072.766719167,1150828.43375232,0.556410488578973,36879.8959929558,1479.20400704421,1479.20400704421,2188044.49445564,0.767216776548155,406.437287877212,1037216.06070332,0.210806287969182,median
2010Q2,2010Q3,1,SARIMA,SARIMA-W60,38359.1,2009.53225806452,38021.8575333091,337.242466690899,337.242466690899,113732.481339762,0.167821375017744,37913.5553998379,445.544600162058,445.544600162058,198509.990733569,0.221715575041918,108.302133471159,84777.5093938063,0.053894200024174,median
2010Q2,2010Q4,2,SARIMA,SARIMA-W60,43525.2,2009.53225806452,44232.6656830863,-707.465683086302,707.465683086302,500507.692744768,0.352054902451627,44486.8434635058,-961.643463505789,961.643463505789,924758.150903409,0.478540943867204,254.177780419486,424250.458158641,0.126486041415577,median
2010Q3,2010Q4,1,SARIMA,SARIMA-W60,43525.2,2095.00317460318,44528.5921807449,-1003.3921807449,1003.3921807449,1006795.86838001,0.478945422569565,44829.2556475837,-1304.05564758369,1304.05564758369,1700561.13199491,0.622459986405839,300.663466838785,693765.263614898,0.143514563836274,median
2010Q3,2011Q1,2,SARIMA,SARIMA-W60,42921.8,2095.00317460318,43872.5349114425,-950.734911442494,950.734911442494,903896.871835567,0.453810725906215,43854.2876797082,-932.487679708218,932.487679708218,869533.272807616,0.445100843288623,-18.2472317342763,-34363.5990279512,-0.00870988261759198,median
2010Q4,2011Q1,1,SARIMA,SARIMA-W60,42921.8,2185.059375,43179.3049756871,-257.504975687094,257.504975687094,66308.8125036109,0.117848045061519,43089.246850183,-167.446850182991,167.446850182991,28038.4476362049,0.0766326316340903,-90.0581255041034,-38270.364867406,-0.0412154134274284,median
2010Q4,2011Q2,2,SARIMA,SARIMA-W60,42910.9,2185.059375,42775.8401373353,135.059862664704,135.059862664704,18241.1665030088,0.0618106144894595,42512.1266424382,398.77335756176,398.77335756176,159020.19070108,0.182500009896418,263.713494897056,140779.024198071,0.120689395406958,median
2011Q1,2011Q2,1,SARIMA,SARIMA-W60,42910.9,2252.17846153846,42573.6298450337,337.270154966303,337.270154966303,113751.157430994,0.149752855169352,42382.5199584636,528.380041536358,528.380041536358,279185.468293964,0.234608424936016,191.109886570055,165434.31086297,0.0848555697666641,median
2011Q1,2011Q3,2,SARIMA,SARIMA-W60,44978.1,2252.17846153846,44796.5595508162,181.540449183798,181.540449183798,32956.9346898552,0.0806066003578544,44598.386512315,379.713487684996,379.713487684996,144182.332729904,0.168598312331614,198.173038501198,111225.398040048,0.0879917119737599,median
2011Q2,2011Q3,1,SARIMA,SARIMA-W60,44978.1,2318.28939393939,45066.3707259132,-88.2707259132003,88.2707259132003,7791.72105324333,0.0380758011247271,44986.0214343824,-7.92143438239873,7.92143438239873,62.7491226746487,0.00341693077797251,-80.3492915308016,-7728.97193056868,-0.0346588703467546,median
2011Q2,2011Q4,2,SARIMA,SARIMA-W60,50415,2318.28939393939,51782.5376530366,-1367.5376530366,1367.5376530366,1870159.23247285,0.589890829251816,51950.1442718304,-1535.14427183045,1535.14427183045,2356667.93533383,0.662188368649622,167.606618793849,486508.702860985,0.0722975393978059,median
2011Q3,2011Q4,1,SARIMA,SARIMA-W60,50415,2382.47910447761,51718.8271961743,-1303.8271961743,1303.8271961743,1699965.35748374,0.547256508451176,51897.8104498561,-1482.81044985609,1482.81044985609,2198726.83020243,0.62238130318512,178.983253681792,498761.47271869,0.0751247947339444,median
2011Q3,2012Q1,2,SARIMA,SARIMA-W60,49318.8,2382.47910447761,51002.6909479097,-1683.8909479097,1683.8909479097,2835488.72445222,0.706780993270837,51055.7348525289,-1736.9348525289,1736.9348525289,3016942.6819296,0.729045156897503,53.0439046192041,181453.957477378,0.0222641636266668,median
2011Q4,2012Q1,1,SARIMA,SARIMA-W60,49318.8,2448.76323529412,50060.6883410149,-741.888341014899,741.888341014899,550398.310533839,0.302964504825143,50225.4783867464,-906.678386746367,906.678386746367,822065.696992995,0.370259718734084,164.790045731468,271667.386459156,0.0672952139089409,median
2011Q4,2012Q2,2,SARIMA,SARIMA-W60,48902.8,2448.76323529412,49836.0366196501,-933.236619650095,933.236619650095,870930.588255937,0.381105288661362,49956.7593182498,-1053.95931824982,1053.95931824982,1110830.24452563,0.430404745979139,120.722698599726,239899.656269691,0.0492994573177777,median
2012Q1,2012Q2,1,SARIMA,SARIMA-W60,48902.8,2505.98405797101,49267.3063634872,-364.506363487199,364.506363487199,132864.889022662,0.145454382412282,49405.9782669678,-503.178266967749,503.178266967749,253188.368348667,0.200790689536609,138.67190348055,120323.479326005,0.0553363071243266,median
2012Q1,2012Q3,2,SARIMA,SARIMA-W60,51200.4,2505.98405797101,51727.9303356628,-527.530335662799,527.530335662799,278288.255044506,0.210508256820244,51869.4414647733,-669.041464773334,669.041464773334,447616.481586049,0.266977542273365,141.511129110535,169328.226541543,0.0564692854531208,median
2012Q2,2012Q3,1,SARIMA,SARIMA-W60,51200.4,2555.78285714286,51395.5423015211,-195.142301521097,195.142301521097,38080.5178429506,0.0763532398598403,51381.1582052848,-180.758205284801,180.758205284801,32673.5287777823,0.0707251810456514,-14.3840962362956,-5406.98906516832,-0.00562805881418883,median
2012Q2,2012Q4,2,SARIMA,SARIMA-W60,57744.7,2555.78285714286,58330.1793325107,-585.479332510702,585.479332510702,342786.048797177,0.22908023303874,58523.7779853149,-779.0779853149,779.0779853149,606962.507202323,0.304829490164841,193.598652804198,264176.458405146,0.0757492571261018,median
2012Q3,2012Q4,1,SARIMA,SARIMA-W60,57744.7,2607.42394366197,58167.6679505363,-422.967950536302,422.967950536302,178901.88718088,0.162216793154959,58405.2112402991,-660.511240299064,660.511240299064,436275.098561407,0.253319465714277,237.543289762762,257373.211380528,0.0911026725593178,median
2012Q3,2013Q1,2,SARIMA,SARIMA-W60,55451,2607.42394366197,57205.0634152131,-1754.0634152131,1754.0634152131,3076738.46458905,0.672718918408652,57356.5717751036,-1905.57177510361,1905.57177510361,3631203.79007154,0.730825449285149,151.508359890511,554465.325482484,0.0581065308764968,median
2012Q4,2013Q1,1,SARIMA,SARIMA-W60,55451,2673.01111111111,56892.39581159,-1441.39581159,1441.39581159,2077621.8856692,0.539240486355796,56912.3033825677,-1461.30338256769,1461.30338256769,2135407.57590377,0.546688106343209,19.907570977688,57785.6902345719,0.00744761998741295,median
2012Q4,2013Q2,2,SARIMA,SARIMA-W60,55313.3,2673.01111111111,56527.2587913474,-1213.9587913474,1213.9587913474,1473695.94708963,0.454154038605092,56458.4137143879,-1145.11371438789,1145.11371438789,1311285.41887922,0.428398411674349,-68.8450769595074,-162410.528210404,-0.0257556269307426,median
2013Q1,2013Q2,1,SARIMA,SARIMA-W60,55313.3,2720.39726027397,55443.6741713187,-130.374171318697,130.374171318697,16997.424547037,0.0479246811568864,55463.4846500849,-150.184650084891,150.184650084891,22555.4291211213,0.0552068818323124,19.8104787661941,5558.00457408425,0.007282200675426,median
2013Q1,2013Q3,2,SARIMA,SARIMA-W60,58052.7,2720.39726027397,58028.1372508014,24.5627491985942,24.5627491985942,603.328648193042,0.00902910378468788,58012.5743798153,40.1256201846991,40.1256201846991,1610.06539520673,0.0147499119965508,15.5628709861048,1006.73674701369,0.00572080821186296,median
2013Q2,2013Q3,1,SARIMA,SARIMA-W60,58052.7,2770.26351351351,57926.2401480962,126.459851903797,126.459851903797,15992.0941435303,0.0456490334897451,57906.1740567375,146.525943262539,146.525943262539,21469.8520489768,0.0528924207201866,20.0660913587417,5477.75790544644,0.00724338723044148,median
2013Q2,2013Q4,2,SARIMA,SARIMA-W60,65563,2770.26351351351,65493.037709078,69.9622909219979,69.9622909219979,4894.72215105427,0.025254742222434,65674.1263848368,-111.126384836825,111.126384836825,12349.0734069022,0.0401140123655184,41.1640939148274,7454.35125584793,0.0148592701430844,median
2013Q3,2013Q4,1,SARIMA,SARIMA-W60,65563,2824.69066666667,65611.3559212141,-48.3559212140972,48.3559212140972,2338.29511646397,0.0171190147596446,65804.7188110119,-241.718811011946,241.718811011946,58427.9835970288,0.0855735510668114,193.362889797849,56089.6884805649,0.0684545363071668,median
2013Q3,2014Q1,2,SARIMA,SARIMA-W60,62081.2,2824.69066666667,63949.6276572173,-1868.4276572173,1868.4276572173,3491021.91025454,0.661462750334421,64158.9877250509,-2077.78772505093,2077.78772505093,4317201.8303723,0.735580624657517,209.360067833622,826179.920117761,0.074117874323096,median
2013Q4,2014Q1,1,SARIMA,SARIMA-W60,62081.2,2890.39605263158,63914.3889324858,-1833.18893248581,1833.18893248581,3360581.66218845,0.6342345128851,64008.2028487588,-1927.00284875884,1927.00284875884,3713339.97912469,0.666691627607362,93.8139162730367,352758.316936246,0.0324571147222621,median
2013Q4,2014Q2,2,SARIMA,SARIMA-W60,62117.5,2890.39605263158,63616.3037961154,-1498.8037961154,1498.8037961154,2246412.81924992,0.51854616766128,63628.4245975466,-1510.92459754661,1510.92459754661,2282893.13947139,0.522739641915501,12.1208014312142,36480.3202214641,0.00419347425422156,median
2014Q1,2014Q2,1,SARIMA,SARIMA-W60,62117.5,2938.96493506493,62242.0209222194,-124.520922219403,124.520922219403,15505.4600703705,0.042368971719852,62321.196551881,-203.696551880974,203.696551880974,41492.2852481983,0.0693089425636423,79.1756296615713,25986.8251778278,0.0269399708437903,median
2014Q1,2014Q3,2,SARIMA,SARIMA-W60,64952.1,2938.96493506493,65119.3684327147,-167.2684327147,167.2684327147,27978.7285828321,0.0569140620628073,65134.7280030213,-182.628003021302,182.628003021302,33352.9874875487,0.0621402456498744,15.3595703066021,5374.25890471661,0.00522618358706711,median
2014Q2,2014Q3,1,SARIMA,SARIMA-W60,64952.1,2988.51923076923,65022.9783169322,-70.8783169322051,70.8783169322051,5023.73581114211,0.0237168682745807,64988.9641822746,-36.8641822746358,36.8641822746358,1358.96793477757,0.0123352668756785,-34.0141346575692,-3664.76787636453,-0.0113816013989022,median
2014Q2,2014Q4,2,SARIMA,SARIMA-W60,73243.3,2988.51923076923,73381.3527966272,-138.052796627191,138.052796627191,19058.5746565886,0.0461943812192425,73536.2631229896,-292.96312298956,292.96312298956,85827.3914317963,0.0980295257842972,154.910326362369,66768.8167752077,0.0518351445650547,median
2014Q3,2014Q4,1,SARIMA,SARIMA-W60,73243.3,3038.02405063291,73325.8746589784,-82.5746589783957,82.5746589783957,6818.57430539835,0.0271803835658223,73505.0349804662,-261.734980466208,261.734980466208,68505.1999996463,0.0861530310833718,179.160321487812,61686.625694248,0.0589726475175494,median
2014Q3,2015Q1,2,SARIMA,SARIMA-W60,70715.3,3038.02405063291,70658.1377939762,57.1622060238005,57.1622060238005,3267.51779750742,0.0188155870628779,70952.4864913798,-237.186491379834,237.186491379834,56257.4316930763,0.0780726180658187,180.024285356034,52989.9138955689,0.0592570310029407,median
2014Q4,2015Q1,1,SARIMA,SARIMA-W60,70715.3,3096.0525,70596.3370871998,118.962912800198,118.962912800198,14152.1746219075,0.0384240618659399,70787.3462546709,-72.0462546708586,72.0462546708586,5190.66281209822,0.0232703594886904,-46.9166581293393,-8961.51180980929,-0.0151537023772495,median
2014Q4,2015Q2,2,SARIMA,SARIMA-W60,70861.8,3096.0525,70421.2421098722,440.557890127806,440.557890127806,194091.254553864,0.14229664714271,70530.3014786957,331.498521304282,331.498521304282,109891.269626925,0.107071350148062,-109.059368823524,-84199.9849269384,-0.0352252969946485,median
2015Q1,2015Q2,1,SARIMA,SARIMA-W60,70861.8,3164.42345679012,70509.913402593,351.886597407007,351.886597407007,123824.177434681,0.111200856083891,70477.4924426516,384.307557348395,384.307557348395,147692.29863509,0.121446311657108,32.420959941388,23868.1212004089,0.0102454555732167,median
2015Q1,2015Q3,2,SARIMA,SARIMA-W60,74502.8,3164.42345679012,73800.5121380071,702.287861992896,702.287861992896,493208.241102553,0.221932327194058,73776.5978481973,726.202151802703,726.202151802703,527369.565282876,0.229489561595949,23.9142898098071,34161.3241803233,0.00755723440189163,median
2015Q2,2015Q3,1,SARIMA,SARIMA-W60,74502.8,3232.47073170732,74078.6537209441,424.146279055902,424.146279055902,179900.066036967,0.131214267431859,74052.7447849939,450.055215006127,450.055215006127,202549.696554211,0.139229478736353,25.908935950225,22649.6305172441,0.00801521130449354,median
2015Q2,2015Q4,2,SARIMA,SARIMA-W60,84850.9,3232.47073170732,83471.386621809,1379.513378191,1379.513378191,1903057.16060794,0.426767476858907,83631.7367705281,1219.1632294719,1219.1632294719,1486358.98009636,0.377161413253684,-160.350148719095,-416698.18051158,-0.049606063605223,median
2015Q3,2015Q4,1,SARIMA,SARIMA-W60,84850.9,3308.59397590361,83834.9284514364,1015.9715485636,1015.9715485636,1032198.18749071,0.307070482495854,83985.5778032996,865.322196700348,865.322196700348,748782.504102316,0.261537741712179,-150.649351863249,-283415.683388397,-0.0455327407836753,median
2015Q3,2016Q1,2,SARIMA,SARIMA-W60,78024.4,3308.59397590361,80911.9434929455,-2887.54349294551,2887.54349294551,8337907.42365194,0.872740358585973,81169.7058962428,-3145.30589624285,3145.30589624285,9892949.18094002,0.950647289800446,257.76240329734,1555041.75728808,0.0779069312144722,median
2015Q4,2016Q1,1,SARIMA,SARIMA-W60,78024.4,3407.39166666667,81656.5242594657,-3632.12425946571,3632.12425946571,13192326.6361993,1.06595443517618,81758.6665225452,-3734.26652254518,3734.26652254518,13944746.4614017,1.09593110738522,102.14226307947,752419.825202335,0.0299766722090364,median
2015Q4,2016Q2,2,SARIMA,SARIMA-W60,78113.9,3407.39166666667,81653.6698332778,-3539.76983327781,3539.76983327781,12529970.4725836,1.0388502935856,81683.5481247455,-3569.64812474551,3569.64812474551,12742387.7344991,1.04761896311074,29.8782914676995,212417.261915516,0.00876866952513522,median
2016Q1,2016Q2,1,SARIMA,SARIMA-W60,78113.9,3453.29411764706,78927.2048777621,-813.304877762101,813.304877762101,661464.824191625,0.235515669981871,79154.6687061893,-1040.76870618931,1040.76870618931,1083199.49978297,0.301384321963994,227.463828427208,421734.675591341,0.0658686519821233,median
2016Q1,2016Q3,2,SARIMA,SARIMA-W60,82343.5,3453.29411764706,82459.2990356615,-115.799035661505,115.799035661505,13409.4166601344,0.0335329200804957,82510.8187432723,-167.318743272306,167.318743272306,27995.5618502239,0.0484519237493477,51.5197076108016,14586.1451900895,0.014919003668852,median
2016Q2,2016Q3,1,SARIMA,SARIMA-W60,82343.5,3497.46627906977,81824.1199934849,519.380006515101,519.380006515101,269755.591167626,0.148501791031776,81783.8327832557,559.667216744347,559.667216744347,313227.393498363,0.160020761341894,40.2872102292458,43471.8023307373,0.0115189703101186,median
2016Q2,2016Q4,2,SARIMA,SARIMA-W60,93834.2,3497.46627906977,92461.4126672039,1372.7873327961,1372.7873327961,1884545.06108543,0.392509097517653,92544.1749805219,1290.0250194781,1290.0250194781,1664164.55087946,0.368845591792584,-82.7623133180023,-220380.510205964,-0.0236635057250687,median
2016Q3,2016Q4,1,SARIMA,SARIMA-W60,93834.2,3547.38850574713,92955.7644742214,878.435525778594,878.435525778594,771648.972949914,0.247628790687978,93242.270955556,591.929044443968,591.929044443968,350379.99365635,0.166863325932579,-286.506481334625,-421268.979293565,-0.0807654647553984,median
2016Q3,2017Q1,2,SARIMA,SARIMA-W60,85823.4,3547.38850574713,88016.4755667497,-2193.0755667497,2193.0755667497,4809580.44147452,0.618222549685972,88724.6518229113,-2901.25182291133,2901.25182291133,8417262.13994634,0.817855675579658,708.176256161634,3607681.69847182,0.199633125893687,median
2016Q4,2017Q1,1,SARIMA,SARIMA-W60,85823.4,3609.16022727273,88650.9807349889,-2827.58073498891,2827.58073498891,7995212.81288041,0.783445609763237,89170.1438392955,-3346.74383929554,3346.74383929554,11200694.3258626,0.927291566056216,519.16310430663,3205481.51298222,0.143845956292979,median
2016Q4,2017Q2,2,SARIMA,SARIMA-W60,86545.3,3609.16022727273,88658.456611896,-2113.156611896,2113.156611896,4465430.8663998,0.585498143287702,89055.0383018814,-2509.7383018814,2509.7383018814,6298786.34393053,0.695380128295908,396.581689985396,1833355.47753073,0.109881985008206,median
2017Q1,2017Q2,1,SARIMA,SARIMA-W60,86545.3,3656.23707865169,86516.7368244593,28.5631755407085,28.5631755407085,815.854996969327,0.0078121781838178,87257.1124518533,-711.812451853286,711.812451853286,506676.966613386,0.194684435538786,683.249276312577,505861.111616417,0.186872257354969,median
2017Q1,2017Q3,2,SARIMA,SARIMA-W60,90809.7,3656.23707865169,90834.9682940867,-25.2682940867089,25.2682940867089,638.486686052409,0.00691101084069393,91592.6182226652,-782.918222665205,782.918222665205,612960.943381243,0.214132236456045,757.649928578496,612322.456695191,0.207221225615352,median
2017Q2,2017Q3,1,SARIMA,SARIMA-W60,90809.7,3709.29444444444,90858.8975803845,-49.197580384498,49.197580384498,2420.40191568914,0.0132633257136497,91208.944814007,-399.244814006976,399.244814006976,159396.421511464,0.107633626822195,350.047233622478,156976.019595775,0.0943703011085457,median
2017Q2,2017Q4,2,SARIMA,SARIMA-W60,103083.2,3709.29444444444,102869.011614683,214.188385317,214.188385317,45876.6644047038,0.05774369992056,103375.082109183,-291.882109183498,291.882109183498,85195.1656614074,0.0786893878485871,77.6937238664977,39318.5012567037,0.0209456879280271,median
2017Q3,2017Q4,1,SARIMA,SARIMA-W60,103083.2,3761.56813186813,102829.39950664,253.800493360002,253.800493360002,64414.6904297806,0.0674719915903679,103124.812083765,-41.6120837646449,41.6120837646449,1731.56551523583,0.0110624298978147,-212.188409595357,-62683.1249145447,-0.0564095616925532,median
2017Q3,2018Q1,2,SARIMA,SARIMA-W60,90275.4,3761.56813186813,95999.2507217828,-5723.8507217828,5723.8507217828,32762467.0852535,1.5216661033706,96947.0048907736,-6671.60489077357,6671.60489077357,44510311.8185938,1.77362330200841,947.754168990767,11747844.7333403,0.251957198637813,median
2017Q4,2018Q1,1,SARIMA,SARIMA-W60,90275.4,3821.21413043478,96177.4574541181,-5902.05745411811,5902.05745411811,34834282.1917112,1.54455030591195,96963.8595445835,-6688.45954458349,6688.45954458349,44735491.0795299,1.75034931733137,786.402090465373,9901208.88781875,0.205799011419414,median
2017Q4,2018Q2,2,SARIMA,SARIMA-W60,89742.5,3821.21413043478,96522.3137672698,-6779.81376726981,6779.81376726981,45965874.7188612,1.77425643678817,97154.4378352849,-7411.93783528495,7411.93783528495,54936822.4741285,1.93968136364073,632.124068015139,8970947.75526728,0.165424926852559,median
2018Q1,2018Q2,1,SARIMA,SARIMA-W60,89742.5,3827.99677419355,92076.0307783336,-2333.5307783336,2333.5307783336,5445365.89343023,0.609595805844223,93520.3480762104,-3777.8480762104,3777.8480762104,14272136.0869266,0.986899493144501,1444.3172978768,8826770.1934964,0.377303687300278,median
2018Q1,2018Q3,2,SARIMA,SARIMA-W60,94281.4,3827.99677419355,96588.2343674096,-2306.83436740961,2306.83436740961,5321484.7986621,0.602621815922401,98106.5394591378,-3825.13945913778,3825.13945913778,14631691.8818528,0.999253574330303,1518.30509172817,9310207.08319074,0.396631758407902,median
2018Q2,2018Q3,1,SARIMA,SARIMA-W60,94281.4,3821.28617021277,94721.5038402254,-440.103840225405,440.103840225405,193691.390181149,0.115171651800394,95803.4124292002,-1522.01242920024,1522.01242920024,2316521.83464003,0.398298468474947,1081.90858897484,2122830.44445888,0.283126816674554,median
2018Q2,2018Q4,2,SARIMA,SARIMA-W60,106687.6,3821.28617021277,107191.248303688,-503.648303687994,503.648303687994,253661.613807794,0.131800729192693,108409.002204675,-1721.40220467541,1721.40220467541,2963225.55026136,0.450477176531263,1217.75390098742,2709563.93645357,0.31867644733857,median
2018Q3,2018Q4,1,SARIMA,SARIMA-W60,106687.6,3817.60631578947,106814.043300787,-126.443300786996,126.443300786996,15987.9083139107,0.0331210948242702,107387.569366668,-699.969366668112,699.969366668112,489957.114273758,0.183352946523864,573.526065881117,473969.205959848,0.150231851699594,median
2018Q3,2019Q1,2,SARIMA,SARIMA-W60,97789.7,3817.60631578947,96950.9681140865,838.731885913498,838.731885913498,703471.176448012,0.219700989712987,98277.0881894559,-487.388189455887,487.388189455887,237547.247221088,0.127668530785919,-351.34369645761,-465923.929226924,-0.0920324589270682,median
2018Q4,2019Q1,1,SARIMA,SARIMA-W60,97789.7,3815.38541666667,96867.1163574408,922.583642559199,922.583642559199,851160.577517799,0.241806145855959,97806.7225406364,-17.0225406363606,17.0225406363606,289.766889716549,0.00446155205238282,-905.561101922838,-850870.810628083,-0.237344593803576,median
2018Q4,2019Q2,2,SARIMA,SARIMA-W60,97420,3815.38541666667,96821.6002033362,598.399796663798,598.399796663798,358082.316647275,0.156838623445438,97775.4581031974,-355.458103197408,355.458103197408,126350.463128699,0.0931644026432213,-242.94169346639,-231731.853518575,-0.0636742208022163,median
2019Q1,2019Q2,1,SARIMA,SARIMA-W60,97420,3853.51855670103,97536.41584099,-116.415840989997,116.415840989997,13552.6480334084,0.030210271282477,97770.856437087,-350.856437087044,350.856437087044,123100.239445415,0.0910483320436921,234.440596097047,109547.591412007,0.0608380607612151,median
2019Q1,2019Q3,2,SARIMA,SARIMA-W60,101464.5,3853.51855670103,102324.016809358,-859.516809358,859.516809358,738769.145568956,0.223047273994141,102554.69028588,-1090.19028587958,1090.19028587958,1188514.8594262,0.282907755558568,230.673476521581,449745.713857245,0.0598604815644273,median
2019Q2,2019Q3,1,SARIMA,SARIMA-W60,101464.5,3892.5387755102,102231.284715341,-766.784715340997,766.784715340997,587958.799680573,0.196988330640455,102341.471666893,-876.971666893354,876.971666893354,769079.304533708,0.225295550659841,110.186951552358,181120.504853135,0.0283072200193858,median
2019Q2,2019Q4,2,SARIMA,SARIMA-W60,114974.8,3892.5387755102,115514.70656566,-539.90656566,539.90656566,291499.099642775,0.138702938312858,115629.876483632,-655.076483632292,655.076483632292,429125.199408049,0.168290291095798,115.169917972293,137626.099765274,0.0295873527829398,median
2019Q3,2019Q4,1,SARIMA,SARIMA-W60,114974.8,3925.77676767677,114859.733008703,115.066991297004,115.066991297004,13240.4124861449,0.0293106302539713,114984.032199657,-9.23219965747558,9.23219965747558,85.2335105154921,0.00235168737394589,-105.834791639529,-13155.1789756294,-0.0269589428800254,median
2019Q3,2020Q1,2,SARIMA,SARIMA-W60,78579.7,3925.77676767677,104854.277547916,-26274.577547916,26274.577547916,690353425.321452,6.69283535534931,105116.809119037,-26537.1091190367,26537.1091190367,704218160.395662,6.75970914534223,262.531571120722,13864735.0742104,0.0668737899929255,median
2019Q4,2020Q1,1,SARIMA,SARIMA-W60,78579.7,3969.391,104932.951265083,-26353.251265083,26353.251265083,694493852.240599,6.63911699932886,104611.157774478,-26031.4577744777,26031.4577744777,677636793.864416,6.55804826848192,-321.793490605283,-16857058.3761824,-0.081068730846944,median
2019Q4,2020Q2,2,SARIMA,SARIMA-W60,93676.5,3969.391,104734.506735054,-11058.006735054,11058.006735054,122279512.9525,2.785819470809,104332.473496445,-10655.9734964447,10655.9734964447,113549771.156932,2.68453611560179,-402.033238609307,-8729741.79556789,-0.101283355207211,median
2020Q1,2020Q2,1,SARIMA,SARIMA-W60,93676.5,4120.28811881188,84635.8893599771,9040.6106400229,9040.6106400229,81732640.7444953,2.1941695287634,85515.9231899166,8160.57681008338,8160.57681008338,66595013.8732707,1.98058402101175,-880.033829939523,-15137626.8712247,-0.213585507751649,median
2020Q1,2020Q3,2,SARIMA,SARIMA-W60,101067.8,4120.28811881188,86607.319856342,14460.480143658,14460.480143658,209105485.985127,3.50957984652486,86848.278421869,14219.521578131,14219.521578131,202194793.910933,3.45109884748335,-240.958565526991,-6910692.07419392,-0.058480999041512,median
2020Q2,2020Q3,1,SARIMA,SARIMA-W60,101067.8,4116.59411764706,91049.6380737101,10018.1619262899,10018.1619262899,100363568.381365,2.43360448953273,87136.8804243257,13930.9195756743,13930.9195756743,194070520.223905,3.38408868534186,3912.75764938437,93706951.8425399,0.950484195809131,median
2020Q2,2020Q4,2,SARIMA,SARIMA-W60,118656.6,4116.59411764706,105682.45552786,12974.14447214,12974.14447214,168328424.783961,3.15166958445631,105394.246756044,13262.3532439559,13262.3532439559,175890013.567467,3.22168104625683,288.208771815887,7561588.78350633,0.0700114618005188,median
2020Q3,2020Q4,1,SARIMA,SARIMA-W60,118656.6,4080.4786407767,111392.879389591,7263.720610409,7263.720610409,52761637.1060805,1.78011484677846,112769.604076447,5886.99592355276,5886.99592355276,34656721.0039269,1.44272190637719,-1376.72468685624,-18104916.1021536,-0.337392940401272,median
2020Q3,2021Q1,2,SARIMA,SARIMA-W60,105220.8,4080.4786407767,87914.1887274983,17306.6112725017,17306.6112725017,299518793.737483,4.24131892262704,104651.247455792,569.552544208316,569.552544208316,324390.100614166,0.139579837158492,-16737.0587282934,-299194403.636869,-4.10173908546855,median
2020Q4,2021Q1,1,SARIMA,SARIMA-W60,105220.8,4076.64519230769,91641.3706885177,13579.4293114823,13579.4293114823,184400900.425545,3.33103046031713,87846.8756766615,17373.9243233385,17373.9243233385,301853246.393094,4.26181909480908,3794.49501185623,117452345.967549,0.930788634491945,median
2020Q4,2021Q2,2,SARIMA,SARIMA-W60,106683.5,4076.64519230769,99974.6050754465,6708.8949245535,6708.8949245535,45009271.1086998,1.64569017122527,97782.8252097735,8900.67479022648,8900.67479022648,79222011.7213731,2.18333319932315,2191.77986567297,34212740.6126734,0.53764302809788,median
2021Q1,2021Q2,1,SARIMA,SARIMA-W60,106683.5,4291.54476190476,108925.633465149,-2242.133465149,2242.133465149,5027162.47554108,0.522453705959682,108352.803041888,-1669.30304188751,1669.30304188751,2786572.6456549,0.388974864413766,-572.83042326149,-2240589.82988617,-0.133478841545916,median
2021Q1,2021Q3,2,SARIMA,SARIMA-W60,106152.9,4291.54476190476,115121.487998544,-8968.58799854401,8968.58799854401,80435570.6876277,2.08982743886455,114432.011579864,-8279.1115798637,8279.1115798637,68543688.5518333,1.92916817584098,-689.476418680308,-11891882.1357944,-0.160659263023576,median
2021Q2,2021Q3,1,SARIMA,SARIMA-W60,106152.9,4373.76603773585,113462.796708346,-7309.896708346,7309.896708346,53434589.8866877,1.67130492241192,113245.543902604,-7092.64390260409,7092.64390260409,50305597.529147,1.62163312838647,-217.252805741911,-3128992.35754073,-0.049671794025447,median
2021Q2,2021Q4,2,SARIMA,SARIMA-W60,122766,4373.76603773585,129699.806277636,-6933.806277636,6933.806277636,48077669.4957844,1.58531714266669,129210.92049149,-6444.92049149002,6444.92049149002,41537000.1416279,1.47354029362447,-488.885786145984,-6540669.35415649,-0.111776849042219,median
2021Q3,2021Q4,1,SARIMA,SARIMA-W60,122766,4380.41401869159,123972.241951501,-1206.241951501,1206.241951501,1455019.64556093,0.275371676365262,124117.09350708,-1351.09350707964,1351.09350707964,1825453.66487276,0.308439682028779,144.851555578643,370434.019311829,0.0330680056635171,median
2021Q3,2022Q1,2,SARIMA,SARIMA-W60,108659.1,4380.41401869159,105355.71545694,3303.38454306,3303.38454306,10912349.4393278,0.754126100629801,105683.283184825,2975.81681517545,2975.81681517545,8855485.71748096,0.679346016718373,-327.567727884554,-2056863.72184679,-0.0747800839114284,median
2021Q4,2022Q1,1,SARIMA,SARIMA-W60,108659.1,4377.90462962963,104677.078476848,3982.02152315201,3982.02152315201,15856495.4108459,0.909572469030439,104998.219406755,3660.88059324479,3660.88059324479,13402046.7179963,0.836217529378774,-321.140929907226,-2454448.69284957,-0.0733549396516648,median
2021Q4,2022Q2,2,SARIMA,SARIMA-W60,101772.6,4377.90462962963,109355.744512402,-7583.144512402,7583.144512402,57504080.6959725,1.73214017982012,109650.225590929,-7877.6255909294,7877.6255909294,62056984.9508657,1.79940548216004,294.481078527402,4552904.25489324,0.0672653023399268,median
2022Q1,2022Q2,1,SARIMA,SARIMA-W60,101772.6,4369.28440366972,112109.586815866,-10336.986815866,10336.986815866,106853296.431387,2.36583061683603,111949.744579546,-10177.1445795461,10177.1445795461,103574271.792985,2.32924745548686,-159.842236319862,-3279024.63840216,-0.0365831613491703,median
2022Q1,2022Q3,2,SARIMA,SARIMA-W60,109872.9,4369.28440366972,115915.63670957,-6042.73670957,6042.73670957,36514666.9411849,1.38300374873624,115645.991360007,-5773.09136000741,5773.09136000741,33328583.8509922,1.32128990165041,-269.64534956259,-3186083.09019267,-0.0617138470858334,median
2022Q2,2022Q3,1,SARIMA,SARIMA-W60,109872.9,4374.20818181818,108691.089553152,1181.810446848,1181.810446848,1396675.93227907,0.270177000665014,109291.348447396,581.55155260436,581.55155260436,338202.208336542,0.132950131413872,-600.258894243641,-1058473.72394253,-0.137226869251143,median
2022Q2,2022Q4,2,SARIMA,SARIMA-W60,119427.9,4374.20818181818,124403.906455777,-4976.00645577701,4976.00645577701,24760640.2479345,1.13757879116505,124802.097892672,-5374.19789267177,5374.19789267177,28882002.9895977,1.22861045228943,398.191436894762,4121362.74166323,0.0910316611243798,median
2022Q3,2022Q4,1,SARIMA,SARIMA-W60,119427.9,4368.31441441441,125369.253615392,-5941.353615392,5941.353615392,35299682.7831316,1.36010210157651,125189.370722829,-5761.47072282892,5761.47072282892,33194544.8900148,1.31892308479843,-179.882892563081,-2105137.8931168,-0.0411790167780757,median
2022Q3,2023Q1,2,SARIMA,SARIMA-W60,114922.4,4368.31441441441,108425.689322121,6496.71067787899,6496.71067787899,42207249.6320669,1.487235135008,108602.08072926,6320.31927073991,6320.31927073991,39946435.6840863,1.44685539344062,-176.391407139075,-2260813.94798056,-0.040379741567371,median
2022Q4,2023Q1,1,SARIMA,SARIMA-W60,114922.4,4359.11607142857,105010.96652943,9911.43347056999,9911.43347056999,98236513.441535,2.27372552328523,105661.415484947,9260.98451505297,9260.98451505297,85765834.1880509,2.1245097316296,-650.448955517015,-12470679.2534841,-0.149215791655635,median
2022Q4,2023Q2,2,SARIMA,SARIMA-W60,112665.2,4359.11607142857,105572.184847358,7093.01515264199,7093.01515264199,50310863.9556089,1.62716822319381,106189.841650608,6475.35834939197,6475.35834939197,41930265.7530403,1.48547509249275,-617.656803250022,-8380598.2025686,-0.14169313070106,median
2023Q1,2023Q2,1,SARIMA,SARIMA-W60,112665.2,4375.96725663717,112019.673338152,645.526661847995,645.526661847995,416704.671156615,0.147516337300948,111464.237249405,1200.96275059454,1200.96275059454,1442311.5283156,0.274445095258197,555.436088746545,1025606.85715899,0.126928757957249,median
2023Q1,2023Q3,2,SARIMA,SARIMA-W60,114519.4,4375.96725663717,117469.957565124,-2950.55756512401,2950.55756512401,8705789.94511051,0.674264086562531,116730.794119822,-2211.39411982185,2211.39411982185,4890263.95318267,0.505349786716928,-739.163445302154,-3815525.99192784,-0.168914299845604,median
2023Q2,2023Q3,1,SARIMA,SARIMA-W60,114519.4,4433.13070175439,117918.493693203,-3399.093693203,3399.093693203,11553837.9351724,0.766747908393007,117476.640549548,-2957.24054954763,2957.24054954763,8745271.66788875,0.66707723017896,-441.853143655375,-2808566.26728367,-0.0996706782140472,median
2023Q2,2023Q4,2,SARIMA,SARIMA-W60,129388.2,4433.13070175439,132389.240148366,-3001.040148366,3001.040148366,9006241.97210459,0.676957290516688,131402.670133033,-2014.4701330333,2014.4701330333,4058089.91688322,0.454412528878539,-986.570015332691,-4948152.05522137,-0.222544761638149,median
2023Q3,2023Q4,1,SARIMA,SARIMA-W60,129388.2,4434.98608695652,129891.166827515,-502.966827515003,502.966827515003,252975.629580507,0.113408885090812,129448.410281671,-60.2102816705592,60.2102816705592,3625.27801884808,0.0135762053115883,-442.756545844444,-249350.351561659,-0.0998326797792241,median
2023Q3,2024Q1,2,SARIMA,SARIMA-W60,120326.8,4434.98608695652,116719.396843806,3607.40315619401,3607.40315619401,13013357.5313185,0.813396724468546,116781.601981681,3545.19801831858,3545.19801831858,12568428.98909,0.799370719278051,-62.2051378754259,-444928.54222849,-0.0140260051904951,median
2023Q4,2024Q1,1,SARIMA,SARIMA-W60,120326.8,4482.61810344828,116430.758494343,3896.04150565701,3896.04150565701,15179139.4138021,0.869144195589616,116840.38552067,3486.41447932953,3486.41447932953,12155085.9216786,0.777762994498144,-409.627026327478,-3024053.49212353,-0.0913812010914716,median
2023Q4,2024Q2,2,SARIMA,SARIMA-W60,115642.2,4482.61810344828,116091.472402687,-449.272402686998,449.272402686998,201845.691816148,0.10022544689707,116381.890100621,-739.69010062085,739.69010062085,547141.444956483,0.165012964198721,290.417697933852,345295.753140335,0.0647875173016515,median
2024Q1,2024Q2,1,SARIMA,SARIMA-W60,115642.2,4490.49658119658,118534.335798889,-2892.13579888901,2892.13579888901,8364449.47921536,0.644057009418398,118262.224975165,-2620.02497516529,2620.02497516529,6864530.87048987,0.583459964347001,-272.11082372372,-1499918.60872549,-0.0605970450713964,median
2024Q1,2024Q3,2,SARIMA,SARIMA-W60,117595,4490.49658119658,122898.573855966,-5303.57385596599,5303.57385596599,28127895.645686,1.18106622732418,122386.145986883,-4791.14598688284,4791.14598688284,22955079.8676235,1.06695237380765,-512.427869083156,-5172815.77806248,-0.114113853516532,median
2024Q2,2024Q3,1,SARIMA,SARIMA-W60,117595,4477.67033898305,120952.07980021,-3357.07980021001,3357.07980021001,11269984.7849781,0.749738043683772,120853.666030109,-3258.66603010942,3258.66603010942,10618904.2957891,0.727759255016866,-98.413770100582,-651080.489188941,-0.0219787886669061,median
2024Q2,2024Q4,2,SARIMA,SARIMA-W60,134330.8,4477.67033898305,135780.061077909,-1449.261077909,1449.261077909,2100357.67194196,0.323664086051979,134977.831653462,-647.031653462065,647.031653462065,418649.960581854,0.144501851292835,-802.229424446938,-1681707.71136011,-0.179162234759144,median
2024Q3,2024Q4,1,SARIMA,SARIMA-W60,134330.8,4465.88823529412,133323.336083858,1007.46391614198,1007.46391614198,1014983.54232813,0.225590938031083,132974.737293972,1356.06270602762,1356.06270602762,1838906.06267894,0.303649046859389,348.59878988564,823922.520350815,0.078058108828306,median
2024Q3,2025Q1,2,SARIMA,SARIMA-W60,124671.1,4465.88823529412,121570.737139911,3100.36286008901,3100.36286008901,9612249.86421929,0.694232075847017,122033.631337888,2637.46866211217,2637.46866211217,6956240.94362374,0.590580982584412,-462.894197976842,-2656008.92059556,-0.103651093262605,median
2024Q4,2025Q1,1,SARIMA,SARIMA-W60,124671.1,4469.86083333333,122139.883360761,2531.21663923901,2531.21663923901,6407057.67476041,0.566285334962295,122369.90989991,2301.19010008975,2301.19010008975,5295475.87675107,0.514823656908726,-230.026539149258,-1111581.79800934,-0.051461678053569,median
2024Q4,2025Q2,2,SARIMA,SARIMA-W60,120787.3,4469.86083333333,120167.951637422,619.348362578006,619.348362578006,383592.394228058,0.138560994552516,120503.976036352,283.323963647563,283.323963647563,80272.4683769655,0.0633854104661863,-336.024398930444,-303319.925851092,-0.0751755840863302,median
2025Q1,2025Q2,1,SARIMA,SARIMA-W60,120787.3,4468.82314049587,121711.93230812,-924.632308119995,924.632308119995,854944.90521931,0.206907339818643,121580.273316232,-792.973316231597,792.973316231597,628806.680255336,0.177445669989886,-131.658991888398,-226138.224963974,-0.029461669828757,median
2025Q1,2025Q3,2,SARIMA,SARIMA-W60,120418.8,4468.82314049587,125227.994532223,-4809.194532223,4809.194532223,23128352.0487636,1.07616577810895,124968.402520066,-4549.60252006566,4549.60252006566,20698883.0905878,1.01807620866393,-259.592012157344,-2429468.95817583,-0.0580895694450192,median
2025Q2,2025Q3,1,SARIMA,SARIMA-W60,120418.8,4474.36639344262,124620.698325418,-4201.89832541799,4201.89832541799,17655949.5371505,0.939104658835284,124530.207371541,-4111.40737154144,4111.40737154144,16903670.5747653,0.918880353108071,-90.4909538765496,-752278.962385211,-0.0202243057272128,median
2025Q2,2025Q4,2,SARIMA,SARIMA-W60,135325.2,4474.36639344262,140478.252142113,-5153.05214211298,5153.05214211298,26553946.3793352,1.15168309632957,139713.979616056,-4388.77961605621,4388.77961605621,19261386.5183105,0.980871754822797,-764.272526056768,-7292559.86102466,-0.170811341506776,median
2025Q3,2025Q4,1,SARIMA,SARIMA-W60,135325.2,4460.94715447155,137409.365160654,-2084.165160654,2084.165160654,4343744.4168839,0.467202387404405,137348.940096556,-2023.74009655634,2023.74009655634,4095523.97840988,0.453657043331659,-60.4250640976534,-248220.438474022,-0.0135453440727458,median
2025Q3,2026Q1,2,SARIMA,SARIMA-W60,127694.9,4460.94715447155,126388.27151381,1306.62848618999,1306.62848618999,1707278.00092315,0.292903825341275,126870.514023008,824.385976992431,824.385976992431,679612.239061765,0.184800659690865,-482.24250919756,-1027665.76186138,-0.108103165650409,median
2025Q4,2026Q1,1,SARIMA,SARIMA-W60,127694.9,4432.99112903226,125173.385791375,2521.514208625,2521.514208625,6358033.90429775,0.568806509020796,125872.959061245,1821.94093875536,1821.94093875536,3319468.78431276,0.410995845857489,-699.573269869637,-3038565.11998498,-0.157810663163307,median
2025Q4,2026Q2,2,SARIMA,SARIMA-W60,121027.2,4432.99112903226,122415.863695,-1388.663695,1388.663695,1928386.85781104,0.313256592350354,123266.447571093,-2239.24757109272,2239.24757109272,5014229.68464467,0.505132427725287,850.583876092729,3085842.82683363,0.191875835374932,median
2026Q1,2026Q2,1,SARIMA,SARIMA-W60,121027.2,4421.7176,123959.034871549,-2931.834871549,2931.834871549,8595655.71403074,0.663053396161935,124094.11382104,-3066.91382103972,3066.91382103972,9405960.38568446,0.693602373213459,135.078949490722,810304.671653727,0.0305489770515246,median
